# Blender 5.2.1 LTS
# www.blender.org
mtllib VampireBat.mtl
o Frost_Bat_LP_Anim
v 4.208661 0.368582 0.321128
v 3.634189 0.322660 0.367401
v 2.996465 0.264270 0.783543
v 2.775125 0.275991 -1.103957
v 3.183580 0.297212 -0.523450
v 3.423664 0.322447 -0.163919
v 2.797027 0.270266 -1.125969
v 2.748282 0.272509 -1.085986
v 2.698115 0.269277 -1.092914
v 3.281083 0.298236 -0.593099
v 3.100019 0.287170 -0.465357
v 2.926786 0.269744 -0.364624
v 3.613224 0.332094 0.184064
v 2.935629 0.270092 -0.853054
v 3.569129 0.321125 -0.258990
v 4.117533 0.380561 -0.949489
v 4.185374 0.381237 -0.110838
v 3.043934 0.306040 -1.172431
v 2.065773 0.192878 0.561495
v 1.601767 0.164406 0.531549
v 1.283085 0.126916 0.624423
v 0.813299 0.050992 0.963006
v 2.058919 0.173878 0.306413
v 1.619545 0.148066 0.301343
v 1.304648 0.117569 0.401173
v 0.838512 0.060182 0.640696
v 2.048362 0.166496 -0.031933
v 1.605502 0.121858 0.016727
v 1.288264 0.097516 0.115598
v 0.833228 0.073167 0.314174
v 2.055403 0.165531 -0.387204
v 1.591464 0.107896 -0.267793
v 1.268813 0.083828 -0.165280
v 0.835031 0.054966 -0.019618
v 1.989338 0.169109 -0.871452
v 1.569001 0.112879 -0.579465
v 1.291046 0.114232 -0.422354
v 0.932757 0.069480 -0.374944
v 0.622909 -0.017157 -0.504475
v 0.526990 0.035682 -0.126429
v 0.494744 0.031533 0.206060
v 0.426601 0.028611 0.514871
v 0.446888 0.078283 0.921087
v 2.317875 0.221814 -0.832622
v 2.320200 0.222754 -0.394114
v 2.312855 0.232539 0.040916
v 2.328006 0.220227 0.438234
v 2.381639 0.218433 0.723249
v 3.303023 0.306310 -0.083786
v 3.030647 0.268088 0.068398
v 3.495808 0.346420 -1.083317
v 3.371500 0.306081 0.474972
v 3.002518 0.273064 -0.887037
v 2.882647 0.271774 -0.838034
v 2.804185 0.261130 -0.804875
v 3.803420 0.346744 0.078787
v 3.448047 0.316866 0.277170
v 3.100933 0.285132 0.484737
v 3.848861 0.369437 -1.027393
v 3.916187 0.341139 0.304606
v 2.285041 0.220195 -1.046160
v 0.626358 0.034778 -0.593404
v 0.943505 0.104803 -0.457502
v 1.284445 0.121883 -0.492752
v 1.559092 0.114969 -0.632167
v 1.967384 0.172792 -0.920257
v 2.265568 0.237107 -1.094462
v 0.641018 0.011453 -0.678681
v 0.957422 0.046312 -0.554344
v 1.271856 0.109656 -0.585898
v 1.522445 0.129426 -0.690451
v 1.951072 0.163710 -0.951386
v 2.253970 0.232991 -1.119319
v 0.640306 -0.057113 -0.724196
v 0.964262 -0.045868 -0.653732
v 1.265567 0.011392 -0.689216
v 1.506972 0.059763 -0.753627
v 1.938934 0.128937 -0.975241
v 2.247458 0.183285 -1.139789
v 4.450304 0.384700 -0.803814
v 4.719040 0.430849 -0.636012
v 4.924863 0.437373 -0.467699
v 5.040481 0.437141 -0.296910
v 5.107273 0.434423 -0.153009
v 4.262727 0.385290 -0.664219
v 4.626768 0.416971 -0.513264
v 4.844978 0.429581 -0.398874
v 4.987131 0.466147 -0.281769
v 5.075815 0.450945 -0.139231
v 4.262866 0.385156 -0.428257
v 4.587629 0.416312 -0.383386
v 4.791660 0.430445 -0.320590
v 4.946571 0.448201 -0.247700
v 5.048048 0.447302 -0.122356
v 4.296415 0.390170 -0.112615
v 4.564577 0.413416 -0.221796
v 4.753060 0.430009 -0.224829
v 4.910153 0.441590 -0.194308
v 5.022346 0.447737 -0.102144
v 4.306481 0.390507 -0.016507
v 4.557960 0.412762 -0.104811
v 4.738818 0.429263 -0.144599
v 4.894825 0.440154 -0.149913
v 5.004935 0.445331 -0.087857
v 4.363666 0.386389 0.167312
v 4.546266 0.411155 0.020810
v 4.720141 0.428897 -0.046800
v 4.891375 0.438248 -0.089838
v 4.988059 0.442887 -0.067959
v 5.099574 0.431710 -0.086960
v 5.083878 0.445073 -0.077359
v 5.068172 0.452300 -0.057555
v 5.048961 0.449244 -0.043850
v 5.033638 0.447277 -0.040731
v 5.014564 0.444906 -0.044322
v 3.058671 0.229218 -1.231779
v 3.505209 0.225269 -1.125691
v 4.208122 0.381765 -0.022331
v 3.862200 0.271582 -1.044837
v 4.093109 0.285156 -0.980125
v 4.467829 0.328968 -0.817986
v 4.598215 0.346638 -0.755412
v 4.738201 0.357188 -0.646877
v 4.939729 0.371383 -0.473599
v 5.051475 0.395829 -0.296403
v 5.111580 0.412981 -0.151279
v 3.021138 0.250681 -1.246162
v 3.507784 0.274469 -1.135585
v 4.278698 0.376189 0.248259
v 3.861545 0.297912 -1.060089
v 4.100917 0.303384 -1.001886
v 4.472172 0.341145 -0.831566
v 4.607423 0.362965 -0.771166
v 4.743549 0.370678 -0.653728
v 4.943977 0.386921 -0.475805
v 5.055359 0.406755 -0.296688
v 5.113295 0.420571 -0.152921
v 3.041922 0.285725 -1.228864
v 3.498734 0.316895 -1.133445
v 4.281840 0.351837 0.250040
v 3.854751 0.338725 -1.061650
v 4.112703 0.343864 -0.991790
v 4.471425 0.366538 -0.828676
v 4.598448 0.390054 -0.768479
v 4.738410 0.393176 -0.653317
v 4.939491 0.404322 -0.472468
v 5.049978 0.418582 -0.296308
v 5.110945 0.428282 -0.153229
v 4.442590 0.400233 0.099386
v 4.442960 0.401412 -0.597683
v 4.574915 0.410388 -0.745426
v 2.995452 0.249549 0.786285
v 3.640295 0.306907 0.378292
v 4.212581 0.342380 0.318199
v 4.413388 0.399569 -0.415139
v 4.414567 0.400288 -0.053975
v 4.418140 0.400805 -0.167544
v 2.078558 0.180374 0.614868
v 1.613777 0.146012 0.560537
v 1.299861 0.108449 0.648209
v 0.812759 0.036526 0.965023
v 2.386717 0.187747 0.761010
v 3.380126 0.292227 0.482047
v 3.915453 0.325008 0.324412
v 4.360767 0.364306 0.167669
v 4.548045 0.399177 0.022098
v 4.719469 0.413882 -0.052246
v 4.891428 0.412238 -0.088777
v 4.993761 0.412941 -0.060495
v 5.016750 0.416243 -0.038600
v 4.439445 0.381185 0.093364
v 2.301208 0.126174 -1.068200
v 1.987963 0.056768 -0.887808
v 1.511157 -0.114507 -0.594739
v 1.221757 -0.174158 -0.468980
v 0.842176 -0.199281 -0.431632
v 0.588885 -0.345138 -0.507188
v 2.285651 0.107226 -1.105482
v 1.983508 0.050029 -0.938457
v 1.539404 -0.039903 -0.700582
v 1.281239 -0.020431 -0.569575
v 0.935431 -0.182757 -0.555757
v 0.592363 -0.291055 -0.668641
v 2.253098 0.141193 -1.143544
v 1.939187 0.100551 -0.983460
v 1.502464 0.029711 -0.781056
v 1.268173 -0.024740 -0.718070
v 0.958607 -0.087214 -0.663588
v 0.627363 -0.161952 -0.772534
v 1.276468 0.101227 -0.318140
v 0.886115 0.054709 -0.263469
v 0.580505 -0.000340 -0.353085
v 2.020745 0.168794 -0.707601
v 1.578854 0.109898 -0.456925
v 1.292689 -0.018892 -0.635811
v 1.534009 0.026284 -0.726713
v 2.264845 0.118626 -1.133562
v 0.940216 -0.082673 -0.571715
v 1.958555 0.078693 -0.969110
v 0.610918 -0.232297 -0.730344
v 0.568073 0.037965 0.598052
v 0.592062 0.036099 0.982446
v 0.617187 0.061759 0.273270
v 0.761390 0.025905 -0.444271
v 0.647173 0.048265 -0.067160
v 0.790337 -0.052711 -0.671092
v 0.774567 0.031048 -0.515358
v 0.790206 0.032171 -0.610809
v 0.737939 -0.227538 -0.616907
v 0.770841 -0.127974 -0.694942
v 0.711204 -0.307693 -0.459548
v 0.712317 0.033325 -0.311138
v 0.755363 -0.177378 -0.654239
v 2.489982 0.253093 -0.837540
v 2.493934 0.246827 -0.374918
v 2.494992 0.232659 0.093109
v 2.515969 0.227926 0.548956
v 2.556787 0.229828 0.875263
v 2.435840 0.242423 -1.210168
v 2.443632 0.263893 -1.185060
v 2.426868 0.204083 -1.236478
v 2.469406 0.252786 -1.115828
v 2.561842 0.204206 0.914192
v 2.431475 0.159601 -1.238407
v 2.460641 0.121133 -1.192385
v 2.475212 0.142937 -1.153788
v 2.442389 0.131257 -1.225920
v 2.612259 0.212547 0.545569
v 2.555811 0.208677 -0.175162
v 2.587780 0.209868 0.233758
v 0.765446 0.026916 0.665772
v 1.252441 0.076758 0.467304
v 2.048673 0.141094 0.313242
v 4.075240 0.293885 -0.100278
v 0.735189 0.017073 0.473197
v 1.201767 0.060481 0.322482
v 2.004049 0.131274 0.124062
v 0.694213 0.036648 0.225667
v 1.138919 0.043508 0.137146
v 1.935230 0.102914 -0.103168
v 0.702453 0.016792 -0.019521
v 1.104442 0.032324 -0.054642
v 1.866230 0.084308 -0.352102
v 0.738516 0.009512 -0.364704
v 1.134334 -0.007614 -0.258136
v 1.937138 0.141802 -0.799367
v 1.437442 0.069107 0.047469
v 1.424236 0.054147 -0.409389
v 1.379686 0.056550 -0.146899
v 1.504317 0.089076 0.230942
v 2.475654 0.215343 -1.106829
v 1.559936 0.112005 0.375565
v 2.260275 0.184327 -0.496094
v 2.514997 0.216332 -0.578297
v 2.363566 0.208843 0.171425
v 2.285971 0.175158 -1.013345
v 2.399532 0.182522 0.430201
v 2.310886 0.190260 -0.156842
v 3.087239 0.251124 0.462307
v 3.426812 0.282904 0.254289
v 3.774172 0.312869 0.058414
v 2.814911 0.225254 -0.690672
v 2.889825 0.241948 -0.767335
v 2.961299 0.242091 -0.865199
v 3.027287 0.221351 0.126516
v 3.298548 0.272457 -0.049566
v 3.573660 0.292066 -0.226106
v 2.923915 0.239506 -0.810272
v 3.579789 0.299648 0.165241
v 2.923715 0.231722 -0.314780
v 3.087778 0.258176 -0.445106
v 3.263987 0.267129 -0.578701
v 3.420536 0.290900 -0.128728
v 3.170492 0.259745 -0.507825
v 2.671025 0.258927 -1.099123
v 2.794763 0.240354 0.933281
v 2.831996 0.266710 0.090666
v 2.725030 0.281917 -0.810128
v 2.849435 0.271497 0.597153
v 2.784203 0.294252 -0.366848
v 2.638298 0.272798 -1.245248
v 2.629830 0.259640 -1.306566
v 2.630864 0.224032 -1.321321
v 2.791359 0.216001 0.993834
v 2.846409 0.229599 0.593562
v 2.751416 0.194552 -0.656135
v 2.832683 0.220865 0.244337
v 2.802491 0.221139 -0.226680
v 2.677612 0.179162 -1.071998
v 2.556152 0.250310 -1.281608
v 2.568142 0.273549 -1.230540
v 2.550129 0.216863 -1.299172
v 2.603712 0.259758 -1.100047
v 2.648401 0.250593 -0.821270
v 2.690991 0.241032 -0.369643
v 2.712479 0.254700 0.096258
v 2.718293 0.247516 0.614871
v 2.672163 0.226059 0.987397
v 2.666471 0.211228 1.038142
v 2.553617 0.176490 -1.297146
v 2.581840 0.123387 -1.244967
v 2.595195 0.116816 -1.200009
v 2.565998 0.145008 -1.277248
v 2.693884 0.197330 -0.631812
v 2.737160 0.180458 0.265317
v 2.599188 0.189075 -1.106982
v 2.734191 0.201228 0.611278
v 2.726495 0.186654 -0.190553
v 3.388785 0.312580 -0.671975
v 4.034406 0.379076 -0.985129
v 4.128253 0.363470 0.338302
v 4.017414 0.287113 -0.998424
v 4.027943 0.337390 -1.014179
v 4.018816 0.303937 -1.014886
v 4.129286 0.332981 0.338009
v 3.999685 0.336380 -0.053532
v 3.012609 0.222650 -0.937147
v 3.790452 0.308545 -0.340427
v 3.387934 0.228739 -0.671465
v 2.780865 0.266424 -1.256881
v 4.095766 0.365581 -0.069805
v 3.093121 0.287429 -0.955164
v 3.782293 0.348752 -0.401537
v 3.424050 0.326653 -0.700181
v 2.829838 0.276684 -1.201613
v 3.732682 0.350214 -0.368897
v 3.058574 0.296299 -0.922579
v 4.009024 0.378186 -0.032291
v 2.800713 0.266267 -1.168578
v 0.764607 -0.079530 -0.402600
v 1.176486 -0.138886 -0.264729
v 1.482839 -0.076499 -0.439178
v 1.971426 0.089258 -0.849921
v 2.298982 0.147575 -1.052771
v 2.477295 0.169194 -1.140271
v 2.597341 0.139864 -1.166633
v 2.628528 0.168859 -1.331075
v 2.649049 0.136580 -1.298783
v 2.669451 0.128996 -1.257777
v 2.675611 0.134387 -1.209840
v 2.674834 0.132515 -1.156035
v 2.806432 0.223805 -1.059034
v 2.708862 0.261001 -1.310381
v 2.687763 0.271579 -1.247279
v 2.848112 0.258850 -1.283368
v 2.757882 0.264886 -1.221251
v 4.058944 0.318151 -0.167592
v 3.844209 0.314655 -0.423174
v 3.511384 0.289145 -0.705573
v 3.094385 0.251177 -0.983717
v 4.087865 0.369344 -0.137391
v 3.213148 0.291325 -0.960464
v 3.846569 0.348321 -0.415257
v 3.512882 0.314807 -0.714912
v 4.043154 0.369285 -0.426173
v 3.877663 0.352572 -0.702387
v 3.627849 0.330057 -0.895025
v 4.248508 0.378121 -0.889517
v 4.234639 0.306110 -0.906276
v 4.233819 0.320026 -0.919245
v 4.242708 0.347085 -0.914379
v 4.113585 0.378096 -0.810313
v 4.044573 0.371898 -0.821220
v 3.986580 0.361952 -0.774729
v 4.168454 0.380887 -0.749398
v 4.120250 0.374221 -0.866314
v 4.034304 0.364763 -0.886778
v 3.890449 0.351718 -0.885286
v 4.234818 0.386686 -0.811368
v 5.098741 0.461207 -0.147992
v 4.384518 0.396199 -0.749560
v 4.886672 0.463984 -0.439860
v 5.017617 0.461563 -0.289226
v 4.677260 0.430820 -0.586026
v 5.093892 0.447303 -0.095407
v 4.512866 0.411476 -0.682291
v 4.122716 0.258700 -0.941676
v 4.189555 0.345428 -0.111330
v 3.029284 0.209496 -1.164847
v 3.583813 0.283866 -1.040031
v 3.862438 0.285367 -0.987255
v 4.456845 0.323139 -0.797374
v 4.721010 0.349880 -0.633666
v 4.924821 0.371016 -0.458643
v 5.041471 0.391875 -0.294766
v 4.266790 0.348175 -0.664029
v 4.630674 0.384871 -0.512046
v 4.849990 0.402265 -0.397925
v 4.995604 0.404090 -0.280861
v 5.087095 0.410845 -0.137775
v 4.267395 0.349499 -0.428344
v 4.591929 0.379300 -0.382741
v 4.795680 0.398607 -0.320479
v 4.950017 0.409426 -0.245858
v 5.055797 0.412516 -0.119162
v 4.300714 0.354103 -0.112290
v 4.568707 0.379545 -0.221189
v 4.757488 0.392802 -0.224548
v 4.914623 0.407862 -0.194076
v 5.028411 0.413173 -0.098679
v 4.310750 0.355416 -0.015510
v 4.561237 0.379242 -0.105607
v 4.742782 0.393601 -0.144146
v 4.898018 0.409210 -0.149961
v 5.010301 0.412864 -0.084407
v 5.089858 0.415942 -0.074506
v 5.071880 0.415622 -0.054876
v 5.052872 0.413505 -0.041455
v 5.038334 0.412720 -0.038158
v 4.212129 0.346672 -0.021734
v 4.446419 0.366683 -0.596724
v 4.573703 0.318605 -0.735932
v 4.417786 0.363373 -0.414961
v 4.419608 0.362820 -0.053280
v 4.422560 0.363477 -0.167201
v 4.037391 0.270498 -0.968551
v 4.046686 0.337990 -0.427652
v 3.882013 0.317503 -0.701179
v 3.597769 0.292731 -0.920010
v 4.254470 0.303301 -0.876834
v 4.115729 0.349835 -0.822421
v 4.049639 0.346973 -0.832617
v 3.993398 0.332422 -0.779534
v 4.172109 0.363519 -0.756035
v 4.133203 0.270797 -0.893477
v 4.044869 0.259196 -0.910126
v 3.889153 0.279036 -0.903201
v 4.248502 0.331670 -0.835830
v 5.100644 0.408622 -0.143983
v 4.405404 0.361298 -0.770409
v 4.913958 0.385688 -0.451542
v 5.033427 0.393267 -0.295806
v 4.691945 0.369735 -0.598692
v 5.098649 0.415478 -0.085787
v 4.535317 0.362732 -0.706827
v 5.105731 0.409483 -0.147890
v 5.041704 0.456651 -0.207686
v 4.960989 0.444729 -0.125664
v 5.006401 0.463229 -0.186108
v 5.080184 0.435228 -0.218318
v 4.978882 0.447768 -0.154438
v 4.955091 0.441371 -0.088455
v 5.091290 0.408186 -0.217351
v 5.085348 0.417882 -0.217389
v 5.090312 0.398647 -0.217094
v 4.961115 0.415403 -0.086058
v 5.065459 0.460632 -0.213198
v 5.056311 0.402161 -0.207489
v 4.965542 0.411268 -0.123966
v 5.016972 0.412403 -0.185978
v 4.981073 0.411909 -0.151274
v 5.075966 0.394274 -0.214772
v 5.083924 0.393870 -0.216066
v 5.106303 0.423628 -0.102495
v 5.103257 0.428640 -0.096074
v 5.105029 0.419323 -0.102421
v 5.101778 0.416600 -0.093209
v 2.987261 0.207069 -1.458179
v 2.972443 0.238212 -1.493693
v 2.883253 0.229970 -1.435181
v 2.798913 0.226224 -1.396540
v 2.904783 0.182846 -1.404133
v 2.826319 0.170975 -1.364375
v 2.921326 0.236851 -1.367848
v 2.846420 0.236917 -1.341509
v 2.895677 0.269950 -1.404940
v 2.821048 0.259726 -1.361404
v 2.987883 0.240572 -1.437214
v 2.980799 0.269613 -1.458059
v 3.034496 0.257430 -1.468198
v 3.040534 0.243986 -1.493607
v 3.033268 0.243927 -1.459787
v 3.039203 0.224300 -1.468823
v 3.057855 0.255477 -1.455089
v 3.065735 0.249045 -1.464234
v 3.054698 0.247981 -1.451579
v 3.059701 0.240241 -1.456504
v 3.064622 0.254741 -1.445683
v 3.068453 0.250541 -1.448396
v 3.061271 0.249648 -1.443783
v 3.064860 0.246999 -1.446751
v 2.786030 0.267663 -1.326602
v 2.729720 0.244909 -1.353942
v 3.419537 0.257392 -0.698803
v 3.025699 0.204409 -0.959025
v 3.831437 0.282937 -0.370527
v 2.847885 0.241255 -1.286400
v 2.728029 0.158190 -1.344085
v 3.050751 0.219035 -1.091325
v 3.033525 0.204251 -1.203487
v 3.338444 0.280972 -1.089490
v 3.354220 0.219674 -1.015834
v 3.317985 0.204551 -1.135498
v 2.847397 0.203905 -1.283551
v 2.792596 0.151000 -1.268153
v 2.824434 0.183119 -1.156464
v 1.115293 0.049325 -0.204833
v 0.723978 0.005905 -0.218082
v 1.908092 0.119978 -0.615913
v 2.711503 0.186288 -0.914360
v 1.396789 0.078708 -0.305725
v 2.274535 0.174719 -0.812653
v 2.494231 0.212271 -0.904979
v 2.642687 0.199315 -0.929994
v 2.821060 0.141581 -1.204862
v 2.815896 0.183388 -1.105469
v 2.768871 0.221656 -0.825703
v 2.819208 0.236302 -0.877013
v 2.810046 0.244139 -0.981965
v 2.843095 0.237031 -0.906084
v 3.195863 0.262761 0.600296
v 3.276296 0.259089 0.344599
v 2.859446 0.242585 -0.731102
v 3.173203 0.273226 0.029966
v 3.013012 0.244929 -0.387614
v 2.791988 0.232394 -0.849220
v 2.785005 0.231865 -0.924667
v 2.756325 0.226262 -0.905668
v 3.161998 0.273545 0.592166
v 2.726378 0.251936 -1.076797
v 3.018190 0.284172 -0.409056
v 3.175650 0.301492 -0.001603
v 2.845462 0.272748 -0.821792
v 3.286737 0.300795 0.373097
v 0.110068 0.200716 -0.798219
v 0.105736 0.161132 -0.908367
v 0.101452 0.152137 -0.951438
v 0.223816 0.171172 -0.800430
v 0.201577 0.116281 -0.914371
v 0.195128 0.110221 -0.960268
v 0.321707 0.108599 -0.816080
v 0.288493 0.052889 -0.923386
v 0.279249 0.051513 -0.973062
v 0.415554 0.016075 -0.839479
v 0.345053 -0.034621 -0.933005
v 0.338408 -0.029949 -0.997674
v 0.476727 -0.065558 -0.855857
v 0.368290 -0.124214 -0.935462
v 0.350045 -0.120498 -1.000912
v 0.456164 -0.359134 -0.826803
v 0.309280 -0.294178 -0.914663
v 0.314942 -0.294086 -0.999230
v 0.085732 0.173650 -1.187221
v 0.085677 0.164415 -1.450334
v 0.097908 0.094135 -1.645781
v 0.106274 0.037813 -1.753058
v 0.082162 -0.088670 -1.778878
v 0.195777 0.155872 -1.202966
v 0.196313 0.155329 -1.445581
v 0.204311 0.082103 -1.618918
v 0.200722 0.000376 -1.698139
v 0.158443 -0.103378 -1.749166
v 0.293571 0.101587 -1.233781
v 0.298176 0.102753 -1.474343
v 0.232611 -0.010992 -1.532561
v 0.187339 -0.085481 -1.587647
v 0.219709 -0.164387 -1.670853
v 0.196065 -0.296928 -1.757576
v 0.182667 -0.367130 -1.918784
v 0.151606 -0.402442 -2.046989
v 0.075438 -0.424756 -2.133864
v 0.156514 -0.181688 -1.844621
v 0.142430 -0.242230 -1.932747
v 0.125332 -0.272341 -2.024173
v 0.101857 -0.281555 -2.106040
v 0.096414 -0.113826 -1.890089
v 0.094390 -0.150822 -1.955139
v 0.082038 -0.191005 -2.023091
v 0.075365 -0.211714 -2.087544
v 0.366325 -0.014935 -1.476838
v 0.325488 -0.322081 -1.304678
v 0.157212 -0.424873 -1.224470
v 0.307808 -0.165172 -1.569098
v 0.325399 -0.367268 -1.398449
v 0.151026 -0.421273 -1.319483
v 0.251656 -0.251477 -1.606182
v 0.254644 -0.390139 -1.494021
v 0.148818 -0.473821 -1.433576
v 0.217261 -0.336572 -1.666762
v 0.205319 -0.438069 -1.618602
v 0.139912 -0.537051 -1.563228
v 0.143734 -0.501214 -1.731233
v 0.108967 -0.588539 -1.919444
v 0.086169 -0.634638 -2.027638
v 0.113434 -0.586718 -1.686049
v 0.090577 -0.652573 -1.881535
v 0.057877 -0.677059 -1.993197
v 0.205738 -0.437628 -0.980511
v 0.190791 -0.414457 -0.915046
v 0.308733 -0.545092 -0.765538
v 0.365367 -0.054424 -1.180342
v 0.309837 -0.284365 -1.136811
v 0.197109 -0.433535 -1.104528
v 0.042046 -0.301554 -2.190015
v 0.135505 -0.491125 -1.747071
v 0.097539 -0.584908 -1.928932
v 0.076973 -0.623319 -2.034977
v 0.108204 -0.550962 -1.780499
v 0.063824 -0.603071 -1.928162
v 0.048906 -0.623622 -2.010318
v 0.080935 -0.588486 -1.932694
v 0.063052 -0.630081 -2.024552
v 0.119001 -0.498987 -1.751511
v 0.210430 -0.361014 -1.692295
v 0.179917 -0.360746 -1.746622
v 0.124178 -0.398224 -1.909547
v 0.096809 -0.424114 -2.047826
v 0.070033 -0.443546 -2.123855
v 0.159741 -0.439312 -1.665247
v 0.135714 -0.488015 -1.653493
v 0.111524 -0.385601 -1.699351
v 0.181530 -0.425078 -1.671614
v 0.100596 -0.388198 -1.831916
v 0.350861 0.018707 -1.311253
v 0.301147 -0.284683 -1.222581
v 0.178489 -0.438540 -1.152755
v 0.040054 -0.153194 -2.124506
v 0.007238 -0.157323 -2.167085
v 0.048798 -0.180986 -2.127232
v 0.009317 -0.190438 -2.166440
v 0.021195 -0.111570 -2.127836
v 0.008110 -0.106573 -2.158023
v 0.016742 -0.065697 -2.117991
v 0.011063 -0.060705 -2.140939
v 0.046830 -0.208391 -2.164425
v 0.066957 -0.229610 -2.174363
v 0.058676 -0.299012 -2.181474
v 0.042524 -0.340074 -2.177504
v 0.027378 -0.369372 -2.170717
v 0.016536 -0.227481 -2.175292
v 0.038965 -0.224614 -2.166686
v 0.047374 -0.243316 -2.177695
v 0.031226 -0.335418 -2.182737
v 0.022170 -0.356576 -2.176053
v 0.012442 -0.206276 -2.172185
v 0.273637 0.141431 -0.807272
v 0.247002 0.088921 -0.919485
v 0.239046 0.083844 -0.966540
v 0.247766 0.134911 -1.214116
v 0.203851 -0.125684 -1.719930
v 0.155982 -0.030111 -1.642612
v 0.251028 0.138343 -1.445445
v 0.261958 0.056664 -1.601420
v 0.130017 -0.329830 -2.030284
v 0.090168 -0.339917 -2.114533
v 0.156169 -0.300468 -1.923502
v 0.178559 -0.228904 -1.810369
v 0.052579 0.172027 -0.911271
v 0.054435 0.202444 -0.799142
v 0.051078 0.165909 -0.954517
v 0.042032 0.177878 -1.184338
v 0.042499 0.167611 -1.451778
v 0.054026 0.045332 -1.757675
v 0.042097 -0.089748 -1.781147
v 0.051069 0.106912 -1.651723
v 0.047165 -0.138763 -1.959722
v 0.043210 -0.175030 -2.024758
v 0.047261 -0.105972 -1.896616
v 0.039436 -0.194698 -2.083954
v 0.043241 -0.394074 -2.151556
v 0.064783 -0.343834 -2.155110
v 0.081905 -0.291607 -2.153520
v 0.077854 -0.217118 -2.136032
v 0.149200 0.133615 -0.955170
v 0.167564 0.188115 -0.798449
v 0.155568 0.143868 -0.911747
v 0.167516 0.036977 -1.744175
v 0.119082 -0.095374 -1.765835
v 0.140101 0.167078 -1.450911
v 0.152665 0.099849 -1.640393
v 0.140495 0.171035 -1.194031
v 0.111530 -0.226220 -2.023805
v 0.099168 -0.240839 -2.097334
v 0.135198 -0.148195 -1.868738
v 0.124241 -0.192581 -1.943194
v 0.047277 -0.269467 -2.187669
v 0.067918 -0.263448 -2.181662
v 0.089399 -0.252867 -2.148273
v 0.018148 -0.254688 -2.178053
v 0.013085 -0.240457 -2.178179
v -0.000000 -0.690543 -2.011806
v 0.095230 -0.453399 -1.224035
v 0.090973 -0.446315 -1.317019
v 0.090606 -0.495340 -1.428643
v 0.091872 -0.563500 -1.559688
v 0.036264 -0.685990 -2.003825
v 0.074800 -0.615030 -1.680899
v 0.061896 -0.677261 -1.877138
v 0.179358 -0.579568 -0.760799
v 0.131956 -0.479284 -0.989679
v 0.125249 -0.450599 -0.923450
v 0.121044 -0.475972 -1.105830
v 0.036216 -0.426951 -2.157373
v 0.041582 -0.620196 -1.917571
v 0.067248 -0.583303 -1.761168
v 0.030102 -0.626711 -2.014819
v 0.040348 -0.434864 -2.134455
v 0.044969 -0.661513 -2.058623
v 0.044767 -0.644545 -2.066575
v 0.035792 -0.630112 -2.049723
v 0.078949 -0.514318 -1.631119
v 0.063230 -0.413006 -1.673273
v 0.058115 -0.380520 -1.833103
v 0.058356 -0.378576 -1.933746
v 0.050870 -0.432084 -2.036540
v 0.108048 -0.470715 -1.152107
v 0.013705 -0.359099 -2.174196
v 0.016544 -0.377669 -2.170159
v 0.025885 -0.400140 -2.157458
v 0.025635 -0.300512 -2.190336
v 0.019357 -0.331787 -2.181494
v 0.028635 -0.270105 -2.186850
v 0.033207 -0.255705 -2.176434
v 0.017710 -0.234815 -2.168485
v 0.032777 -0.235376 -2.162801
v 0.039051 -0.244142 -2.168852
v 0.023654 -0.247493 -2.170717
v 0.016729 -0.241466 -2.173040
v 0.031824 -0.251448 -2.171327
v 0.015585 -0.159511 -2.142346
v 0.020948 -0.194278 -2.144873
v 0.010380 -0.111488 -2.139926
v 0.013990 -0.063903 -2.128831
v 0.030488 -0.207493 -2.164449
v 0.027827 -0.224877 -2.163768
v 0.013514 -0.247492 -2.177216
v 0.023201 -0.233448 -2.163360
v 0.018926 -0.244294 -2.171084
v 0.012458 -0.044873 -2.110733
v 0.010348 -0.038079 -2.127372
v 0.012582 -0.041773 -2.119290
v 0.010186 -0.034669 -2.105212
v 0.008398 -0.028981 -2.117953
v 0.011997 -0.028790 -2.110224
v 0.391404 0.161340 -1.420776
v 0.486227 0.188280 -1.379268
v 0.577621 0.207609 -1.351317
v 0.657588 0.214069 -1.333347
v 0.401697 0.134795 -1.274895
v 0.495992 0.195426 -1.259734
v 0.596798 0.210017 -1.275116
v 0.684200 0.210923 -1.295053
v 0.412118 0.096644 -1.176247
v 0.511290 0.153800 -1.177553
v 0.617323 0.173318 -1.228026
v 0.694955 0.185469 -1.276542
v 0.427709 0.042335 -1.129752
v 0.525838 0.101968 -1.136760
v 0.629836 0.141736 -1.200226
v 0.693440 0.166365 -1.259123
v 0.188283 0.122390 -1.100412
v 0.091786 0.153662 -1.085141
v 0.278109 0.075512 -1.127319
v 0.233175 0.098766 -1.111277
v 0.045166 0.158434 -1.084105
v 0.140691 0.141942 -1.091300
v 0.346265 0.103853 -1.265248
v 0.337190 0.127382 -1.408038
v 0.351893 0.055881 -1.170339
v 0.095187 0.146614 -1.025731
v 0.047065 0.153198 -1.026234
v 0.142341 0.131626 -1.030665
v 0.187592 0.109867 -1.037911
v 0.272421 0.060151 -1.060168
v 0.232952 0.088558 -1.047729
v 0.329254 -0.013223 -1.112944
v 0.331037 -0.087464 -1.092459
v 0.204044 -0.432561 -1.059343
v 0.309661 -0.286251 -1.074337
v 0.127136 -0.479619 -1.062504
v 0.443545 -0.005089 -1.135906
v 0.537721 0.058401 -1.154551
v 0.626644 0.119229 -1.207231
v 0.696278 0.147287 -1.267013
v 0.696459 0.160032 -1.292061
v 0.441719 0.008986 -1.186044
v 0.361210 -0.003337 -1.247514
v 0.187786 -0.437524 -1.132851
v 0.301603 -0.282103 -1.186662
v 0.114118 -0.473713 -1.132760
v 0.434542 0.025201 -1.267520
v 0.419999 0.062504 -1.317454
v 0.414910 0.094135 -1.389009
v 0.357166 -0.074875 -1.539729
v 0.336572 -0.347409 -1.344901
v 0.151582 -0.416210 -1.262056
v 0.091950 -0.444118 -1.260918
v 0.364114 0.039446 -1.381564
v 0.305957 -0.291480 -1.253215
v 0.170696 -0.435945 -1.175793
v 0.103030 -0.465527 -1.174817
v 0.667340 0.197855 -1.342571
v 0.693852 0.183218 -1.309247
v 0.491204 0.146792 -1.365789
v 0.582356 0.176863 -1.348908
v 0.513225 0.077136 -1.181733
v 0.493375 0.106605 -1.257029
v 0.486359 0.145230 -1.316131
v 0.601539 0.145016 -1.217428
v 0.586935 0.167435 -1.262492
v 0.584345 0.176169 -1.319410
v 0.301443 0.144296 -1.335955
v 0.083086 0.186398 -1.307950
v 0.200257 0.186514 -1.315560
v 0.257800 0.170722 -1.321495
v 0.040447 0.183033 -1.306305
v 0.138168 0.192773 -1.312002
v 0.582586 0.223084 -1.316043
v 0.673184 0.221359 -1.315390
v 0.485335 0.207726 -1.323910
v 0.389350 0.165341 -1.344000
v 0.331488 0.140150 -1.341254
v 0.689313 0.189030 -1.329985
v 0.114800 0.246861 -0.511861
v 0.238206 0.221527 -0.510825
v 0.356102 0.175148 -0.526133
v 0.484342 -0.023896 -0.518517
v 0.297933 0.197986 -0.518203
v 0.057047 0.253918 -0.514664
v 0.175483 0.237556 -0.510749
v 0.112494 0.236697 -0.327714
v 0.236951 0.215955 -0.331151
v 0.352628 0.171000 -0.343209
v 0.456126 -0.017328 -0.344520
v 0.294535 0.193977 -0.338013
v 0.054784 0.242045 -0.329110
v 0.174966 0.233044 -0.329662
v 0.111001 0.214734 -0.095403
v 0.230395 0.194510 -0.098347
v 0.342436 0.153215 -0.111445
v 0.449477 0.041195 -0.121353
v 0.286735 0.174154 -0.104924
v 0.054237 0.218127 -0.096924
v 0.170636 0.207965 -0.096133
v 0.107167 0.180012 0.221395
v 0.217916 0.161534 0.220171
v 0.324510 0.132349 0.210474
v 0.432711 0.056113 0.205093
v 0.271219 0.145274 0.215583
v 0.053175 0.185132 0.220087
v 0.163072 0.175680 0.220932
v 0.107711 0.142799 0.509850
v 0.193410 0.118738 0.510170
v 0.272942 0.089335 0.503703
v 0.353261 0.041910 0.499248
v 0.232958 0.102681 0.506571
v 0.058785 0.154300 0.509320
v 0.151549 0.129591 0.508032
v 0.366627 0.068107 -0.829936
v 0.315947 0.017946 -0.986710
v 0.319562 0.009647 -0.927974
v 0.312595 -0.300898 -1.274376
v 0.099523 -0.460732 -1.193402
v 0.307963 0.088799 -1.254174
v 0.298854 0.043450 -1.155580
v 0.325173 0.125804 -1.421209
v 0.302899 0.022688 -1.088527
v 0.363568 0.025007 -1.413836
v 0.164950 -0.432225 -1.194090
v 0.314851 0.131083 -1.336766
v 0.417636 0.120025 -0.528804
v 0.409911 0.120370 -0.348825
v 0.398366 0.120886 -0.119562
v 0.377131 0.106791 0.204910
v 0.308835 0.077251 0.499021
v 0.288998 0.176184 -0.717021
v 0.296629 0.195027 -0.615221
v 0.238755 0.221497 -0.607141
v 0.232764 0.200594 -0.708240
v 0.343249 0.148633 -0.727661
v 0.355307 0.171855 -0.624994
v 0.055723 0.228557 -0.708286
v 0.056799 0.246722 -0.609220
v 0.112522 0.226963 -0.707010
v 0.114445 0.243937 -0.607111
v 0.464421 -0.041459 -0.699905
v 0.495053 -0.030766 -0.606661
v 0.172656 0.217659 -0.707054
v 0.175389 0.234239 -0.606236
v 0.398873 0.096590 -0.735369
v 0.419457 0.115477 -0.630799
v 0.531036 -0.069920 -0.761521
v 0.535338 -0.180482 -0.800067
v 0.344156 -0.204116 -1.002432
v 0.445206 -0.187959 -0.822907
v 0.355038 -0.213077 -0.928469
v 0.216229 -0.373905 -1.631334
v 0.262638 -0.323456 -1.553496
v 0.347354 -0.266407 -1.502053
v 0.389674 -0.152597 -1.395143
v 0.347221 -0.155912 -1.160594
v 0.119648 -0.412465 -1.639667
v 0.197630 -0.378063 -1.670350
v 0.166463 -0.378448 -1.681189
v 0.384713 -0.124312 -1.278403
v 0.070142 -0.446569 -1.620066
v 0.338895 -0.187370 -1.078042
v 0.364620 -0.135559 -1.229484
v 0.395991 -0.121646 -1.324571
v 0.380560 -0.205885 -1.454818
v 0.395114 -0.126654 -1.352677
v 0.331737 -0.252718 -1.000578
v 0.442006 -0.263363 -0.816355
v 0.332665 -0.257956 -0.920356
v 0.216275 -0.401844 -1.615838
v 0.260017 -0.358865 -1.521293
v 0.348392 -0.327393 -1.448590
v 0.383415 -0.255959 -1.335538
v 0.191457 -0.403782 -1.660610
v 0.168262 -0.413853 -1.650819
v 0.353189 -0.220394 -1.242857
v 0.327267 -0.240396 -1.076344
v 0.339098 -0.219895 -1.204959
v 0.366519 -0.225307 -1.274405
v 0.386083 -0.293898 -1.396474
v 0.372820 -0.232720 -1.296958
v 0.330318 -0.226393 -1.147976
v 0.135963 -0.451296 -1.633750
v 0.077889 -0.478056 -1.609389
v 0.532125 -0.274269 -0.793192
v 0.313545 -0.485569 -0.538308
v 0.185446 -0.523860 -0.529066
v 0.286353 -0.439198 -0.174646
v 0.183188 -0.438340 -0.180679
v 0.272966 -0.354746 0.193312
v 0.167892 -0.425118 0.195170
v 0.238177 -0.285500 0.478948
v 0.140744 -0.362359 0.493022
v 0.225176 -0.186023 0.595901
v 0.134080 -0.267843 0.626054
v 0.497810 -0.418072 -0.533903
v 0.505391 -0.353530 -0.188223
v 0.386097 -0.281096 0.197459
v 0.395632 -0.236106 0.489366
v 0.184948 -0.516911 -0.631599
v 0.299983 -0.484278 -0.632390
v 0.514611 -0.394703 -0.711195
v 0.396276 -0.104256 -0.888566
v 0.349108 -0.307508 -0.875748
v 0.364071 -0.016466 -0.893691
v 0.210367 0.136558 -0.865630
v 0.107574 0.176227 -0.862360
v 0.300472 0.070861 -0.877902
v 0.243853 -0.468828 -0.885715
v 0.256420 0.106641 -0.870894
v 0.053388 0.184461 -0.864885
v 0.160505 0.159911 -0.863836
v 0.134108 -0.476198 -0.879185
v 0.337362 0.029978 -0.889291
v 0.372021 -0.200886 -0.867659
v 0.353794 -0.252708 -0.864536
v 0.159423 -0.383693 -0.036456
v 0.268786 -0.386902 -0.029868
v 0.462733 -0.319511 -0.025892
v 0.185413 -0.535953 -0.396867
v 0.182116 -0.485535 -0.273919
v 0.321925 -0.470588 -0.299061
v 0.326136 -0.504687 -0.405923
v 0.511530 -0.382471 -0.307035
v 0.509062 -0.409607 -0.407872
v 0.518481 0.018670 0.496376
v 0.490428 -0.143457 0.495212
v 0.494498 -0.008539 0.205225
v 0.524455 -0.203153 0.214299
v 0.525193 -0.052785 -0.051229
v 0.552641 -0.222562 -0.021626
v 0.551328 -0.058384 -0.237160
v 0.582722 -0.244380 -0.188547
v 0.594451 -0.280938 -0.305847
v 0.586038 -0.317498 -0.390737
v 0.595210 -0.104062 -0.344371
v 0.655303 -0.210786 -0.374263
v 0.547499 0.008455 0.695414
v 0.521029 -0.130207 0.693572
v 0.424874 -0.224479 0.688161
v 0.547654 0.027402 0.984198
v 0.517944 -0.050672 1.397215
v 0.535367 -0.134628 1.439688
v 0.523099 -0.116778 1.445268
v 0.440972 -0.041860 1.394176
v 0.517059 -0.053535 1.269441
v 0.465503 -0.142993 1.423774
v 0.468678 -0.117059 1.433977
v 0.380987 0.032138 1.210454
v 0.436713 -0.103909 1.223340
v 0.437343 -0.066204 1.228712
v 0.414028 -0.086830 1.032413
v 0.400970 -0.041260 1.050679
v 0.349742 -0.103741 0.883259
v 0.351429 -0.025969 0.912148
v 0.296439 0.052988 1.100602
v 0.239124 0.064216 1.021099
v 0.661259 0.004988 1.167786
v 0.572292 -0.021950 1.305801
v 0.647837 -0.027503 1.157836
v 0.581578 -0.064611 1.293837
v 0.526315 0.016987 1.101343
v 0.532041 -0.104839 0.949090
v 0.524071 -0.099218 1.065528
v 0.516793 -0.118466 1.251160
v 0.462063 -0.147156 0.929675
v 0.476160 -0.120357 1.046539
v 0.478860 -0.140308 1.232235
v 0.248386 -0.080453 0.737608
v 0.257157 -0.014463 0.772221
v 0.113077 0.053752 0.958693
v 0.062003 0.053443 0.925890
v 0.217746 -0.439836 -1.462032
v 0.242148 -0.392392 -1.355958
v 0.238886 -0.369416 -1.306293
v 0.186032 -0.489153 -1.589012
v 0.076431 -0.662224 -2.020216
v 0.118694 -0.621042 -1.903683
v 0.148420 -0.543340 -1.711747
v 0.414910 -0.454661 -0.808968
v 0.263496 -0.358448 -0.914305
v 0.275749 -0.364919 -0.996028
v 0.264516 -0.358356 -1.120849
v 0.247671 -0.362437 -1.188436
v 0.039426 -0.672954 -2.054477
v 0.269479 -0.357594 -1.068333
v 0.255990 -0.361410 -1.160266
v 0.233110 -0.360055 -1.268622
v 0.239214 -0.360314 -1.214850
v 0.234966 -0.359138 -1.235153
v 0.298287 -0.252039 0.467570
v 0.318637 -0.288649 0.191400
v 0.418331 -0.400553 -0.187545
v 0.406294 -0.453153 -0.540095
v 0.416622 -0.464888 -0.660678
v 0.316195 -0.387961 -0.883129
v 0.367346 -0.350587 -0.023704
v 0.427085 -0.461775 -0.409535
v 0.425383 -0.429263 -0.305443
v 0.294591 -0.215906 0.644327
v 0.152005 -0.084579 0.707917
v 0.135832 -0.043188 0.752857
v 2.874040 0.265250 -0.937885
v 2.767762 0.262547 -0.912923
v 2.830278 0.264297 -0.927454
v 2.924400 0.270408 -0.967673
v 4.549929 0.411003 0.034261
v 2.977298 0.260604 0.817264
v 1.300966 0.131673 0.642509
v 4.369029 0.389103 0.188090
v 4.988168 0.438609 -0.066352
v 3.920830 0.337491 0.328188
v 2.393425 0.209490 0.756861
v 0.832728 0.060362 0.983360
v 2.707216 0.297631 -0.915294
v 3.002241 0.273283 -1.034402
v 3.149358 0.288438 -1.029986
v 4.286836 0.381116 0.281353
v 3.584692 0.322755 -0.954553
v 4.120726 0.376614 -0.892105
v 3.877969 0.346985 -0.926511
v 4.242786 0.381504 -0.841325
v 5.104266 0.449114 -0.151170
v 4.407986 0.400204 -0.780512
v 4.896746 0.463923 -0.448205
v 5.027541 0.460599 -0.293125
v 4.690166 0.433649 -0.600956
v 5.097757 0.440996 -0.090254
v 3.166992 0.278549 0.629325
v 0.055376 0.248485 -0.386924
v 0.113157 0.240510 -0.384957
v 0.464114 -0.020286 -0.402127
v 0.175147 0.232357 -0.385788
v 0.296075 0.196785 -0.393265
v 0.411284 0.120168 -0.403328
v 0.305148 0.021567 1.086815
v 1.286121 0.111385 -0.357187
v 0.903666 0.061564 -0.313706
v 0.596402 -0.010675 -0.396827
v 2.008575 0.172949 -0.773916
v 1.575834 0.110737 -0.504005
v 4.535091 0.419319 -0.705490
v 2.310201 0.219608 -0.923048
v 0.729649 0.026950 -0.352905
v 2.486099 0.250265 -0.940597
v 2.635719 0.249239 -0.924242
v 2.964168 0.291357 -1.001411
v 4.035433 0.364591 -0.916501
v 5.072587 0.458742 -0.215711
v 4.720690 0.425198 -0.039075
v 4.441850 0.400518 0.112313
v 5.015881 0.441234 -0.037808
v 4.219036 0.373924 0.365562
v 4.891107 0.433170 -0.087598
v 3.636828 0.315742 0.384313
v 2.555003 0.219159 0.938422
v 2.779027 0.244156 0.998045
v 2.660118 0.248035 1.061683
v 4.136508 0.361746 0.380146
v 5.038505 0.446532 -0.027741
v 5.054205 0.449565 -0.029284
v 5.074574 0.450497 -0.042143
v 5.086174 0.442012 -0.062568
v 4.956758 0.436819 -0.090206
v 1.624866 0.173937 0.568819
v 2.088434 0.197818 0.621600
v 2.802494 0.261978 -0.918200
v 3.367093 0.300122 0.511167
v 0.354580 0.174310 -0.399494
v 0.237671 0.216970 -0.386013
v 0.521314 -0.069440 1.415343
v 0.443799 -0.069236 1.404149
v 0.377538 -0.011842 1.227786
v 0.267452 0.054175 0.987855
v 0.588906 -0.034971 1.309849
v 0.678140 -0.000329 1.175895
v 0.138289 0.023534 0.933469
v 0.086031 0.020413 0.923318
v 0.373264 0.088447 0.891048
v 0.186844 -0.458996 -1.445737
v 0.195439 -0.402691 -1.336436
v 0.192828 -0.388324 -1.282347
v 0.167839 -0.515791 -1.574391
v 0.066941 -0.674470 -2.011451
v 0.105909 -0.636860 -1.891662
v 0.133787 -0.566393 -1.697386
v 0.377712 -0.502780 -0.787699
v 0.231280 -0.390692 -0.913344
v 0.246252 -0.402008 -0.989726
v -0.000000 -0.685075 -2.051877
v 0.195631 -0.391543 -1.243399
v 0.305670 -0.310945 0.194320
v 0.373066 -0.418095 -0.184511
v 0.365972 -0.462916 -0.540380
v 0.175190 0.060711 0.994192
v 0.309323 -0.009819 0.822573
v 0.293188 -0.084660 0.805368
v 0.235595 -0.395958 -1.111699
v 0.217184 -0.401792 -1.168841
v 0.032515 -0.680672 -2.045383
v 0.242075 -0.394724 -1.063859
v 0.225963 -0.399758 -1.145084
v 0.208671 -0.399705 -1.193262
v 0.202673 -0.396694 -1.211959
v 0.271206 -0.259796 0.471312
v 0.361297 -0.472701 -0.642115
v 0.292484 -0.430969 -0.886558
v 0.328982 -0.366749 -0.022207
v 0.384015 -0.478033 -0.408931
v 0.382019 -0.443081 -0.305275
v 0.256848 -0.193133 0.613813
v 0.204704 0.036872 0.949956
v 0.171657 -0.465220 -1.439299
v 0.176342 -0.409756 -1.327362
v 0.175376 -0.400059 -1.271048
v 0.156880 -0.524924 -1.568254
v 0.061693 -0.677852 -2.005778
v 0.099928 -0.642720 -1.886557
v 0.126281 -0.575052 -1.691420
v 0.353293 -0.523527 -0.776166
v 0.217248 -0.401658 -0.912767
v 0.232852 -0.418041 -0.985150
v -0.000000 -0.686275 -2.039472
v 0.180223 -0.406305 -1.232722
v 0.297266 -0.322603 0.194318
v 0.349048 -0.426432 -0.181928
v 0.348678 -0.468593 -0.539678
v 0.292649 -0.007938 0.797666
v 0.275718 -0.084272 0.780133
v 0.173506 0.029847 0.941387
v 0.144921 0.056704 0.981092
v 0.222198 -0.412198 -1.107527
v 0.203025 -0.418581 -1.160036
v 0.030043 -0.683983 -2.035206
v 0.228874 -0.410432 -1.061305
v 0.212515 -0.416645 -1.138345
v 0.194484 -0.416335 -1.183652
v 0.188361 -0.413081 -1.202081
v 0.260694 -0.266946 0.473671
v 0.339055 -0.475922 -0.636684
v 0.279354 -0.450236 -0.886851
v 0.309825 -0.375322 -0.023062
v 0.364794 -0.483815 -0.408661
v 0.363366 -0.451040 -0.304522
v 0.246005 -0.185451 0.601525
v 0.206699 0.064499 1.003198
v 0.248793 -0.379036 -1.115864
v 0.231436 -0.384364 -1.177809
v 0.036322 -0.677452 -2.051651
v 0.254970 -0.378272 -1.066034
v 0.239925 -0.382752 -1.152000
v 0.223141 -0.382450 -1.203100
v 0.217344 -0.379753 -1.222257
v 0.282183 -0.252702 0.467641
v 0.385527 -0.469641 -0.649220
v 0.303575 -0.411410 -0.885419
v 0.345982 -0.358069 -0.022720
v 0.403714 -0.471744 -0.409098
v 0.401560 -0.436804 -0.305371
v 0.270445 -0.202934 0.626603
v 0.201625 -0.451152 -1.453024
v 0.216131 -0.397160 -1.345598
v 0.212601 -0.378244 -1.293816
v 0.177473 -0.504298 -1.581100
v 0.071485 -0.669514 -2.016013
v 0.112060 -0.630530 -1.896825
v 0.140918 -0.556527 -1.703718
v 0.396349 -0.481599 -0.798393
v 0.246395 -0.377270 -0.914065
v 0.259903 -0.385505 -0.992887
v 0.211917 -0.376673 -1.254624
v 0.312223 -0.300666 0.193682
v 0.394233 -0.409775 -0.186351
v 0.383805 -0.458046 -0.540415
v 0.326786 -0.013357 0.851435
v 0.313968 -0.089922 0.831070
v 0.234699 0.046400 0.958630
v 0.050401 0.077989 0.739192
v 0.111509 0.086985 0.766564
v 0.150321 0.095127 0.779963
v 0.182956 0.096737 0.789273
v 0.216196 0.101402 0.798183
v 0.254936 0.103610 0.814660
v 0.308142 0.104206 0.856583
v 3.050678 0.269281 0.663219
v 2.068460 0.192556 0.484155
v 1.313941 0.114919 0.552979
v 0.848950 0.049193 0.795828
v 1.626260 0.158221 0.453933
v 2.349193 0.215998 0.631446
v 0.424892 0.030982 0.728993
v 4.560643 0.409299 -0.015992
v 4.994846 0.443834 -0.076564
v 4.335722 0.392821 0.081492
v 4.730266 0.429026 -0.081478
v 4.891145 0.439799 -0.114901
v 5.023407 0.446404 -0.039803
v 4.431223 0.400833 0.036505
v 0.575478 0.049578 0.799688
v 2.532208 0.233991 0.763488
v 1.588257 0.128539 0.506765
v 0.810025 0.014740 0.815693
v 2.398255 0.175802 0.636973
v 3.419275 0.275175 0.410440
v 1.288998 0.082522 0.589867
v 2.069768 0.160193 0.494170
v 2.589121 0.206726 0.773235
v 3.046160 0.245548 0.668660
v 3.868005 0.319962 0.225516
v 4.178245 0.330085 0.150205
v 3.632772 0.288880 0.309460
v 2.826479 0.226843 0.833622
v 2.823391 0.260085 0.827282
v 2.697636 0.193405 0.865705
v 2.686497 0.236765 0.853861
v 4.093224 0.345132 0.168578
v 3.872324 0.352867 0.218819
v 3.424290 0.309115 0.410614
v 3.640943 0.328975 0.303992
v 4.166938 0.375552 0.150173
v 4.088043 0.392419 0.168297
v 4.244562 0.380664 0.119496
v 4.730536 0.402742 -0.083036
v 4.891729 0.410903 -0.114363
v 4.247698 0.338575 0.125110
v 4.435547 0.365214 0.038999
v 5.001148 0.411355 -0.071603
v 4.559420 0.387540 -0.016244
v 5.027444 0.412415 -0.036581
v 4.340136 0.354242 0.086807
v 4.961750 0.411272 -0.101462
v 4.956112 0.443645 -0.103977
v 3.242228 0.262659 0.520043
v 3.197898 0.278365 0.503944
v 0.538428 0.041608 0.848256
v 0.531726 -0.121385 0.828401
v 0.441147 -0.194780 0.819557
v 0.233824 -0.126376 0.656140
v 0.316556 -0.163521 0.774630
v 0.151817 -0.156245 0.672607
v 5.027597 0.444492 -0.028925
v 0.347353 0.041279 0.705004
v 0.263473 -0.151740 0.719858
v 0.249335 -0.147710 0.691997
v 0.285556 -0.155221 0.748426
v 0.045761 0.114999 0.626842
v 0.102511 0.101001 0.636393
v 0.143871 0.093757 0.642145
v 0.184587 0.088971 0.651962
v 0.221977 0.089086 0.656513
v 0.259979 0.082532 0.661735
v 0.301608 0.078868 0.681262
v 0.056202 0.068983 0.836725
v 0.114266 0.073166 0.867143
v 0.150642 0.077094 0.883184
v 0.179411 0.086021 0.897515
v 0.210404 0.091887 0.910672
v 0.248603 0.095615 0.934153
v 0.303852 0.091012 0.989289
v 0.430686 0.072614 1.062031
v 0.555349 0.029316 1.117001
v 0.366039 0.088700 1.032199
v 0.489634 -0.049381 1.402554
v 0.497193 -0.118270 1.476229
v 0.490107 -0.078477 1.453726
v 0.503970 -0.004293 1.270371
v 0.464205 -0.044661 1.404511
v 0.483327 -0.120202 1.476322
v 0.466835 -0.077980 1.457830
v 0.441207 0.018114 1.242965
v 0.513988 -0.163421 1.424851
v 0.491484 -0.170172 1.426896
v 0.532346 -0.171746 1.571998
v 0.524850 -0.148529 1.575916
v 0.480267 -0.173196 1.566567
v 0.481623 -0.155676 1.578296
v 0.502798 -0.138704 1.579239
v 0.486786 -0.144658 1.578614
v 0.514588 -0.192561 1.571524
v 0.496216 -0.191397 1.593249
v 0.526520 -0.146839 1.431344
v 0.528777 -0.187060 1.569396
v 0.526778 -0.224967 1.724949
v 0.520615 -0.216030 1.739523
v 0.477366 -0.224572 1.724401
v 0.480328 -0.222460 1.734574
v 0.501785 -0.214528 1.742929
v 0.487643 -0.217323 1.739416
v 0.512589 -0.230237 1.716989
v 0.495359 -0.248528 1.726189
v 0.522663 -0.229280 1.718073
v 0.566933 -0.349517 1.791421
v 0.535665 -0.336997 1.816669
v 0.440768 -0.356948 1.779474
v 0.445396 -0.349328 1.806944
v 0.500732 -0.341555 1.820234
v 0.471567 -0.343318 1.817548
v 0.526578 -0.377600 1.732265
v 0.479776 -0.383031 1.733385
v 0.560968 -0.370130 1.753477
v 0.576392 -0.432553 1.829045
v 0.544096 -0.411574 1.864216
v 0.424248 -0.428241 1.810905
v 0.425868 -0.414011 1.847706
v 0.497160 -0.410566 1.864208
v 0.459574 -0.409251 1.862306
v 0.529828 -0.460100 1.772201
v 0.481427 -0.463354 1.761569
v 0.551861 -0.448570 1.798120
v 0.543978 -0.464454 1.839223
v 0.527536 -0.455298 1.873502
v 0.421346 -0.462703 1.825790
v 0.423294 -0.447706 1.866554
v 0.491992 -0.441316 1.858806
v 0.463893 -0.442342 1.858016
v 0.508894 -0.471902 1.812403
v 0.478769 -0.462556 1.812748
v 0.535477 -0.472280 1.821930
v 0.508475 -0.468606 1.841089
v 0.503120 -0.456102 1.846912
v 0.442461 -0.476693 1.837090
v 0.458403 -0.465341 1.853130
v 0.490780 -0.455228 1.848272
v 0.470915 -0.448229 1.843861
v 0.497493 -0.459550 1.826630
v 0.476663 -0.459299 1.824184
v 0.503553 -0.462269 1.830485
v 0.287103 -0.327141 -1.128080
v 0.269405 -0.328344 -1.203874
v 0.042501 -0.668494 -2.055890
v 0.288846 -0.325725 -1.071255
v 0.277962 -0.328242 -1.172263
v 0.263514 -0.328475 -1.233196
v 0.264740 -0.332816 -1.255095
v 0.331050 -0.254385 0.474596
v 0.461928 -0.447858 -0.680761
v 0.332306 -0.352389 -0.878843
v 0.403069 -0.342674 -0.025398
v 0.460836 -0.444721 -0.410580
v 0.460824 -0.416521 -0.305994
v 0.348768 -0.233210 0.671277
v 0.450434 -0.125722 1.224992
v 0.438121 -0.106039 1.035864
v 0.397672 -0.133800 0.907289
v 0.238234 -0.419186 -1.475772
v 0.282025 -0.385715 -1.370856
v 0.280955 -0.362228 -1.321225
v 0.196451 -0.466239 -1.600331
v 0.081683 -0.648825 -2.023357
v 0.119796 -0.602985 -1.913210
v 0.152998 -0.520738 -1.723552
v 0.435791 -0.414637 -0.818529
v 0.285529 -0.328871 -0.913774
v 0.295364 -0.332724 -0.998273
v 0.270440 -0.343572 -1.287353
v 0.331739 -0.276240 0.187170
v 0.453466 -0.387536 -0.187912
v 0.441552 -0.443587 -0.539878
v 0.364953 -0.182411 0.799432
v 0.474122 -0.160754 1.425886
v 0.484090 -0.184061 1.589621
v 0.480284 -0.253544 1.731152
v 0.452880 -0.371969 1.759214
v 0.440670 -0.444464 1.781668
v 0.455182 -0.469489 1.810829
v 0.465978 -0.470938 1.822241
v 3.053471 0.288971 -0.695200
v 0.298374 -0.319033 0.093283
v 0.452111 0.010570 -0.244715
v 0.111759 0.227264 -0.221991
v 1.271171 0.087685 -0.253369
v 3.327382 0.270496 -0.831453
v 0.000000 -0.408882 0.069002
v 5.094415 0.411041 -0.141724
v 4.118142 0.375406 -0.838087
v 2.319682 0.222489 -0.621339
v 2.865031 0.266280 -0.595515
v 5.086351 0.455804 -0.144001
v 2.986495 0.277583 -0.659710
v 3.134789 0.283419 -0.748974
v 4.345839 0.392806 -0.713018
v 4.873414 0.447015 -0.428012
v 0.555179 0.017696 -0.257703
v 5.002289 0.465409 -0.285404
v 4.653695 0.418424 -0.554936
v 5.090871 0.445784 -0.085873
v 0.859555 0.051278 -0.156194
v 1.889884 0.096460 -0.207805
v 2.041522 0.159843 -0.558803
v 2.493133 0.247354 -0.615766
v 1.585582 0.107722 -0.371692
v 0.680876 0.038394 -0.206266
v 1.117105 0.036098 0.049487
v 2.282235 0.187661 -0.307868
v 0.693586 0.032967 0.110970
v 3.113039 0.253997 -0.722649
v 1.402933 0.057170 -0.039885
v 2.985084 0.250416 -0.609338
v 2.868653 0.228289 -0.505864
v 2.782940 0.207988 -0.436881
v 2.536313 0.209783 -0.360868
v 3.249998 0.307918 -0.832681
v 3.048424 0.256072 -0.664155
v 2.758242 0.284634 -0.597296
v 3.203667 0.220579 -0.802378
v 2.712615 0.197101 -0.402275
v 2.670250 0.247353 -0.608795
v 3.213655 0.304761 -0.803410
v 3.350489 0.304672 -0.841666
v 3.717917 0.339786 -0.810128
v 4.351083 0.366439 -0.715824
v 3.920368 0.358388 -0.832458
v 4.220068 0.389463 -0.777716
v 4.037939 0.367417 -0.853151
v 4.478175 0.405686 -0.643624
v 4.883428 0.399091 -0.426989
v 4.127198 0.312203 -0.857097
v 5.016665 0.396040 -0.289931
v 4.658649 0.388565 -0.554820
v 5.095765 0.416162 -0.080635
v 3.714911 0.312242 -0.812807
v 3.923172 0.340395 -0.847121
v 4.223678 0.372835 -0.789110
v 4.046057 0.300076 -0.867836
v 4.481438 0.374530 -0.644808
v 5.066086 0.397551 -0.211440
v 5.054533 0.457735 -0.210253
v 3.227466 0.233533 -0.824346
v 2.939938 0.251922 -0.562926
v 2.929569 0.286046 -0.622594
v 0.347533 0.163903 -0.238425
v 0.054662 0.236766 -0.223688
v 0.421802 -0.304091 0.094934
v 0.173029 0.220786 -0.222904
v 0.291275 0.186030 -0.231840
v 0.155249 -0.364862 0.070137
v 0.233843 0.204028 -0.224700
v 0.405404 0.120750 -0.244998
v 0.254827 -0.339139 0.087670
v 0.539156 -0.216127 0.104003
v 0.322840 -0.304668 0.092611
v 0.493223 -0.021242 0.082058
v 5.090721 0.440714 -0.070972
v 0.285129 -0.324965 0.092498
v 0.309670 -0.312403 0.093093
v 0.349617 -0.305628 0.093390
v 1.598475 0.121335 -0.129224
v 3.306673 0.310721 -0.343955
v 0.382433 -0.254906 0.325823
v 4.971924 0.407779 -0.265221
v 4.610340 0.381344 -0.451392
v 3.679369 0.304139 -0.568658
v 2.982033 0.263342 -0.143161
v 4.256771 0.385043 -0.554431
v 5.062050 0.447466 -0.131598
v 0.508849 0.030298 0.038767
v 1.276235 0.109446 -0.030051
v 2.052143 0.167487 -0.208628
v 0.830236 0.060764 0.145235
v 0.298963 -0.301027 0.337402
v 2.317097 0.224868 -0.173207
v 4.968496 0.457656 -0.268412
v 3.205128 0.296739 -0.273255
v 3.427470 0.310296 -0.427434
v 4.606091 0.417481 -0.451929
v 1.969844 0.115875 0.001146
v 4.816573 0.433039 -0.360543
v 4.261168 0.349484 -0.554329
v 5.075936 0.448902 -0.067374
v 3.959215 0.364164 -0.567221
v 2.492923 0.240213 -0.138363
v 4.423085 0.402071 -0.516074
v 0.627949 0.051644 0.100415
v 0.712393 0.020573 0.338173
v 2.335941 0.204213 -0.005469
v 1.167429 0.052265 0.222934
v 3.411361 0.277183 -0.419141
v 1.468764 0.083744 0.131949
v 3.190083 0.261440 -0.264502
v 2.978035 0.225686 -0.110601
v 2.816530 0.221453 -0.005849
v 2.570251 0.209271 0.012957
v 3.605021 0.339734 -0.553891
v 3.290098 0.273557 -0.334003
v 2.807806 0.267982 -0.138516
v 3.567564 0.268954 -0.524043
v 2.737241 0.182150 0.023409
v 2.702175 0.256052 -0.137657
v 3.563172 0.340931 -0.523090
v 5.072072 0.410011 -0.128864
v 3.680519 0.332570 -0.572599
v 0.151667 -0.402575 0.346552
v 0.443769 0.049104 0.040249
v 4.821106 0.402495 -0.360737
v 5.081144 0.415949 -0.064824
v 3.960981 0.331728 -0.566795
v 4.427171 0.364768 -0.515488
v 5.039286 0.407404 -0.198224
v 5.022895 0.459229 -0.197731
v 0.335381 0.144061 0.047500
v 3.605127 0.286393 -0.554566
v 3.087930 0.264067 -0.195037
v 3.099298 0.297157 -0.201618
v 0.167510 0.191186 0.060198
v 0.109116 0.196466 0.060605
v 0.279742 0.158332 0.053488
v 0.225308 0.180118 0.058789
v 0.053005 0.200955 0.058776
v 0.388890 0.112405 0.040830
v 0.259932 -0.340983 0.347047
v 0.504762 0.004055 0.333654
v 0.315454 -0.276436 0.326522
v 0.506718 -0.180086 0.341575
v 5.080655 0.446108 -0.052640
v 0.287752 -0.312129 0.341163
v 0.307290 -0.289988 0.333082
v 0.331783 -0.262970 0.319432
v 0.393330 0.051609 0.348844
v 3.527287 0.324765 0.012905
v 0.298394 0.106653 0.357267
v 4.771224 0.433057 -0.277524
v 0.461005 0.034421 0.357153
v 3.075276 0.288409 0.278272
v 3.993820 0.323565 -0.283374
v 4.775419 0.395528 -0.276967
v 1.297158 0.104240 0.258294
v 3.390122 0.313544 0.099528
v 3.692983 0.335625 -0.088484
v 5.042368 0.414018 -0.109623
v 0.837145 0.069113 0.479137
v 1.612494 0.133668 0.158849
v 2.051791 0.172234 0.135684
v 3.942591 0.361709 -0.241970
v 2.317736 0.226762 0.240123
v 5.035694 0.447969 -0.112756
v 4.278537 0.389991 -0.269025
v 0.157642 0.152349 0.368271
v 4.575270 0.414710 -0.307911
v 4.927949 0.441894 -0.223760
v 5.059647 0.450897 -0.049838
v 2.505592 0.230586 0.320066
v 4.415739 0.401549 -0.293416
v 0.587868 0.045905 0.429837
v 2.847466 0.271579 0.341702
v 0.251730 0.119660 0.361881
v 2.718659 0.247452 0.351221
v 3.880054 0.365333 -0.206958
v 3.986019 0.361238 -0.260459
v 4.119804 0.375032 -0.263253
v 4.282014 0.356542 -0.268724
v 4.579638 0.379529 -0.307020
v 4.931867 0.409584 -0.223073
v 5.063412 0.414448 -0.047455
v 4.420080 0.363379 -0.292965
v 4.123425 0.338514 -0.263795
v 4.997189 0.413539 -0.170093
v 4.994125 0.457642 -0.173474
v 3.243961 0.301150 0.188628
v 0.107896 0.164160 0.369299
v 0.205516 0.138243 0.366901
v 0.057298 0.170767 0.369008
v 0.342738 0.092421 0.350216
v 5.065306 0.450713 -0.034703
v 1.021328 0.083474 0.787583
v 1.027095 0.075778 0.223605
v 1.084154 0.091991 -0.382965
v 1.040522 0.082204 0.531386
v 1.017491 0.069695 -0.082215
v 1.087625 -0.022346 -0.657451
v 1.086557 0.114033 -0.461209
v 1.088168 0.075883 -0.559058
v 1.029673 0.071583 0.800396
v 1.086811 -0.061693 -0.676948
v 1.003076 -0.192674 -0.437751
v 1.081107 -0.099777 -0.548962
v 1.050376 0.078240 -0.276949
v 1.090906 -0.055420 -0.594062
v 0.979162 0.046379 0.576670
v 0.939074 0.037632 0.407847
v 0.906528 -0.000461 -0.296320
v 0.875019 0.020082 -0.028000
v 0.886575 0.039401 0.190800
v 0.940407 -0.122765 -0.311895
v 0.890995 0.024037 -0.201385
v 1.065756 0.087563 -0.319937
v 1.039348 0.090320 0.804617
v 1.019237 0.040438 0.713448
v 1.051148 0.074237 0.685448
v 0.876024 0.030608 0.089066
v 1.032020 0.070373 -0.192970
v 0.910161 0.035432 0.290275
v 1.019354 0.082396 0.067105
v 1.035010 0.081207 0.378604
v 1.826932 0.144177 -0.007603
v 1.779170 0.140994 -0.725458
v 1.839232 0.160972 0.303878
v 1.823434 0.136714 -0.327499
v 1.840017 0.179189 0.535026
v 1.744046 0.147207 -0.824054
v 1.730240 0.094989 -0.867570
v 1.763238 0.143881 -0.776212
v 1.852953 0.157585 0.576207
v 1.749560 -0.028869 -0.741273
v 1.728113 0.065770 -0.885394
v 1.768744 0.005702 -0.822655
v 1.799799 0.139346 -0.582263
v 1.753570 0.053127 -0.851047
v 1.686336 0.086011 -0.027850
v 1.686040 0.078414 -0.597175
v 1.622958 0.070429 -0.249501
v 1.754183 0.110175 0.177502
v 1.804305 0.126550 0.344404
v 1.727132 0.006379 -0.644550
v 1.652441 0.099343 -0.460819
v 1.792205 0.141843 -0.638961
v 1.862897 0.186425 0.583713
v 1.835259 0.144913 0.495242
v 1.847360 0.175388 0.469044
v 1.646408 0.076815 -0.123845
v 1.813552 0.133782 -0.465247
v 1.719304 0.099810 0.066547
v 1.825309 0.144411 -0.168926
v 1.832143 0.152951 0.147267
v 0.017511 -0.262320 -2.183258
v 1.227060 0.068506 0.394862
v 2.026361 0.136184 0.218652
v 0.750353 0.022363 0.569621
v 1.532127 0.100540 0.303254
v 2.381549 0.195682 0.300813
v 3.673916 0.302468 -0.083846
v 3.362680 0.277681 0.102362
v 3.057263 0.236238 0.294411
v 2.600019 0.211208 0.389664
v 3.500163 0.295274 0.018257
v 2.839546 0.225232 0.418950
v 2.735675 0.190843 0.438297
v 3.915048 0.325121 -0.169584
v 3.224750 0.266157 0.187282
v 0.137412 -0.316508 0.559913
v 0.231676 -0.234741 0.537044
v 0.533184 0.013201 0.596235
v 0.505738 -0.137127 0.595022
v 0.410251 -0.230859 0.589809
v 0.296440 -0.234493 0.556385
v 0.264024 -0.226725 0.542587
v 0.253335 -0.226113 0.537471
v 0.276320 -0.228396 0.547353
v 0.339894 -0.244089 0.573715
v 0.959209 0.042492 0.492328
v 1.779244 0.118362 0.260953
v 2.759689 0.266877 -1.139389
v 2.743453 0.234663 -1.186052
v 2.719714 0.231395 -1.182214
v 2.738810 0.262176 -1.133456
v 0.000000 0.119925 -1.656307
v 0.000000 -0.103864 -2.165734
v -0.000000 -0.579033 -1.553588
v -0.000000 -0.497087 -1.586490
v 0.000000 -0.463136 -0.645018
v 0.000000 -0.315361 -0.055918
v -0.000000 0.046561 0.901868
v -0.000000 0.068745 0.822073
v -4.208661 0.368582 0.321128
v -3.634189 0.322660 0.367401
v -2.996464 0.264270 0.783543
v -2.775125 0.275991 -1.103957
v -3.183580 0.297212 -0.523450
v -3.423664 0.322447 -0.163919
v -2.797026 0.270266 -1.125969
v -2.748282 0.272509 -1.085986
v -2.698114 0.269277 -1.092914
v -3.281083 0.298236 -0.593099
v -3.100019 0.287170 -0.465357
v -2.926785 0.269744 -0.364624
v -3.613224 0.332094 0.184065
v -2.935629 0.270092 -0.853054
v -3.569129 0.321125 -0.258990
v -4.117533 0.380561 -0.949489
v -4.185374 0.381237 -0.110838
v -3.043934 0.306040 -1.172431
v -2.065773 0.192878 0.561495
v -1.601767 0.164406 0.531549
v -1.283085 0.126916 0.624423
v -0.813299 0.050992 0.963006
v -2.058918 0.173878 0.306413
v -1.619545 0.148066 0.301344
v -1.304649 0.117569 0.401173
v -0.838512 0.060182 0.640695
v -2.048362 0.166496 -0.031933
v -1.605502 0.121858 0.016727
v -1.288264 0.097516 0.115598
v -0.833229 0.073167 0.314175
v -2.055403 0.165531 -0.387204
v -1.591464 0.107896 -0.267793
v -1.268814 0.083828 -0.165280
v -0.835031 0.054966 -0.019618
v -1.989338 0.169108 -0.871452
v -1.569001 0.112879 -0.579465
v -1.291046 0.114232 -0.422354
v -0.932757 0.069480 -0.374943
v -0.622910 -0.017157 -0.504475
v -0.526991 0.035681 -0.126429
v -0.494745 0.031533 0.206060
v -0.426601 0.028611 0.514871
v -0.446888 0.078282 0.921087
v -2.317875 0.221814 -0.832622
v -2.320200 0.222754 -0.394114
v -2.312854 0.232538 0.040916
v -2.328006 0.220227 0.438234
v -2.381638 0.218433 0.723249
v -3.303023 0.306310 -0.083786
v -3.030646 0.268088 0.068398
v -3.495808 0.346420 -1.083317
v -3.371500 0.306081 0.474972
v -3.002518 0.273064 -0.887037
v -2.882647 0.271774 -0.838034
v -2.804185 0.261130 -0.804876
v -3.803420 0.346744 0.078788
v -3.448047 0.316866 0.277170
v -3.100933 0.285132 0.484737
v -3.848861 0.369437 -1.027393
v -3.916187 0.341139 0.304606
v -2.285041 0.220194 -1.046160
v -0.626359 0.034777 -0.593404
v -0.943505 0.104803 -0.457502
v -1.284445 0.121883 -0.492752
v -1.559092 0.114969 -0.632167
v -1.967384 0.172792 -0.920257
v -2.265568 0.237107 -1.094462
v -0.641018 0.011453 -0.678681
v -0.957422 0.046312 -0.554344
v -1.271855 0.109655 -0.585898
v -1.522445 0.129426 -0.690451
v -1.951072 0.163710 -0.951387
v -2.253970 0.232991 -1.119319
v -0.640306 -0.057113 -0.724196
v -0.964262 -0.045868 -0.653732
v -1.265567 0.011392 -0.689216
v -1.506972 0.059763 -0.753627
v -1.938933 0.128936 -0.975241
v -2.247457 0.183285 -1.139789
v -4.450305 0.384700 -0.803814
v -4.719041 0.430849 -0.636012
v -4.924864 0.437373 -0.467699
v -5.040481 0.437141 -0.296910
v -5.107273 0.434423 -0.153009
v -4.262727 0.385290 -0.664219
v -4.626768 0.416971 -0.513263
v -4.844978 0.429581 -0.398874
v -4.987131 0.466146 -0.281768
v -5.075816 0.450945 -0.139231
v -4.262866 0.385156 -0.428257
v -4.587630 0.416312 -0.383386
v -4.791660 0.430445 -0.320590
v -4.946571 0.448201 -0.247699
v -5.048048 0.447302 -0.122355
v -4.296415 0.390170 -0.112615
v -4.564577 0.413415 -0.221795
v -4.753060 0.430009 -0.224829
v -4.910153 0.441590 -0.194307
v -5.022346 0.447737 -0.102144
v -4.306481 0.390507 -0.016507
v -4.557961 0.412762 -0.104811
v -4.738818 0.429263 -0.144599
v -4.894825 0.440154 -0.149912
v -5.004936 0.445331 -0.087857
v -4.363666 0.386389 0.167312
v -4.546266 0.411155 0.020810
v -4.720141 0.428897 -0.046800
v -4.891375 0.438248 -0.089837
v -4.988060 0.442887 -0.067958
v -5.099574 0.431709 -0.086959
v -5.083879 0.445073 -0.077358
v -5.068173 0.452299 -0.057554
v -5.048961 0.449244 -0.043850
v -5.033639 0.447277 -0.040731
v -5.014564 0.444905 -0.044321
v -3.058671 0.229218 -1.231779
v -3.505209 0.225269 -1.125691
v -4.208122 0.381765 -0.022331
v -3.862201 0.271582 -1.044837
v -4.093109 0.285156 -0.980125
v -4.467829 0.328968 -0.817986
v -4.598215 0.346637 -0.755412
v -4.738201 0.357188 -0.646877
v -4.939729 0.371382 -0.473599
v -5.051475 0.395828 -0.296402
v -5.111580 0.412981 -0.151279
v -3.021138 0.250681 -1.246162
v -3.507784 0.274468 -1.135585
v -4.278698 0.376189 0.248260
v -3.861545 0.297912 -1.060089
v -4.100918 0.303384 -1.001886
v -4.472172 0.341145 -0.831565
v -4.607423 0.362964 -0.771166
v -4.743549 0.370678 -0.653728
v -4.943977 0.386920 -0.475804
v -5.055359 0.406755 -0.296688
v -5.113296 0.420571 -0.152920
v -3.041922 0.285725 -1.228864
v -3.498734 0.316895 -1.133445
v -4.281840 0.351837 0.250040
v -3.854751 0.338725 -1.061650
v -4.112703 0.343864 -0.991790
v -4.471425 0.366538 -0.828676
v -4.598448 0.390053 -0.768479
v -4.738410 0.393176 -0.653317
v -4.939491 0.404322 -0.472468
v -5.049979 0.418581 -0.296308
v -5.110945 0.428282 -0.153228
v -4.442590 0.400233 0.099386
v -4.442961 0.401412 -0.597682
v -4.574915 0.410387 -0.745426
v -2.995452 0.249549 0.786285
v -3.640295 0.306907 0.378292
v -4.212581 0.342380 0.318200
v -4.413388 0.399569 -0.415139
v -4.414567 0.400288 -0.053975
v -4.418140 0.400804 -0.167544
v -2.078558 0.180374 0.614868
v -1.613777 0.146012 0.560538
v -1.299861 0.108448 0.648209
v -0.812759 0.036526 0.965023
v -2.386717 0.187747 0.761010
v -3.380126 0.292227 0.482047
v -3.915453 0.325008 0.324412
v -4.360767 0.364306 0.167669
v -4.548045 0.399177 0.022098
v -4.719469 0.413881 -0.052246
v -4.891429 0.412238 -0.088776
v -4.993761 0.412941 -0.060495
v -5.016751 0.416243 -0.038599
v -4.439445 0.381185 0.093365
v -2.301208 0.126173 -1.068200
v -1.987962 0.056768 -0.887808
v -1.511157 -0.114507 -0.594739
v -1.221757 -0.174158 -0.468980
v -0.842175 -0.199281 -0.431632
v -0.588885 -0.345138 -0.507188
v -2.285651 0.107226 -1.105482
v -1.983508 0.050029 -0.938457
v -1.539404 -0.039903 -0.700582
v -1.281238 -0.020431 -0.569575
v -0.935431 -0.182757 -0.555757
v -0.592363 -0.291055 -0.668641
v -2.253098 0.141193 -1.143544
v -1.939187 0.100551 -0.983460
v -1.502464 0.029711 -0.781056
v -1.268173 -0.024740 -0.718070
v -0.958607 -0.087214 -0.663588
v -0.627363 -0.161952 -0.772534
v -1.276468 0.101227 -0.318140
v -0.886114 0.054710 -0.263469
v -0.580507 -0.000341 -0.353085
v -2.020744 0.168794 -0.707601
v -1.578854 0.109898 -0.456925
v -1.292689 -0.018892 -0.635811
v -1.534009 0.026283 -0.726713
v -2.264845 0.118626 -1.133563
v -0.940216 -0.082673 -0.571715
v -1.958555 0.078692 -0.969110
v -0.610918 -0.232297 -0.730344
v -0.568072 0.037965 0.598052
v -0.592062 0.036099 0.982446
v -0.617188 0.061759 0.273270
v -0.761392 0.025902 -0.444270
v -0.647174 0.048264 -0.067160
v -0.790337 -0.052711 -0.671092
v -0.774566 0.031048 -0.515358
v -0.790206 0.032171 -0.610809
v -0.737938 -0.227538 -0.616907
v -0.770841 -0.127974 -0.694942
v -0.711204 -0.307692 -0.459548
v -0.712321 0.033321 -0.311138
v -0.755363 -0.177378 -0.654239
v -2.489982 0.253093 -0.837540
v -2.493933 0.246827 -0.374918
v -2.494991 0.232659 0.093109
v -2.515968 0.227926 0.548956
v -2.556787 0.229828 0.875263
v -2.435840 0.242423 -1.210168
v -2.443632 0.263893 -1.185060
v -2.426868 0.204083 -1.236479
v -2.469406 0.252786 -1.115828
v -2.561841 0.204206 0.914192
v -2.431474 0.159601 -1.238408
v -2.460641 0.121133 -1.192386
v -2.475212 0.142937 -1.153788
v -2.442389 0.131256 -1.225920
v -2.612259 0.212547 0.545569
v -2.555811 0.208677 -0.175162
v -2.587779 0.209868 0.233758
v -0.765446 0.026916 0.665772
v -1.252441 0.076758 0.467304
v -2.048673 0.141094 0.313242
v -4.075240 0.293885 -0.100278
v -0.735189 0.017073 0.473197
v -1.201767 0.060481 0.322482
v -2.004049 0.131274 0.124062
v -0.694213 0.036648 0.225667
v -1.138919 0.043508 0.137146
v -1.935230 0.102914 -0.103168
v -0.702453 0.016792 -0.019521
v -1.104442 0.032324 -0.054642
v -1.866230 0.084308 -0.352102
v -0.738516 0.009512 -0.364704
v -1.134334 -0.007614 -0.258136
v -1.937138 0.141801 -0.799367
v -1.437442 0.069107 0.047469
v -1.424236 0.054147 -0.409389
v -1.379686 0.056550 -0.146899
v -1.504317 0.089076 0.230942
v -2.475654 0.215343 -1.106829
v -1.559936 0.112005 0.375566
v -2.260275 0.184327 -0.496094
v -2.514996 0.216332 -0.578297
v -2.363565 0.208843 0.171425
v -2.285970 0.175158 -1.013345
v -2.399531 0.182522 0.430201
v -2.310886 0.190260 -0.156842
v -3.087239 0.251124 0.462306
v -3.426811 0.282904 0.254289
v -3.774172 0.312869 0.058414
v -2.814911 0.225254 -0.690672
v -2.889825 0.241948 -0.767335
v -2.961298 0.242091 -0.865199
v -3.027286 0.221351 0.126516
v -3.298548 0.272457 -0.049566
v -3.573660 0.292066 -0.226106
v -2.923915 0.239506 -0.810272
v -3.579789 0.299648 0.165241
v -2.923714 0.231722 -0.314780
v -3.087778 0.258176 -0.445106
v -3.263987 0.267129 -0.578701
v -3.420536 0.290900 -0.128728
v -3.170492 0.259745 -0.507825
v -2.671024 0.258927 -1.099123
v -2.794762 0.240354 0.933281
v -2.831996 0.266710 0.090666
v -2.725030 0.281917 -0.810128
v -2.849434 0.271497 0.597153
v -2.784203 0.294252 -0.366848
v -2.638298 0.272798 -1.245248
v -2.629831 0.259640 -1.306566
v -2.630864 0.224032 -1.321321
v -2.791358 0.216001 0.993834
v -2.846408 0.229599 0.593562
v -2.751416 0.194552 -0.656135
v -2.832683 0.220865 0.244337
v -2.802490 0.221139 -0.226680
v -2.677612 0.179162 -1.071998
v -2.556152 0.250310 -1.281608
v -2.568142 0.273549 -1.230540
v -2.550128 0.216863 -1.299172
v -2.603712 0.259758 -1.100047
v -2.648401 0.250593 -0.821270
v -2.690990 0.241032 -0.369643
v -2.712479 0.254700 0.096258
v -2.718293 0.247516 0.614871
v -2.672162 0.226059 0.987397
v -2.666471 0.211228 1.038142
v -2.553617 0.176489 -1.297146
v -2.581840 0.123387 -1.244967
v -2.595195 0.116816 -1.200009
v -2.565997 0.145008 -1.277248
v -2.693884 0.197330 -0.631813
v -2.737160 0.180458 0.265317
v -2.599188 0.189075 -1.106982
v -2.734190 0.201228 0.611278
v -2.726494 0.186654 -0.190553
v -3.388784 0.312580 -0.671975
v -4.034407 0.379076 -0.985129
v -4.128253 0.363470 0.338303
v -4.017414 0.287113 -0.998424
v -4.027944 0.337390 -1.014179
v -4.018817 0.303937 -1.014886
v -4.129286 0.332981 0.338009
v -3.999685 0.336380 -0.053532
v -3.012609 0.222650 -0.937147
v -3.790452 0.308545 -0.340427
v -3.387934 0.228739 -0.671465
v -2.780865 0.266424 -1.256881
v -4.095766 0.365581 -0.069805
v -3.093121 0.287429 -0.955164
v -3.782293 0.348752 -0.401537
v -3.424050 0.326653 -0.700181
v -2.829838 0.276684 -1.201613
v -3.732682 0.350214 -0.368897
v -3.058574 0.296299 -0.922579
v -4.009024 0.378186 -0.032291
v -2.800713 0.266267 -1.168578
v -0.764607 -0.079530 -0.402600
v -1.176486 -0.138886 -0.264729
v -1.482839 -0.076500 -0.439178
v -1.971425 0.089258 -0.849921
v -2.298981 0.147575 -1.052772
v -2.477295 0.169194 -1.140271
v -2.597341 0.139864 -1.166633
v -2.628529 0.168859 -1.331075
v -2.649049 0.136580 -1.298783
v -2.669451 0.128996 -1.257777
v -2.675611 0.134387 -1.209840
v -2.674833 0.132515 -1.156035
v -2.806431 0.223805 -1.059034
v -2.708862 0.261001 -1.310381
v -2.687764 0.271579 -1.247280
v -2.848112 0.258850 -1.283368
v -2.757882 0.264886 -1.221251
v -4.058944 0.318151 -0.167592
v -3.844209 0.314655 -0.423173
v -3.511384 0.289145 -0.705572
v -3.094385 0.251177 -0.983717
v -4.087865 0.369344 -0.137390
v -3.213148 0.291325 -0.960464
v -3.846569 0.348321 -0.415257
v -3.512882 0.314807 -0.714912
v -4.043154 0.369285 -0.426173
v -3.877663 0.352572 -0.702387
v -3.627849 0.330057 -0.895025
v -4.248508 0.378121 -0.889517
v -4.234639 0.306109 -0.906276
v -4.233819 0.320026 -0.919245
v -4.242708 0.347085 -0.914380
v -4.113585 0.378096 -0.810313
v -4.044573 0.371898 -0.821220
v -3.986581 0.361952 -0.774729
v -4.168454 0.380886 -0.749398
v -4.120251 0.374221 -0.866314
v -4.034305 0.364763 -0.886778
v -3.890450 0.351718 -0.885287
v -4.234818 0.386686 -0.811368
v -5.098742 0.461207 -0.147991
v -4.384518 0.396198 -0.749560
v -4.886672 0.463984 -0.439859
v -5.017618 0.461563 -0.289225
v -4.677260 0.430820 -0.586025
v -5.093892 0.447303 -0.095407
v -4.512866 0.411476 -0.682290
v -4.122716 0.258700 -0.941676
v -4.189555 0.345428 -0.111330
v -3.029284 0.209495 -1.164847
v -3.583813 0.283866 -1.040031
v -3.862438 0.285367 -0.987255
v -4.456846 0.323138 -0.797374
v -4.721011 0.349880 -0.633666
v -4.924821 0.371016 -0.458642
v -5.041471 0.391875 -0.294766
v -4.266790 0.348174 -0.664029
v -4.630674 0.384870 -0.512046
v -4.849990 0.402265 -0.397925
v -4.995604 0.404090 -0.280860
v -5.087096 0.410845 -0.137774
v -4.267395 0.349499 -0.428344
v -4.591929 0.379300 -0.382741
v -4.795681 0.398607 -0.320478
v -4.950018 0.409425 -0.245858
v -5.055797 0.412516 -0.119162
v -4.300714 0.354103 -0.112290
v -4.568707 0.379544 -0.221189
v -4.757488 0.392802 -0.224548
v -4.914623 0.407862 -0.194076
v -5.028411 0.413173 -0.098679
v -4.310750 0.355416 -0.015510
v -4.561237 0.379241 -0.105607
v -4.742782 0.393600 -0.144145
v -4.898018 0.409210 -0.149961
v -5.010302 0.412864 -0.084407
v -5.089858 0.415942 -0.074506
v -5.071880 0.415622 -0.054876
v -5.052872 0.413505 -0.041455
v -5.038334 0.412720 -0.038158
v -4.212129 0.346672 -0.021734
v -4.446419 0.366683 -0.596724
v -4.573703 0.318605 -0.735932
v -4.417786 0.363373 -0.414961
v -4.419608 0.362820 -0.053280
v -4.422560 0.363477 -0.167200
v -4.037391 0.270497 -0.968551
v -4.046686 0.337989 -0.427652
v -3.882013 0.317503 -0.701179
v -3.597769 0.292731 -0.920010
v -4.254471 0.303301 -0.876834
v -4.115729 0.349835 -0.822421
v -4.049639 0.346973 -0.832617
v -3.993398 0.332422 -0.779534
v -4.172109 0.363519 -0.756035
v -4.133203 0.270797 -0.893477
v -4.044869 0.259196 -0.910126
v -3.889153 0.279036 -0.903201
v -4.248503 0.331670 -0.835830
v -5.100644 0.408622 -0.143983
v -4.405404 0.361298 -0.770409
v -4.913959 0.385688 -0.451542
v -5.033427 0.393267 -0.295806
v -4.691945 0.369735 -0.598691
v -5.098650 0.415478 -0.085787
v -4.535317 0.362732 -0.706826
v -5.105731 0.409483 -0.147890
v -5.041705 0.456650 -0.207686
v -4.960989 0.444729 -0.125664
v -5.006401 0.463229 -0.186108
v -5.080185 0.435227 -0.218317
v -4.978883 0.447768 -0.154437
v -4.955091 0.441370 -0.088455
v -5.091290 0.408186 -0.217351
v -5.085349 0.417882 -0.217388
v -5.090313 0.398647 -0.217093
v -4.961115 0.415403 -0.086058
v -5.065460 0.460632 -0.213198
v -5.056311 0.402160 -0.207489
v -4.965542 0.411268 -0.123966
v -5.016972 0.412403 -0.185978
v -4.981074 0.411909 -0.151273
v -5.075967 0.394274 -0.214772
v -5.083924 0.393870 -0.216065
v -5.106303 0.423628 -0.102495
v -5.103257 0.428640 -0.096074
v -5.105029 0.419323 -0.102420
v -5.101778 0.416600 -0.093209
v -2.987261 0.207068 -1.458180
v -2.972444 0.238212 -1.493693
v -2.883254 0.229970 -1.435181
v -2.798913 0.226224 -1.396541
v -2.904784 0.182845 -1.404133
v -2.826319 0.170975 -1.364375
v -2.921326 0.236851 -1.367848
v -2.846420 0.236917 -1.341509
v -2.895678 0.269950 -1.404941
v -2.821049 0.259726 -1.361405
v -2.987883 0.240572 -1.437214
v -2.980799 0.269613 -1.458059
v -3.034496 0.257430 -1.468198
v -3.040535 0.243986 -1.493608
v -3.033268 0.243927 -1.459787
v -3.039203 0.224300 -1.468824
v -3.057855 0.255477 -1.455089
v -3.065735 0.249045 -1.464234
v -3.054698 0.247981 -1.451579
v -3.059701 0.240241 -1.456504
v -3.064623 0.254741 -1.445683
v -3.068454 0.250541 -1.448396
v -3.061271 0.249648 -1.443783
v -3.064860 0.246999 -1.446751
v -2.786030 0.267663 -1.326602
v -2.729721 0.244909 -1.353942
v -3.419537 0.257392 -0.698803
v -3.025699 0.204409 -0.959025
v -3.831437 0.282937 -0.370527
v -2.847885 0.241255 -1.286400
v -2.728029 0.158190 -1.344086
v -3.050751 0.219034 -1.091325
v -3.033525 0.204250 -1.203487
v -3.338444 0.280972 -1.089491
v -3.354220 0.219674 -1.015834
v -3.317985 0.204551 -1.135498
v -2.847398 0.203905 -1.283551
v -2.792597 0.151000 -1.268153
v -2.824434 0.183119 -1.156464
v -1.115294 0.049325 -0.204833
v -0.723978 0.005905 -0.218082
v -1.908092 0.119978 -0.615913
v -2.711502 0.186288 -0.914360
v -1.396790 0.078708 -0.305725
v -2.274535 0.174719 -0.812653
v -2.494231 0.212270 -0.904979
v -2.642687 0.199315 -0.929994
v -2.821060 0.141581 -1.204862
v -2.815896 0.183388 -1.105469
v -2.768870 0.221656 -0.825703
v -2.819208 0.236302 -0.877013
v -2.810046 0.244139 -0.981965
v -2.843095 0.237030 -0.906084
v -3.195863 0.262761 0.600296
v -3.276295 0.259089 0.344599
v -2.859446 0.242585 -0.731102
v -3.173203 0.273226 0.029966
v -3.013011 0.244929 -0.387614
v -2.791987 0.232394 -0.849220
v -2.785005 0.231865 -0.924667
v -2.756325 0.226262 -0.905668
v -3.161998 0.273545 0.592166
v -2.726378 0.251936 -1.076797
v -3.018190 0.284172 -0.409056
v -3.175650 0.301492 -0.001603
v -2.845462 0.272748 -0.821793
v -3.286737 0.300795 0.373097
v -0.110068 0.200717 -0.798219
v -0.105737 0.161132 -0.908367
v -0.101452 0.152137 -0.951438
v -0.223816 0.171172 -0.800430
v -0.201577 0.116281 -0.914370
v -0.195128 0.110221 -0.960268
v -0.321708 0.108599 -0.816080
v -0.288493 0.052889 -0.923386
v -0.279249 0.051513 -0.973062
v -0.415554 0.016075 -0.839479
v -0.345053 -0.034621 -0.933005
v -0.338408 -0.029949 -0.997674
v -0.476727 -0.065558 -0.855856
v -0.368291 -0.124214 -0.935462
v -0.350045 -0.120498 -1.000912
v -0.456164 -0.359134 -0.826802
v -0.309280 -0.294178 -0.914663
v -0.314942 -0.294086 -0.999230
v -0.000000 0.202394 -0.800316
v -0.000000 0.175604 -0.913779
v -0.000000 0.168446 -0.956481
v 0.000000 0.182014 -1.182993
v 0.000000 0.173656 -1.453758
v 0.000000 0.053864 -1.762718
v 0.000000 -0.088542 -1.784658
v -0.085732 0.173650 -1.187221
v -0.085677 0.164415 -1.450334
v -0.097908 0.094135 -1.645781
v -0.106274 0.037813 -1.753058
v -0.082162 -0.088670 -1.778878
v -0.195777 0.155872 -1.202966
v -0.196313 0.155329 -1.445581
v -0.204311 0.082103 -1.618918
v -0.200722 0.000376 -1.698139
v -0.158443 -0.103378 -1.749166
v -0.293571 0.101587 -1.233781
v -0.298176 0.102753 -1.474343
v -0.232611 -0.010992 -1.532561
v -0.187339 -0.085481 -1.587647
v -0.219709 -0.164387 -1.670853
v -0.196065 -0.296928 -1.757576
v -0.182667 -0.367130 -1.918784
v -0.151606 -0.402442 -2.046989
v -0.075438 -0.424756 -2.133864
v -0.156514 -0.181688 -1.844621
v -0.142430 -0.242230 -1.932747
v -0.125332 -0.272341 -2.024173
v -0.101857 -0.281555 -2.106040
v -0.096414 -0.113826 -1.890089
v -0.094390 -0.150822 -1.955139
v -0.082038 -0.191005 -2.023091
v -0.075365 -0.211714 -2.087544
v -0.000000 -0.111260 -1.896676
v 0.000000 -0.143704 -1.959074
v 0.000000 -0.175292 -2.023382
v 0.000000 -0.189871 -2.081510
v -0.366325 -0.014935 -1.476838
v -0.325488 -0.322081 -1.304678
v -0.157212 -0.424873 -1.224470
v -0.307808 -0.165172 -1.569098
v -0.325399 -0.367268 -1.398449
v -0.151026 -0.421273 -1.319483
v -0.251656 -0.251477 -1.606182
v -0.254644 -0.390139 -1.494021
v -0.148818 -0.473821 -1.433576
v -0.217261 -0.336572 -1.666762
v -0.205319 -0.438069 -1.618602
v -0.139912 -0.537051 -1.563228
v -0.143734 -0.501214 -1.731233
v -0.108967 -0.588539 -1.919444
v -0.086169 -0.634638 -2.027638
v -0.113434 -0.586718 -1.686049
v -0.090577 -0.652573 -1.881535
v -0.057877 -0.677059 -1.993197
v -0.205738 -0.437628 -0.980511
v -0.190791 -0.414457 -0.915046
v -0.308733 -0.545092 -0.765538
v -0.365367 -0.054424 -1.180342
v -0.309837 -0.284365 -1.136811
v -0.197109 -0.433535 -1.104528
v -0.042046 -0.301554 -2.190015
v -0.135505 -0.491125 -1.747071
v -0.097539 -0.584908 -1.928932
v -0.076973 -0.623319 -2.034977
v -0.108204 -0.550962 -1.780499
v -0.063824 -0.603071 -1.928162
v -0.048906 -0.623622 -2.010318
v -0.080935 -0.588486 -1.932694
v -0.063052 -0.630081 -2.024552
v -0.119001 -0.498987 -1.751511
v -0.210430 -0.361014 -1.692295
v -0.179917 -0.360746 -1.746622
v -0.124178 -0.398224 -1.909547
v -0.096809 -0.424114 -2.047826
v -0.070033 -0.443546 -2.123855
v -0.159741 -0.439312 -1.665247
v -0.135714 -0.488015 -1.653493
v -0.111524 -0.385601 -1.699351
v -0.181530 -0.425078 -1.671614
v -0.100596 -0.388198 -1.831916
v -0.350861 0.018707 -1.311253
v -0.301147 -0.284683 -1.222581
v -0.178489 -0.438540 -1.152755
v 0.000000 -0.148888 -2.115912
v -0.040054 -0.153194 -2.124506
v -0.007238 -0.157323 -2.167085
v 0.000000 -0.153477 -2.182585
v 0.000000 -0.174015 -2.109585
v -0.048798 -0.180986 -2.127232
v -0.009317 -0.190438 -2.166440
v 0.000000 -0.185047 -2.182486
v 0.000000 -0.108335 -2.120870
v -0.021195 -0.111570 -2.127836
v -0.008110 -0.106573 -2.158023
v 0.000000 -0.063751 -2.112962
v -0.016742 -0.065697 -2.117991
v -0.011063 -0.060705 -2.140939
v 0.000000 -0.060202 -2.144984
v -0.046830 -0.208391 -2.164425
v -0.066957 -0.229610 -2.174363
v -0.058675 -0.299012 -2.181474
v -0.042524 -0.340074 -2.177504
v -0.027378 -0.369372 -2.170717
v -0.016536 -0.227481 -2.175292
v -0.038965 -0.224614 -2.166686
v -0.047374 -0.243316 -2.177695
v -0.031226 -0.335418 -2.182737
v -0.022170 -0.356576 -2.176053
v -0.012442 -0.206276 -2.172185
v -0.273638 0.141431 -0.807272
v -0.247002 0.088921 -0.919485
v -0.239046 0.083844 -0.966540
v -0.247766 0.134911 -1.214116
v -0.203851 -0.125684 -1.719930
v -0.155982 -0.030111 -1.642612
v -0.251028 0.138343 -1.445445
v -0.261958 0.056664 -1.601420
v -0.130017 -0.329830 -2.030284
v -0.090168 -0.339917 -2.114533
v -0.156169 -0.300468 -1.923502
v -0.178559 -0.228904 -1.810369
v -0.052579 0.172027 -0.911271
v -0.054436 0.202444 -0.799142
v -0.051079 0.165909 -0.954517
v -0.042032 0.177878 -1.184338
v -0.042499 0.167611 -1.451778
v -0.054026 0.045332 -1.757675
v -0.042097 -0.089748 -1.781147
v -0.051069 0.106912 -1.651723
v -0.047165 -0.138763 -1.959722
v -0.043210 -0.175030 -2.024758
v -0.047261 -0.105972 -1.896616
v -0.039436 -0.194698 -2.083954
v -0.043241 -0.394074 -2.151556
v -0.064783 -0.343834 -2.155110
v -0.081905 -0.291607 -2.153520
v -0.077854 -0.217118 -2.136032
v 0.000000 -0.201787 -2.185171
v 0.000000 -0.219433 -2.185735
v -0.149200 0.133615 -0.955170
v -0.167564 0.188115 -0.798449
v -0.155569 0.143868 -0.911747
v -0.167516 0.036977 -1.744175
v -0.119082 -0.095374 -1.765835
v -0.140101 0.167078 -1.450911
v -0.152665 0.099849 -1.640393
v -0.140495 0.171035 -1.194031
v -0.111530 -0.226220 -2.023805
v -0.099168 -0.240839 -2.097334
v -0.135198 -0.148195 -1.868738
v -0.124241 -0.192581 -1.943194
v -0.047277 -0.269467 -2.187669
v -0.067918 -0.263448 -2.181662
v -0.089399 -0.252867 -2.148273
v -0.018148 -0.254688 -2.178053
v -0.013085 -0.240457 -2.178179
v 0.000000 -0.469195 -1.223967
v -0.000000 -0.463136 -1.317035
v -0.000000 -0.511043 -1.425107
v -0.000000 -0.634336 -1.676181
v 0.000000 -0.514071 -1.010229
v 0.000000 -0.513813 -0.935204
v 0.000000 -0.494565 -0.749916
v 0.000000 -0.494499 -1.105859
v 0.000000 -0.420814 -2.161036
v -0.000000 -0.584135 -1.712406
v -0.000000 -0.628267 -1.910658
v -0.000000 -0.630609 -2.010709
v 0.000000 -0.424021 -2.138967
v -0.000000 -0.670295 -2.074103
v -0.000000 -0.650830 -2.083038
v -0.000000 -0.628373 -2.059490
v -0.000000 -0.531358 -1.614442
v -0.000000 -0.433624 -1.661646
v -0.000000 -0.391841 -1.825487
v 0.000000 -0.384539 -1.924924
v 0.000000 -0.425357 -2.031294
v 0.000000 -0.486237 -1.151004
v 0.000000 -0.381569 -2.171461
v 0.000000 -0.361074 -2.173688
v 0.000000 -0.396247 -2.165637
v 0.000000 -0.298994 -2.192360
v 0.000000 -0.329211 -2.183155
v 0.000000 -0.269308 -2.189134
v 0.000000 -0.255122 -2.180041
v 0.000000 -0.240694 -2.180117
v -0.095230 -0.453399 -1.224035
v -0.090973 -0.446315 -1.317019
v -0.090606 -0.495340 -1.428643
v -0.091872 -0.563500 -1.559688
v -0.036264 -0.685990 -2.003825
v -0.074800 -0.615030 -1.680899
v -0.061896 -0.677261 -1.877138
v -0.179358 -0.579568 -0.760799
v -0.131956 -0.479284 -0.989679
v -0.125249 -0.450599 -0.923450
v -0.121044 -0.475972 -1.105830
v -0.036216 -0.426951 -2.157373
v -0.041582 -0.620196 -1.917571
v -0.067248 -0.583303 -1.761168
v -0.030102 -0.626711 -2.014819
v -0.040348 -0.434864 -2.134455
v -0.044969 -0.661513 -2.058623
v -0.044767 -0.644545 -2.066575
v -0.035792 -0.630112 -2.049723
v -0.078949 -0.514318 -1.631119
v -0.063230 -0.413006 -1.673273
v -0.058115 -0.380520 -1.833103
v -0.058356 -0.378576 -1.933746
v -0.050870 -0.432084 -2.036540
v -0.108048 -0.470715 -1.152107
v -0.013705 -0.359099 -2.174196
v -0.016544 -0.377669 -2.170159
v -0.025885 -0.400140 -2.157458
v -0.025635 -0.300512 -2.190336
v -0.019357 -0.331787 -2.181494
v -0.028635 -0.270105 -2.186850
v -0.033207 -0.255705 -2.176434
v -0.017710 -0.234815 -2.168485
v -0.032777 -0.235376 -2.162801
v -0.039051 -0.244142 -2.168852
v -0.023654 -0.247493 -2.170717
v -0.016729 -0.241466 -2.173040
v -0.031824 -0.251448 -2.171327
v -0.015585 -0.159511 -2.142346
v -0.020948 -0.194278 -2.144873
v -0.010380 -0.111488 -2.139926
v -0.013990 -0.063903 -2.128831
v -0.030488 -0.207493 -2.164449
v -0.027827 -0.224877 -2.163768
v -0.013514 -0.247492 -2.177216
v 0.000000 -0.248651 -2.177787
v -0.023201 -0.233448 -2.163360
v -0.018926 -0.244294 -2.171084
v 0.000000 -0.044599 -2.108435
v -0.012458 -0.044873 -2.110733
v -0.010348 -0.038079 -2.127372
v 0.000000 -0.038350 -2.129647
v -0.012582 -0.041773 -2.119290
v 0.000000 -0.034635 -2.104783
v -0.010186 -0.034669 -2.105212
v -0.008398 -0.028981 -2.117953
v 0.000000 -0.028382 -2.118442
v -0.011997 -0.028790 -2.110224
v 0.000000 -0.028626 -2.108618
v -0.391404 0.161340 -1.420776
v -0.486227 0.188280 -1.379268
v -0.577621 0.207609 -1.351317
v -0.657588 0.214069 -1.333347
v -0.401697 0.134795 -1.274895
v -0.495992 0.195426 -1.259734
v -0.596798 0.210017 -1.275116
v -0.684200 0.210923 -1.295053
v -0.412118 0.096644 -1.176247
v -0.511290 0.153800 -1.177553
v -0.617323 0.173318 -1.228026
v -0.694955 0.185469 -1.276542
v -0.427709 0.042335 -1.129752
v -0.525838 0.101968 -1.136760
v -0.629836 0.141736 -1.200226
v -0.693440 0.166365 -1.259123
v -0.188283 0.122390 -1.100412
v -0.091786 0.153662 -1.085141
v 0.000000 0.162889 -1.084213
v -0.278109 0.075512 -1.127319
v -0.233175 0.098766 -1.111277
v -0.045167 0.158434 -1.084105
v -0.140692 0.141942 -1.091300
v -0.346265 0.103853 -1.265248
v -0.337190 0.127382 -1.408038
v -0.351893 0.055881 -1.170339
v -0.095187 0.146614 -1.025731
v -0.000000 0.159463 -1.027740
v -0.047065 0.153198 -1.026234
v -0.142341 0.131626 -1.030665
v -0.187592 0.109867 -1.037911
v -0.272421 0.060151 -1.060168
v -0.232953 0.088558 -1.047729
v -0.329254 -0.013223 -1.112944
v -0.331037 -0.087464 -1.092459
v -0.204044 -0.432561 -1.059343
v -0.309661 -0.286251 -1.074337
v 0.000000 -0.501491 -1.065372
v -0.127136 -0.479619 -1.062504
v -0.443545 -0.005089 -1.135906
v -0.537721 0.058401 -1.154551
v -0.626644 0.119229 -1.207231
v -0.696278 0.147287 -1.267013
v -0.696459 0.160032 -1.292061
v -0.441719 0.008986 -1.186044
v -0.361210 -0.003337 -1.247514
v -0.187786 -0.437524 -1.132851
v -0.301603 -0.282103 -1.186662
v 0.000000 -0.489997 -1.131985
v -0.114118 -0.473713 -1.132760
v -0.434542 0.025201 -1.267520
v -0.419999 0.062504 -1.317454
v -0.414910 0.094135 -1.389009
v -0.357166 -0.074875 -1.539729
v -0.336572 -0.347409 -1.344901
v -0.151582 -0.416210 -1.262056
v -0.091950 -0.444118 -1.260918
v -0.364114 0.039446 -1.381564
v -0.305957 -0.291480 -1.253215
v -0.170696 -0.435945 -1.175793
v 0.000000 -0.481179 -1.173802
v -0.103030 -0.465527 -1.174817
v -0.667340 0.197855 -1.342571
v -0.693852 0.183218 -1.309247
v -0.491204 0.146792 -1.365789
v -0.582356 0.176863 -1.348908
v -0.513225 0.077136 -1.181733
v -0.493375 0.106605 -1.257029
v -0.486359 0.145230 -1.316131
v -0.601539 0.145016 -1.217428
v -0.586935 0.167435 -1.262492
v -0.584345 0.176169 -1.319410
v -0.301443 0.144296 -1.335955
v 0.000000 0.184959 -1.306093
v -0.083086 0.186398 -1.307950
v -0.200257 0.186514 -1.315560
v -0.257800 0.170722 -1.321495
v -0.040447 0.183033 -1.306305
v -0.138168 0.192773 -1.312002
v -0.582586 0.223084 -1.316043
v -0.673184 0.221359 -1.315390
v -0.485335 0.207726 -1.323910
v -0.389350 0.165341 -1.344000
v -0.331488 0.140150 -1.341254
v -0.689313 0.189030 -1.329985
v -0.114801 0.246861 -0.511861
v -0.238207 0.221527 -0.510825
v -0.356104 0.175148 -0.526133
v -0.484342 -0.023896 -0.518517
v -0.000001 0.256589 -0.515552
v -0.297935 0.197986 -0.518203
v -0.057048 0.253918 -0.514664
v -0.175484 0.237556 -0.510749
v -0.112495 0.236697 -0.327714
v -0.236949 0.215954 -0.331151
v -0.352626 0.171000 -0.343209
v -0.456126 -0.017328 -0.344520
v -0.000001 0.246196 -0.331155
v -0.294534 0.193977 -0.338013
v -0.054787 0.242045 -0.329110
v -0.174968 0.233044 -0.329662
v -0.111003 0.214734 -0.095403
v -0.230394 0.194510 -0.098347
v -0.342437 0.153215 -0.111445
v -0.449478 0.041195 -0.121353
v -0.000000 0.222138 -0.098644
v -0.286735 0.174154 -0.104924
v -0.054239 0.218128 -0.096924
v -0.170637 0.207965 -0.096133
v -0.107167 0.180012 0.221395
v -0.217914 0.161533 0.220171
v -0.324512 0.132349 0.210474
v -0.432712 0.056113 0.205093
v -0.000000 0.188207 0.218527
v -0.271220 0.145275 0.215583
v -0.053175 0.185132 0.220087
v -0.163071 0.175680 0.220932
v -0.107711 0.142799 0.509850
v -0.193410 0.118737 0.510170
v -0.272942 0.089335 0.503703
v -0.353260 0.041910 0.499248
v -0.000000 0.162255 0.507412
v -0.232958 0.102681 0.506571
v -0.058785 0.154300 0.509320
v -0.151548 0.129590 0.508032
v -0.366628 0.068107 -0.829936
v -0.315947 0.017946 -0.986710
v -0.319562 0.009647 -0.927974
v -0.312595 -0.300898 -1.274376
v -0.099523 -0.460732 -1.193402
v -0.307963 0.088799 -1.254174
v -0.298854 0.043450 -1.155580
v -0.325173 0.125804 -1.421209
v -0.302899 0.022688 -1.088527
v -0.363568 0.025007 -1.413836
v -0.164950 -0.432225 -1.194090
v 0.000000 -0.476601 -1.192882
v -0.314851 0.131083 -1.336766
v -0.417635 0.120026 -0.528804
v -0.409911 0.120370 -0.348825
v -0.398366 0.120886 -0.119562
v -0.377133 0.106791 0.204910
v -0.308835 0.077250 0.499021
v -0.288998 0.176184 -0.717021
v -0.296630 0.195027 -0.615221
v -0.238756 0.221498 -0.607141
v -0.232765 0.200594 -0.708240
v -0.343250 0.148633 -0.727661
v -0.355308 0.171855 -0.624994
v -0.055724 0.228557 -0.708286
v -0.056800 0.246722 -0.609220
v -0.000001 0.246587 -0.609793
v -0.000001 0.228850 -0.708999
v -0.112523 0.226963 -0.707010
v -0.114446 0.243937 -0.607111
v -0.464421 -0.041459 -0.699905
v -0.495053 -0.030766 -0.606661
v -0.172656 0.217660 -0.707054
v -0.175390 0.234239 -0.606236
v -0.398874 0.096590 -0.735369
v -0.419458 0.115477 -0.630799
v -0.531036 -0.069920 -0.761521
v -0.535338 -0.180482 -0.800067
v -0.344156 -0.204116 -1.002432
v -0.445206 -0.187959 -0.822907
v -0.355038 -0.213077 -0.928469
v -0.216229 -0.373905 -1.631334
v -0.262638 -0.323456 -1.553496
v -0.347354 -0.266407 -1.502053
v -0.389674 -0.152597 -1.395143
v -0.347221 -0.155912 -1.160594
v -0.119648 -0.412465 -1.639667
v -0.197630 -0.378063 -1.670350
v -0.166463 -0.378448 -1.681189
v -0.384714 -0.124312 -1.278403
v -0.000000 -0.462680 -1.608023
v -0.070142 -0.446569 -1.620066
v -0.338895 -0.187370 -1.078042
v -0.364620 -0.135559 -1.229484
v -0.395991 -0.121646 -1.324571
v -0.380560 -0.205885 -1.454818
v -0.395114 -0.126654 -1.352677
v -0.331737 -0.252718 -1.000578
v -0.442006 -0.263363 -0.816355
v -0.332665 -0.257955 -0.920356
v -0.216275 -0.401844 -1.615838
v -0.260017 -0.358865 -1.521293
v -0.348392 -0.327393 -1.448590
v -0.383415 -0.255959 -1.335538
v -0.191457 -0.403782 -1.660610
v -0.168262 -0.413853 -1.650819
v -0.353189 -0.220394 -1.242857
v -0.000000 -0.693288 -1.874808
v -0.327267 -0.240396 -1.076344
v -0.339098 -0.219895 -1.204959
v -0.366519 -0.225307 -1.274405
v -0.386083 -0.293898 -1.396474
v -0.372820 -0.232720 -1.296958
v -0.330318 -0.226393 -1.147976
v -0.135963 -0.451296 -1.633750
v -0.077889 -0.478056 -1.609389
v -0.532125 -0.274269 -0.793192
v -0.000000 -0.459359 -1.261320
v -0.313545 -0.485569 -0.538308
v 0.000000 -0.470636 -0.515084
v -0.185446 -0.523860 -0.529066
v -0.286353 -0.439198 -0.174646
v 0.000000 -0.356631 -0.193471
v -0.183188 -0.438340 -0.180679
v -0.272966 -0.354746 0.193312
v 0.000000 -0.438024 0.208743
v -0.167892 -0.425118 0.195170
v -0.238177 -0.285500 0.478948
v 0.000000 -0.376934 0.494679
v -0.140744 -0.362359 0.493022
v -0.225176 -0.186023 0.595901
v 0.000000 -0.290472 0.621982
v -0.134080 -0.267843 0.626054
v -0.497810 -0.418072 -0.533903
v -0.505391 -0.353530 -0.188223
v -0.386097 -0.281096 0.197459
v -0.395632 -0.236106 0.489366
v -0.184948 -0.516911 -0.631599
v -0.299983 -0.484278 -0.632390
v -0.514611 -0.394703 -0.711195
v -0.396276 -0.104256 -0.888566
v -0.349108 -0.307508 -0.875748
v -0.364071 -0.016466 -0.893691
v -0.210368 0.136558 -0.865630
v -0.107574 0.176227 -0.862360
v -0.300472 0.070861 -0.877902
v -0.000000 0.187509 -0.867195
v -0.243853 -0.468828 -0.885715
v -0.256421 0.106641 -0.870894
v -0.053388 0.184461 -0.864885
v -0.160505 0.159911 -0.863836
v 0.000000 -0.478706 -0.851478
v -0.134108 -0.476198 -0.879184
v -0.337362 0.029978 -0.889291
v -0.372021 -0.200886 -0.867659
v -0.353794 -0.252708 -0.864536
v -0.159423 -0.383693 -0.036456
v -0.268786 -0.386902 -0.029868
v -0.462733 -0.319511 -0.025892
v -0.185413 -0.535953 -0.396867
v -0.182116 -0.485535 -0.273919
v -0.321925 -0.470588 -0.299061
v -0.326136 -0.504687 -0.405923
v 0.000000 -0.446669 -0.411419
v -0.000000 -0.416351 -0.309685
v -0.511530 -0.382471 -0.307035
v -0.509062 -0.409606 -0.407872
v -0.518481 0.018670 0.496376
v -0.490428 -0.143457 0.495212
v -0.494498 -0.008539 0.205225
v -0.524455 -0.203153 0.214299
v -0.525193 -0.052785 -0.051229
v -0.552641 -0.222562 -0.021626
v -0.551328 -0.058384 -0.237160
v -0.582722 -0.244380 -0.188547
v -0.594451 -0.280938 -0.305847
v -0.586038 -0.317498 -0.390737
v -0.595210 -0.104062 -0.344371
v -0.655303 -0.210786 -0.374263
v -0.547499 0.008455 0.695413
v -0.521029 -0.130207 0.693572
v -0.424874 -0.224479 0.688161
v -0.547654 0.027402 0.984198
v -0.517945 -0.050672 1.397215
v -0.535367 -0.134628 1.439688
v -0.523099 -0.116778 1.445268
v -0.440972 -0.041860 1.394176
v -0.517059 -0.053535 1.269441
v -0.465503 -0.142993 1.423774
v -0.468678 -0.117059 1.433978
v -0.380987 0.032138 1.210454
v -0.436713 -0.103909 1.223340
v -0.437343 -0.066204 1.228712
v -0.414028 -0.086830 1.032413
v -0.400970 -0.041260 1.050679
v -0.349742 -0.103741 0.883259
v -0.351429 -0.025969 0.912148
v -0.296439 0.052988 1.100602
v -0.239124 0.064216 1.021099
v -0.661259 0.004988 1.167786
v -0.572292 -0.021950 1.305801
v -0.647837 -0.027503 1.157836
v -0.581578 -0.064611 1.293837
v -0.526315 0.016987 1.101343
v -0.532041 -0.104839 0.949090
v -0.524071 -0.099218 1.065528
v -0.516793 -0.118466 1.251160
v -0.462063 -0.147156 0.929675
v -0.476160 -0.120357 1.046539
v -0.478860 -0.140308 1.232235
v -0.248386 -0.080453 0.737608
v -0.257157 -0.014463 0.772221
v -0.113077 0.053752 0.958693
v -0.062003 0.053443 0.925890
v -0.217746 -0.439836 -1.462032
v -0.242148 -0.392392 -1.355958
v -0.238886 -0.369416 -1.306293
v -0.186032 -0.489153 -1.589012
v -0.076431 -0.662224 -2.020216
v -0.118694 -0.621042 -1.903683
v -0.148420 -0.543340 -1.711747
v -0.414910 -0.454661 -0.808968
v -0.263496 -0.358448 -0.914305
v -0.275749 -0.364919 -0.996028
v -0.264516 -0.358356 -1.120849
v -0.247671 -0.362437 -1.188436
v -0.000000 -0.679460 -2.063230
v -0.039426 -0.672954 -2.054477
v -0.269479 -0.357594 -1.068333
v -0.255990 -0.361410 -1.160266
v -0.233110 -0.360055 -1.268622
v -0.239214 -0.360314 -1.214850
v -0.234966 -0.359138 -1.235153
v -0.298287 -0.252039 0.467570
v -0.318637 -0.288649 0.191400
v -0.418331 -0.400553 -0.187545
v -0.406294 -0.453153 -0.540095
v -0.416622 -0.464888 -0.660678
v -0.316195 -0.387961 -0.883129
v -0.367346 -0.350587 -0.023704
v -0.427085 -0.461775 -0.409535
v -0.425383 -0.429263 -0.305443
v -0.294591 -0.215906 0.644327
v -0.152005 -0.084579 0.707917
v -0.135832 -0.043188 0.752857
v -0.000000 -0.116137 0.724675
v -0.000000 -0.046705 0.758947
v -2.874040 0.265250 -0.937885
v -2.767762 0.262547 -0.912923
v -2.830278 0.264297 -0.927454
v -2.924400 0.270408 -0.967673
v -4.549929 0.411003 0.034262
v -2.977298 0.260604 0.817264
v -1.300966 0.131673 0.642509
v -4.369030 0.389103 0.188090
v -4.988168 0.438609 -0.066352
v -3.920830 0.337492 0.328189
v -2.393425 0.209490 0.756861
v -0.832728 0.060362 0.983360
v -2.707215 0.297631 -0.915294
v -3.002241 0.273283 -1.034402
v -3.149358 0.288438 -1.029986
v -4.286836 0.381116 0.281353
v -3.584692 0.322754 -0.954553
v -4.120727 0.376614 -0.892105
v -3.877969 0.346985 -0.926512
v -4.242786 0.381504 -0.841325
v -5.104266 0.449114 -0.151170
v -4.407986 0.400203 -0.780512
v -4.896746 0.463923 -0.448205
v -5.027542 0.460599 -0.293125
v -4.690166 0.433649 -0.600956
v -5.097757 0.440995 -0.090253
v -3.166992 0.278549 0.629325
v -0.055378 0.248485 -0.386924
v -0.113158 0.240510 -0.384957
v -0.464115 -0.020287 -0.402127
v -0.175148 0.232357 -0.385788
v -0.296074 0.196785 -0.393265
v -0.411285 0.120168 -0.403328
v -0.305148 0.021567 1.086815
v -1.285540 0.113134 -0.362129
v -0.903021 0.063418 -0.318648
v -0.596404 -0.010677 -0.396827
v -2.008575 0.172949 -0.773917
v -1.575834 0.110737 -0.504005
v -4.535091 0.419318 -0.705490
v -2.310201 0.219608 -0.923048
v -0.729658 0.026940 -0.352905
v -2.486098 0.250265 -0.940597
v -2.635719 0.249239 -0.924243
v -2.964168 0.291357 -1.001411
v -4.035433 0.364591 -0.916501
v -5.072587 0.458742 -0.215710
v -4.720690 0.425198 -0.039075
v -4.441850 0.400518 0.112314
v -5.015882 0.441233 -0.037808
v -4.219036 0.373924 0.365562
v -4.891107 0.433170 -0.087597
v -3.636828 0.315742 0.384314
v -2.555003 0.219159 0.938422
v -2.779026 0.244155 0.998045
v -2.660118 0.248035 1.061683
v -4.136508 0.361746 0.380147
v -5.038505 0.446532 -0.027740
v -5.054205 0.449565 -0.029283
v -5.074575 0.450497 -0.042142
v -5.086174 0.442012 -0.062568
v -4.956758 0.436818 -0.090206
v -1.624866 0.173937 0.568819
v -2.088433 0.197818 0.621600
v -2.802494 0.261977 -0.918200
v -3.367092 0.300122 0.511168
v -0.000001 0.249710 -0.388020
v -0.354578 0.174310 -0.399494
v -0.237673 0.216970 -0.386013
v -0.521314 -0.069440 1.415344
v -0.443799 -0.069236 1.404149
v -0.377538 -0.011842 1.227786
v -0.267452 0.054175 0.987855
v -0.588906 -0.034971 1.309849
v -0.678140 -0.000329 1.175895
v -0.138289 0.023534 0.933469
v -0.086031 0.020413 0.923318
v -0.000000 0.020470 0.906522
v -0.373264 0.088446 0.891048
v -0.186844 -0.458996 -1.445737
v -0.195439 -0.402691 -1.336436
v -0.192828 -0.388324 -1.282347
v -0.167839 -0.515791 -1.574391
v -0.066941 -0.674470 -2.011451
v -0.105909 -0.636860 -1.891662
v -0.133787 -0.566393 -1.697386
v -0.377712 -0.502780 -0.787699
v -0.231280 -0.390692 -0.913344
v -0.246252 -0.402008 -0.989726
v -0.195631 -0.391543 -1.243399
v -0.305670 -0.310945 0.194320
v -0.373066 -0.418095 -0.184511
v -0.365972 -0.462916 -0.540380
v -0.175190 0.060711 0.994192
v -0.309323 -0.009819 0.822573
v -0.293188 -0.084660 0.805368
v -0.235595 -0.395958 -1.111699
v -0.217184 -0.401792 -1.168841
v -0.032515 -0.680672 -2.045383
v -0.242075 -0.394724 -1.063859
v -0.225963 -0.399758 -1.145084
v -0.208671 -0.399705 -1.193262
v -0.202673 -0.396694 -1.211959
v -0.271206 -0.259796 0.471312
v -0.361297 -0.472701 -0.642115
v -0.292484 -0.430969 -0.886558
v -0.328982 -0.366749 -0.022207
v -0.384015 -0.478033 -0.408931
v -0.382019 -0.443081 -0.305275
v -0.256848 -0.193133 0.613813
v -0.204704 0.036872 0.949956
v -0.171657 -0.465220 -1.439299
v -0.176342 -0.409756 -1.327362
v -0.175376 -0.400059 -1.271048
v -0.156880 -0.524924 -1.568254
v -0.061693 -0.677852 -2.005778
v -0.099928 -0.642720 -1.886557
v -0.126281 -0.575052 -1.691420
v -0.353293 -0.523527 -0.776166
v -0.217248 -0.401658 -0.912767
v -0.232852 -0.418041 -0.985150
v -0.180223 -0.406305 -1.232722
v -0.297266 -0.322603 0.194318
v -0.349048 -0.426432 -0.181928
v -0.348678 -0.468593 -0.539678
v -0.292649 -0.007938 0.797666
v -0.275718 -0.084272 0.780133
v -0.173506 0.029847 0.941387
v -0.144921 0.056703 0.981092
v -0.222198 -0.412198 -1.107527
v -0.203025 -0.418581 -1.160036
v -0.030043 -0.683983 -2.035206
v -0.228874 -0.410432 -1.061305
v -0.212515 -0.416645 -1.138345
v -0.194484 -0.416335 -1.183652
v -0.188361 -0.413081 -1.202081
v -0.260694 -0.266946 0.473671
v -0.339055 -0.475922 -0.636684
v -0.279354 -0.450236 -0.886851
v -0.309825 -0.375322 -0.023062
v -0.364794 -0.483815 -0.408661
v -0.363366 -0.451040 -0.304522
v -0.246005 -0.185451 0.601525
v -0.206699 0.064499 1.003198
v -0.248793 -0.379036 -1.115864
v -0.231436 -0.384364 -1.177809
v -0.036322 -0.677452 -2.051651
v -0.254970 -0.378272 -1.066034
v -0.239925 -0.382752 -1.152000
v -0.223141 -0.382450 -1.203100
v -0.217344 -0.379753 -1.222257
v -0.282183 -0.252702 0.467641
v -0.385527 -0.469641 -0.649220
v -0.303575 -0.411410 -0.885419
v -0.345982 -0.358069 -0.022720
v -0.403714 -0.471744 -0.409098
v -0.401560 -0.436804 -0.305371
v -0.270445 -0.202934 0.626603
v -0.201625 -0.451152 -1.453024
v -0.216131 -0.397160 -1.345598
v -0.212601 -0.378244 -1.293816
v -0.177473 -0.504298 -1.581100
v -0.071485 -0.669514 -2.016013
v -0.112060 -0.630530 -1.896825
v -0.140918 -0.556527 -1.703718
v -0.396349 -0.481599 -0.798393
v -0.246395 -0.377270 -0.914065
v -0.259903 -0.385505 -0.992887
v -0.000000 -0.683190 -2.059395
v -0.211917 -0.376673 -1.254624
v -0.312223 -0.300666 0.193682
v -0.394233 -0.409775 -0.186351
v -0.383805 -0.458046 -0.540415
v -0.326786 -0.013357 0.851435
v -0.313968 -0.089922 0.831070
v -0.234699 0.046400 0.958630
v -0.000000 0.076538 0.725671
v -0.050401 0.077989 0.739192
v -0.111509 0.086985 0.766564
v -0.150321 0.095126 0.779963
v -0.182956 0.096736 0.789273
v -0.216195 0.101402 0.798183
v -0.254936 0.103610 0.814660
v -0.308142 0.104205 0.856583
v -3.050678 0.269281 0.663219
v -2.068460 0.192556 0.484155
v -1.313941 0.114919 0.552979
v -0.848950 0.049193 0.795828
v -1.626260 0.158221 0.453933
v -2.349193 0.215998 0.631445
v -0.424892 0.030982 0.728993
v -4.560644 0.409299 -0.015992
v -4.994846 0.443833 -0.076564
v -4.335723 0.392821 0.081493
v -4.730266 0.429026 -0.081478
v -4.891146 0.439799 -0.114901
v -5.023407 0.446403 -0.039802
v -4.431224 0.400833 0.036506
v -0.575478 0.049578 0.799688
v -2.532208 0.233991 0.763488
v -1.588257 0.128539 0.506765
v -0.810025 0.014740 0.815693
v -2.398254 0.175802 0.636973
v -3.419275 0.275175 0.410440
v -1.288998 0.082522 0.589868
v -2.069767 0.160193 0.494170
v -2.589120 0.206725 0.773235
v -3.046160 0.245548 0.668660
v -3.868005 0.319962 0.225517
v -4.178245 0.330085 0.150205
v -3.632772 0.288880 0.309461
v -2.826478 0.226843 0.833622
v -2.823390 0.260084 0.827282
v -2.697636 0.193405 0.865705
v -2.686496 0.236765 0.853860
v -4.093224 0.345132 0.168579
v -3.872324 0.352867 0.218819
v -3.424290 0.309115 0.410615
v -3.640943 0.328975 0.303992
v -4.166938 0.375552 0.150173
v -4.088043 0.392419 0.168297
v -4.244562 0.380664 0.119496
v -4.730537 0.402742 -0.083036
v -4.891729 0.410903 -0.114363
v -4.247698 0.338575 0.125110
v -4.435547 0.365214 0.039000
v -5.001148 0.411354 -0.071603
v -4.559420 0.387539 -0.016244
v -5.027445 0.412415 -0.036581
v -4.340136 0.354242 0.086808
v -4.961751 0.411272 -0.101462
v -4.956112 0.443645 -0.103977
v -3.242228 0.262659 0.520043
v -3.197897 0.278365 0.503944
v -0.538428 0.041608 0.848256
v -0.531726 -0.121385 0.828401
v -0.441147 -0.194780 0.819557
v -0.233824 -0.126376 0.656140
v -0.316556 -0.163521 0.774630
v -0.151817 -0.156245 0.672607
v 0.000000 -0.197452 0.683847
v -5.027598 0.444491 -0.028924
v -0.347353 0.041279 0.705004
v -0.263473 -0.151740 0.719858
v -0.249335 -0.147710 0.691997
v -0.285556 -0.155221 0.748426
v -0.000000 0.123011 0.619580
v -0.045761 0.114999 0.626842
v -0.102511 0.101001 0.636393
v -0.143871 0.093757 0.642145
v -0.184587 0.088971 0.651962
v -0.221977 0.089086 0.656513
v -0.259979 0.082532 0.661735
v -0.301608 0.078868 0.681262
v -0.056202 0.068983 0.836725
v -0.114266 0.073166 0.867143
v -0.150642 0.077094 0.883184
v -0.179411 0.086021 0.897515
v -0.210404 0.091886 0.910672
v -0.248603 0.095615 0.934153
v -0.303852 0.091011 0.989289
v -0.430686 0.072614 1.062031
v -0.555349 0.029316 1.117001
v -0.366039 0.088700 1.032199
v -0.489634 -0.049381 1.402555
v -0.497193 -0.118270 1.476229
v -0.490107 -0.078477 1.453726
v -0.503970 -0.004293 1.270371
v -0.464205 -0.044661 1.404512
v -0.483327 -0.120202 1.476323
v -0.466835 -0.077980 1.457830
v -0.441207 0.018114 1.242965
v -0.513988 -0.163421 1.424852
v -0.491484 -0.170172 1.426896
v -0.532346 -0.171746 1.571998
v -0.524850 -0.148529 1.575916
v -0.480267 -0.173196 1.566567
v -0.481623 -0.155676 1.578296
v -0.502798 -0.138704 1.579239
v -0.486786 -0.144658 1.578614
v -0.514588 -0.192561 1.571524
v -0.496216 -0.191397 1.593249
v -0.526520 -0.146838 1.431345
v -0.528777 -0.187060 1.569396
v -0.526778 -0.224967 1.724949
v -0.520615 -0.216030 1.739523
v -0.477366 -0.224572 1.724401
v -0.480328 -0.222460 1.734574
v -0.501785 -0.214528 1.742929
v -0.487643 -0.217322 1.739417
v -0.512589 -0.230237 1.716990
v -0.495359 -0.248527 1.726189
v -0.522663 -0.229280 1.718073
v -0.566933 -0.349516 1.791421
v -0.535665 -0.336997 1.816669
v -0.440768 -0.356948 1.779474
v -0.445396 -0.349328 1.806944
v -0.500732 -0.341554 1.820234
v -0.471567 -0.343318 1.817548
v -0.526578 -0.377599 1.732265
v -0.479776 -0.383031 1.733385
v -0.560968 -0.370130 1.753477
v -0.576392 -0.432552 1.829045
v -0.544096 -0.411574 1.864216
v -0.424248 -0.428241 1.810905
v -0.425868 -0.414010 1.847706
v -0.497160 -0.410566 1.864208
v -0.459574 -0.409250 1.862306
v -0.529828 -0.460099 1.772201
v -0.481427 -0.463353 1.761569
v -0.551861 -0.448569 1.798120
v -0.543978 -0.464453 1.839223
v -0.527536 -0.455298 1.873502
v -0.421346 -0.462702 1.825790
v -0.423294 -0.447706 1.866554
v -0.491992 -0.441316 1.858807
v -0.463893 -0.442342 1.858016
v -0.508894 -0.471901 1.812403
v -0.478769 -0.462556 1.812748
v -0.535477 -0.472280 1.821930
v -0.508475 -0.468605 1.841089
v -0.503120 -0.456102 1.846912
v -0.442461 -0.476692 1.837090
v -0.458403 -0.465340 1.853130
v -0.490780 -0.455228 1.848273
v -0.470915 -0.448229 1.843861
v -0.497493 -0.459549 1.826630
v -0.476663 -0.459298 1.824184
v -0.503553 -0.462268 1.830485
v -0.287103 -0.327141 -1.128080
v -0.269405 -0.328344 -1.203874
v -0.042501 -0.668494 -2.055890
v -0.288846 -0.325725 -1.071255
v -0.277962 -0.328242 -1.172263
v -0.263514 -0.328475 -1.233196
v -0.264740 -0.332816 -1.255095
v -0.331050 -0.254385 0.474596
v -0.461928 -0.447858 -0.680761
v -0.332306 -0.352388 -0.878843
v -0.403069 -0.342674 -0.025398
v -0.460836 -0.444721 -0.410580
v -0.460824 -0.416521 -0.305994
v -0.348768 -0.233210 0.671277
v -0.450434 -0.125722 1.224992
v -0.438121 -0.106039 1.035864
v -0.397672 -0.133800 0.907289
v -0.238234 -0.419186 -1.475772
v -0.282025 -0.385715 -1.370856
v -0.280955 -0.362228 -1.321225
v -0.196451 -0.466239 -1.600331
v -0.081683 -0.648825 -2.023357
v -0.119796 -0.602985 -1.913210
v -0.152998 -0.520738 -1.723552
v -0.435791 -0.414636 -0.818529
v -0.285529 -0.328871 -0.913774
v -0.295364 -0.332724 -0.998273
v -0.000000 -0.675810 -2.066500
v -0.270440 -0.343571 -1.287353
v -0.331739 -0.276240 0.187170
v -0.453466 -0.387536 -0.187912
v -0.441552 -0.443587 -0.539878
v -0.364953 -0.182411 0.799432
v -0.474122 -0.160754 1.425886
v -0.484090 -0.184061 1.589621
v -0.480284 -0.253544 1.731152
v -0.452880 -0.371969 1.759214
v -0.440670 -0.444463 1.781668
v -0.455182 -0.469488 1.810829
v -0.465978 -0.470937 1.822241
v -3.053471 0.288971 -0.695200
v -0.298374 -0.319033 0.093283
v -0.452112 0.010570 -0.244715
v -0.111761 0.227265 -0.221991
v -0.000001 0.234541 -0.224505
v -1.271171 0.087684 -0.253369
v -3.327382 0.270496 -0.831453
v -5.094415 0.411041 -0.141723
v -4.118142 0.375406 -0.838087
v -2.319682 0.222489 -0.621339
v -2.865030 0.266280 -0.595515
v -5.086351 0.455804 -0.144000
v -2.986495 0.277583 -0.659710
v -3.134789 0.283419 -0.748973
v -4.345839 0.392806 -0.713017
v -4.873414 0.447014 -0.428011
v -0.555181 0.017695 -0.257703
v -5.002290 0.465409 -0.285404
v -4.653695 0.418424 -0.554936
v -5.090871 0.445784 -0.085873
v -0.859555 0.051279 -0.156194
v -1.889883 0.096459 -0.207805
v -2.041522 0.159843 -0.558803
v -2.493133 0.247354 -0.615766
v -1.585582 0.107722 -0.371692
v -0.680878 0.038392 -0.206266
v -1.117105 0.036098 0.049487
v -2.282234 0.187661 -0.307868
v -0.693586 0.032967 0.110970
v -3.113039 0.253997 -0.722648
v -1.402933 0.057170 -0.039885
v -2.985083 0.250416 -0.609338
v -2.868653 0.228289 -0.505864
v -2.782939 0.207988 -0.436881
v -2.536312 0.209783 -0.360868
v -3.249998 0.307918 -0.832681
v -3.048424 0.256072 -0.664155
v -2.758241 0.284634 -0.597296
v -3.203667 0.220579 -0.802378
v -2.712615 0.197101 -0.402275
v -2.670249 0.247353 -0.608795
v -3.213655 0.304761 -0.803410
v -3.350489 0.304672 -0.841666
v -3.717917 0.339786 -0.810128
v -4.351083 0.366438 -0.715824
v -3.920368 0.358388 -0.832458
v -4.220068 0.389463 -0.777716
v -4.037939 0.367417 -0.853152
v -4.478175 0.405686 -0.643624
v -4.883428 0.399091 -0.426988
v -4.127198 0.312203 -0.857098
v -5.016665 0.396040 -0.289931
v -4.658649 0.388565 -0.554820
v -5.095765 0.416162 -0.080635
v -3.714911 0.312242 -0.812808
v -3.923172 0.340394 -0.847121
v -4.223679 0.372835 -0.789110
v -4.046058 0.300076 -0.867836
v -4.481439 0.374530 -0.644808
v -5.066087 0.397550 -0.211439
v -5.054534 0.457734 -0.210253
v -3.227466 0.233533 -0.824346
v -2.939937 0.251921 -0.562926
v -2.929569 0.286046 -0.622594
v -0.347534 0.163903 -0.238425
v -0.054664 0.236766 -0.223688
v -0.421802 -0.304091 0.094934
v -0.173031 0.220787 -0.222904
v -0.291273 0.186030 -0.231840
v -0.155249 -0.364862 0.070137
v -0.233842 0.204028 -0.224700
v -0.405405 0.120750 -0.244998
v -0.254827 -0.339139 0.087670
v -0.539156 -0.216127 0.104003
v -0.322840 -0.304668 0.092611
v -0.493223 -0.021242 0.082058
v -5.090722 0.440714 -0.070972
v -0.285129 -0.324965 0.092498
v -0.309670 -0.312403 0.093093
v -0.349617 -0.305628 0.093390
v -1.598475 0.121335 -0.129224
v -3.306672 0.310721 -0.343955
v -0.382433 -0.254906 0.325823
v -4.971924 0.407779 -0.265220
v -4.610340 0.381344 -0.451392
v -3.679369 0.304139 -0.568658
v -0.000000 0.204373 0.056993
v -2.982033 0.263342 -0.143161
v 0.000000 -0.406830 0.348037
v -4.256771 0.385042 -0.554431
v -5.062051 0.447466 -0.131597
v -0.508850 0.030297 0.038767
v -1.276235 0.109446 -0.030051
v -2.052143 0.167487 -0.208628
v -0.830236 0.060763 0.145235
v -0.298963 -0.301027 0.337402
v -2.317097 0.224868 -0.173207
v -4.968497 0.457656 -0.268412
v -3.205128 0.296739 -0.273255
v -3.427470 0.310296 -0.427434
v -4.606091 0.417481 -0.451929
v -1.969844 0.115875 0.001146
v -4.816573 0.433039 -0.360543
v -4.261168 0.349483 -0.554328
v -5.075936 0.448902 -0.067374
v -3.959215 0.364164 -0.567221
v -2.492922 0.240213 -0.138364
v -4.423086 0.402071 -0.516074
v -0.627950 0.051644 0.100415
v -0.712393 0.020573 0.338173
v -2.335940 0.204213 -0.005469
v -1.167430 0.052265 0.222934
v -3.411361 0.277183 -0.419141
v -1.468764 0.083744 0.131949
v -3.190083 0.261440 -0.264502
v -2.978035 0.225685 -0.110601
v -2.816529 0.221453 -0.005849
v -2.570251 0.209271 0.012957
v -3.605021 0.339734 -0.553891
v -3.290098 0.273557 -0.334003
v -2.807806 0.267982 -0.138516
v -3.567564 0.268954 -0.524043
v -2.737241 0.182150 0.023409
v -2.702174 0.256052 -0.137657
v -3.563172 0.340931 -0.523090
v -5.072072 0.410011 -0.128863
v -3.680519 0.332570 -0.572598
v -0.151667 -0.402575 0.346552
v -0.443769 0.049104 0.040249
v -4.821106 0.402495 -0.360737
v -5.081145 0.415949 -0.064824
v -3.960981 0.331728 -0.566795
v -4.427171 0.364768 -0.515488
v -5.039286 0.407404 -0.198224
v -5.022895 0.459229 -0.197731
v -0.335381 0.144061 0.047500
v -3.605127 0.286393 -0.554565
v -3.087929 0.264067 -0.195037
v -3.099297 0.297157 -0.201618
v -0.167510 0.191186 0.060198
v -0.109116 0.196466 0.060605
v -0.279743 0.158332 0.053488
v -0.225309 0.180118 0.058789
v -0.053005 0.200955 0.058776
v -0.388891 0.112405 0.040830
v -0.259932 -0.340983 0.347047
v -0.504762 0.004055 0.333654
v -0.315454 -0.276436 0.326522
v -0.506718 -0.180086 0.341575
v -5.080655 0.446108 -0.052640
v -0.287752 -0.312129 0.341163
v -0.307290 -0.289988 0.333082
v -0.331783 -0.262970 0.319432
v -0.393331 0.051609 0.348844
v -3.527287 0.324765 0.012905
v -0.298393 0.106653 0.357267
v -4.771225 0.433057 -0.277523
v -0.461006 0.034421 0.357153
v -3.075275 0.288409 0.278272
v -0.000000 0.173239 0.367874
v -3.993820 0.323565 -0.283374
v -4.775420 0.395528 -0.276966
v -1.297158 0.104240 0.258294
v -3.390122 0.313544 0.099528
v -3.692983 0.335625 -0.088484
v -5.042368 0.414018 -0.109623
v -0.837145 0.069113 0.479136
v -1.612494 0.133668 0.158849
v -2.051791 0.172234 0.135684
v -3.942591 0.361709 -0.241970
v -2.317736 0.226762 0.240122
v -5.035694 0.447969 -0.112756
v -4.278537 0.389991 -0.269025
v -0.157641 0.152349 0.368271
v -4.575270 0.414710 -0.307911
v -4.927949 0.441894 -0.223760
v -5.059647 0.450896 -0.049837
v -2.505591 0.230586 0.320066
v -4.415739 0.401549 -0.293415
v -0.587869 0.045905 0.429838
v -2.847466 0.271579 0.341702
v -0.251730 0.119660 0.361881
v -2.718659 0.247452 0.351221
v -3.880054 0.365333 -0.206958
v -3.986019 0.361238 -0.260459
v -4.119804 0.375031 -0.263253
v -4.282014 0.356542 -0.268724
v -4.579638 0.379529 -0.307019
v -4.931867 0.409584 -0.223073
v -5.063412 0.414448 -0.047455
v -4.420080 0.363378 -0.292965
v -4.123425 0.338514 -0.263795
v -4.997190 0.413539 -0.170093
v -4.994125 0.457642 -0.173474
v -3.243961 0.301150 0.188628
v -0.107896 0.164160 0.369299
v -0.205516 0.138242 0.366901
v -0.057298 0.170767 0.369008
v -0.342737 0.092421 0.350216
v -5.065307 0.450713 -0.034702
v -1.021327 0.083474 0.787583
v -1.027095 0.075778 0.223605
v -1.084154 0.091991 -0.382964
v -1.040522 0.082204 0.531386
v -1.017492 0.069695 -0.082215
v -1.087625 -0.022346 -0.657451
v -1.086557 0.114033 -0.461209
v -1.088167 0.075883 -0.559058
v -1.029673 0.071583 0.800396
v -1.086811 -0.061693 -0.676948
v -1.003076 -0.192674 -0.437751
v -1.081107 -0.099777 -0.548962
v -1.050377 0.078240 -0.276949
v -1.090906 -0.055420 -0.594062
v -0.979162 0.046379 0.576670
v -0.939074 0.037632 0.407847
v -0.906528 -0.000461 -0.296320
v -0.875019 0.020082 -0.027999
v -0.886576 0.039401 0.190800
v -0.940407 -0.122765 -0.311895
v -0.890995 0.024037 -0.201385
v -1.065176 0.089312 -0.324879
v -1.039348 0.090320 0.804617
v -1.019237 0.040438 0.713448
v -1.051148 0.074237 0.685448
v -0.876024 0.030608 0.089066
v -1.032020 0.070373 -0.192970
v -0.910161 0.035432 0.290275
v -1.019354 0.082396 0.067105
v -1.035010 0.081207 0.378604
v -1.826932 0.144177 -0.007603
v -1.779170 0.140994 -0.725458
v -1.839232 0.160972 0.303878
v -1.823433 0.136713 -0.327499
v -1.840017 0.179189 0.535026
v -1.744046 0.147207 -0.824054
v -1.730240 0.094988 -0.867570
v -1.763238 0.143880 -0.776212
v -1.852953 0.157585 0.576207
v -1.749560 -0.028869 -0.741273
v -1.728113 0.065770 -0.885394
v -1.768744 0.005702 -0.822655
v -1.799799 0.139346 -0.582263
v -1.753570 0.053126 -0.851047
v -1.686336 0.086011 -0.027850
v -1.686040 0.078414 -0.597174
v -1.622958 0.070429 -0.249501
v -1.754183 0.110175 0.177502
v -1.804305 0.126549 0.344404
v -1.727132 0.006379 -0.644550
v -1.652441 0.099343 -0.460819
v -1.792205 0.141843 -0.638961
v -1.862897 0.186425 0.583713
v -1.835259 0.144913 0.495242
v -1.847360 0.175388 0.469044
v -1.646408 0.076815 -0.123845
v -1.813552 0.133782 -0.465247
v -1.719304 0.099810 0.066547
v -1.825309 0.144411 -0.168926
v -1.832143 0.152951 0.147267
v 0.000000 -0.262215 -2.184587
v -0.017511 -0.262320 -2.183258
v 0.000000 -0.333703 0.558330
v -1.227060 0.068506 0.394862
v -2.026361 0.136184 0.218652
v -0.750353 0.022363 0.569621
v -1.532127 0.100540 0.303254
v -2.381548 0.195682 0.300813
v -3.673916 0.302468 -0.083846
v -3.362680 0.277681 0.102362
v -3.057262 0.236238 0.294411
v -2.600019 0.211208 0.389663
v -3.500163 0.295274 0.018257
v -2.839546 0.225232 0.418949
v -2.735675 0.190843 0.438297
v -3.915048 0.325121 -0.169584
v -3.224749 0.266157 0.187282
v -0.137412 -0.316508 0.559913
v -0.231676 -0.234741 0.537044
v -0.533184 0.013201 0.596235
v -0.505738 -0.137127 0.595022
v -0.410251 -0.230859 0.589809
v -0.296440 -0.234493 0.556385
v -0.264024 -0.226725 0.542587
v -0.253335 -0.226113 0.537471
v -0.276320 -0.228396 0.547353
v -0.339894 -0.244089 0.573715
v -0.959210 0.042492 0.492328
v -1.779244 0.118362 0.260953
v -2.759689 0.266877 -1.139389
v -2.743453 0.234663 -1.186052
v -2.719714 0.231395 -1.182214
v -2.738810 0.262176 -1.133456
v 0.046364 -0.400823 -2.108558
v 0.078775 -0.398506 -2.108506
v 0.054270 -0.516151 -2.101363
v 0.080785 -0.514256 -2.101320
v 0.060444 -0.402227 -2.121291
v 0.064942 -0.401905 -2.121284
v 0.069948 -0.518607 -2.111072
v 0.065445 -0.518929 -2.111080
v 0.053126 -0.395811 -2.084582
v 0.049127 -0.396755 -2.088073
v 0.075615 -0.394862 -2.088029
v 0.071548 -0.394494 -2.084552
v 0.056327 -0.510280 -2.085784
v 0.060306 -0.508747 -2.082381
v 0.074091 -0.507762 -2.082359
v 0.078188 -0.508717 -2.085749
v 0.069928 -0.590761 -2.085905
v 0.071572 -0.590643 -2.085903
v 0.065833 -0.589423 -2.082452
v 0.075516 -0.588731 -2.082437
v 0.068010 -0.586089 -2.075706
v 0.066562 -0.586761 -2.076916
v 0.074546 -0.586191 -2.076903
v 0.073045 -0.585729 -2.075698
v 0.161917 -0.121027 -1.629092
v 0.237256 -0.121027 -1.604918
v 0.203513 -0.053721 -1.629244
v 0.250255 -0.053721 -1.565405
v 0.246961 -0.126935 -1.565393
v 0.214870 -0.151385 -1.588528
v 0.202507 -0.126935 -1.626107
v 0.254602 -0.087374 -1.542167
v 0.254431 -0.087374 -1.588673
v 0.226957 -0.087374 -1.626198
v 0.182674 -0.087374 -1.640406
v 0.234874 -0.047812 -1.527723
v 0.162946 -0.047812 -1.625962
v 0.234598 -0.047812 -1.602972
v 0.222511 -0.023363 -1.565303
v 0.195037 -0.023362 -1.602826
v 0.540189 -0.411246 1.836471
v 0.555522 -0.418865 1.814615
v 0.547092 -0.502002 1.856695
v 0.557070 -0.494687 1.841084
v 0.517544 -0.419985 1.820514
v 0.532876 -0.427606 1.798658
v 0.530044 -0.498268 1.845301
v 0.540023 -0.490953 1.829690
v 0.547516 -0.536882 1.831064
v 0.540193 -0.534088 1.826926
v 0.544343 -0.529437 1.821190
v 0.551666 -0.532230 1.825329
v 0.511631 -0.413899 1.837571
v 0.527003 -0.423448 1.816514
v 0.506072 -0.504740 1.857830
v 0.517683 -0.498781 1.842781
v 0.488928 -0.419790 1.820433
v 0.504300 -0.429339 1.799376
v 0.490239 -0.498940 1.845580
v 0.501850 -0.492981 1.830530
v 0.503458 -0.539483 1.832142
v 0.496767 -0.535808 1.827639
v 0.501758 -0.531731 1.822141
v 0.508449 -0.535405 1.826645
v 0.485907 -0.413262 1.837307
v 0.501223 -0.423501 1.816536
v 0.475900 -0.503754 1.857422
v 0.488045 -0.498329 1.842593
v 0.463285 -0.418136 1.819748
v 0.478601 -0.428374 1.798976
v 0.460574 -0.497255 1.844882
v 0.472719 -0.491829 1.830053
v 0.472208 -0.538354 1.831675
v 0.465774 -0.534386 1.827049
v 0.471044 -0.530539 1.821647
v 0.477479 -0.534508 1.826273
v 0.458630 -0.423407 1.836765
v 0.471810 -0.433507 1.819123
v 0.442377 -0.501271 1.853861
v 0.453812 -0.497505 1.841323
v 0.439163 -0.425937 1.820729
v 0.452343 -0.436037 1.803087
v 0.429959 -0.494467 1.842449
v 0.441394 -0.490700 1.829911
v 0.437340 -0.531101 1.831245
v 0.432201 -0.527165 1.827013
v 0.437244 -0.524232 1.822474
v 0.442383 -0.528167 1.826706
v -0.046364 -0.400823 -2.108558
v -0.078775 -0.398506 -2.108506
v -0.054270 -0.516151 -2.101363
v -0.080785 -0.514256 -2.101320
v -0.060444 -0.402227 -2.121291
v -0.064942 -0.401905 -2.121284
v -0.069948 -0.518607 -2.111072
v -0.065445 -0.518929 -2.111080
v -0.053126 -0.395811 -2.084582
v -0.049127 -0.396755 -2.088073
v -0.075615 -0.394862 -2.088029
v -0.071548 -0.394494 -2.084552
v -0.056327 -0.510280 -2.085784
v -0.060306 -0.508747 -2.082381
v -0.074091 -0.507762 -2.082359
v -0.078188 -0.508717 -2.085749
v -0.069928 -0.590761 -2.085905
v -0.071572 -0.590643 -2.085903
v -0.065833 -0.589423 -2.082452
v -0.075516 -0.588731 -2.082437
v -0.068010 -0.586089 -2.075706
v -0.066562 -0.586761 -2.076916
v -0.074546 -0.586191 -2.076903
v -0.073045 -0.585729 -2.075698
v -0.161917 -0.121027 -1.629092
v -0.237256 -0.121027 -1.604918
v -0.203513 -0.053721 -1.629244
v -0.250255 -0.053721 -1.565405
v -0.246961 -0.126935 -1.565393
v -0.214870 -0.151385 -1.588528
v -0.202507 -0.126935 -1.626107
v -0.254602 -0.087374 -1.542167
v -0.254431 -0.087374 -1.588673
v -0.226957 -0.087374 -1.626198
v -0.182674 -0.087374 -1.640406
v -0.234874 -0.047812 -1.527723
v -0.162946 -0.047812 -1.625962
v -0.234598 -0.047812 -1.602972
v -0.222511 -0.023363 -1.565303
v -0.195037 -0.023362 -1.602826
v -0.540189 -0.411245 1.836471
v -0.555522 -0.418865 1.814615
v -0.547092 -0.502001 1.856695
v -0.557070 -0.494686 1.841084
v -0.517544 -0.419985 1.820514
v -0.532876 -0.427605 1.798658
v -0.530044 -0.498267 1.845301
v -0.540023 -0.490952 1.829690
v -0.547516 -0.536881 1.831064
v -0.540193 -0.534087 1.826926
v -0.544343 -0.529436 1.821190
v -0.551666 -0.532230 1.825329
v -0.511631 -0.413899 1.837571
v -0.527003 -0.423447 1.816514
v -0.506072 -0.504739 1.857830
v -0.517683 -0.498780 1.842781
v -0.488928 -0.419790 1.820433
v -0.504300 -0.429339 1.799376
v -0.490239 -0.498940 1.845580
v -0.501850 -0.492981 1.830530
v -0.503458 -0.539482 1.832142
v -0.496767 -0.535807 1.827639
v -0.501758 -0.531730 1.822141
v -0.508449 -0.535405 1.826645
v -0.485907 -0.413262 1.837307
v -0.501223 -0.423500 1.816536
v -0.475900 -0.503753 1.857422
v -0.488045 -0.498328 1.842593
v -0.463285 -0.418135 1.819748
v -0.478601 -0.428373 1.798976
v -0.460574 -0.497254 1.844882
v -0.472719 -0.491829 1.830053
v -0.472208 -0.538354 1.831675
v -0.465774 -0.534385 1.827049
v -0.471044 -0.530538 1.821647
v -0.477479 -0.534507 1.826273
v -0.458630 -0.423406 1.836765
v -0.471810 -0.433506 1.819123
v -0.442377 -0.501270 1.853861
v -0.453812 -0.497504 1.841323
v -0.439163 -0.425937 1.820729
v -0.452343 -0.436037 1.803087
v -0.429959 -0.494467 1.842449
v -0.441394 -0.490700 1.829911
v -0.437340 -0.531100 1.831245
v -0.432201 -0.527164 1.827013
v -0.437244 -0.524232 1.822474
v -0.442383 -0.528167 1.826706
v 0.011220 -0.599613 -2.067246
v 0.018680 -0.599321 -2.058507
v 0.018394 -0.657270 -2.067141
v 0.037402 -0.651618 -2.053480
v 0.013548 -0.645195 -2.031132
v -0.004908 -0.649511 -2.046969
v 0.013242 -0.598480 -2.054916
v 0.009166 -0.598994 -2.057854
v 0.027849 -0.648346 -2.039939
v 0.017630 -0.598858 -2.055048
v 0.001428 -0.653000 -2.061173
v 0.008961 -0.599325 -2.060852
v 0.051268 -0.549878 -2.058218
v 0.050843 -0.547804 -2.054479
v 0.060023 -0.650434 -2.044672
v 0.055818 -0.636446 -2.026593
v 0.027550 -0.635064 -2.038538
v 0.030945 -0.639410 -2.053745
v 0.045546 -0.547020 -2.057388
v 0.045868 -0.548778 -2.060764
v 0.040996 -0.631507 -2.030304
v 0.047711 -0.546942 -2.054344
v 0.044759 -0.645298 -2.052285
v 0.048059 -0.549592 -2.061654
v 0.055646 -0.602089 -2.055439
v 0.053330 -0.594058 -2.044529
v 0.036548 -0.589395 -2.051956
v 0.038407 -0.596027 -2.061248
v 0.044353 -0.591157 -2.046318
v 0.046409 -0.599378 -2.060963
v 0.060845 -0.586058 -2.006863
v 0.056533 -0.587366 -2.018277
v 0.046874 -0.634335 -1.996872
v 0.033385 -0.631813 -2.018626
v 0.066056 -0.631562 -2.032946
v 0.078370 -0.632507 -2.009567
v 0.063369 -0.587530 -2.019933
v 0.066341 -0.587483 -2.015415
v 0.048196 -0.632048 -2.029006
v 0.058879 -0.587702 -2.021368
v 0.066521 -0.632410 -1.997282
v 0.065433 -0.587164 -2.012331
v 0.067496 -0.574865 -1.983152
v 0.066559 -0.578787 -1.991850
v 0.054827 -0.628570 -1.948047
v 0.046691 -0.631150 -1.983839
v 0.086860 -0.629107 -1.991465
v 0.093011 -0.624654 -1.954485
v 0.074565 -0.578374 -1.991524
v 0.076373 -0.577183 -1.984247
v 0.054551 -0.618779 -1.949691
v 0.062686 -0.616199 -1.912425
v 0.067613 -0.566416 -1.954758
v 0.068550 -0.562494 -1.943871
v 0.087913 -0.616736 -1.957631
v 0.094064 -0.612283 -1.919128
v 0.077485 -0.565645 -1.955125
v 0.078331 -0.563736 -1.948196
v 0.067507 -0.611135 -1.917820
v 0.076787 -0.601706 -1.884082
v 0.077894 -0.551171 -1.920862
v 0.079365 -0.547949 -1.910781
v 0.095098 -0.600545 -1.926939
v 0.102670 -0.609336 -1.891883
v 0.086915 -0.550624 -1.921644
v 0.088066 -0.549152 -1.915269
v 0.113611 -0.574146 -1.851900
v 0.105496 -0.584700 -1.890641
v 0.094449 -0.540309 -1.875676
v 0.093071 -0.541370 -1.888961
v 0.086975 -0.580821 -1.859918
v 0.083646 -0.582321 -1.886792
v 0.086333 -0.539981 -1.874941
v 0.085286 -0.541030 -1.883033
v 0.115052 -0.560803 -1.825353
v 0.112120 -0.570861 -1.853972
v 0.095920 -0.527927 -1.844018
v 0.096085 -0.528717 -1.853545
v 0.081490 -0.560946 -1.823239
v 0.080209 -0.569991 -1.853364
v 0.087821 -0.528256 -1.844755
v 0.087751 -0.529156 -1.850601
v 0.104030 -0.557228 -1.863788
v 0.099284 -0.563035 -1.889801
v 0.078814 -0.562231 -1.881901
v 0.084054 -0.560566 -1.863677
v 0.109729 -0.577617 -1.826655
v 0.106797 -0.587674 -1.855274
v 0.087381 -0.577760 -1.824540
v 0.086100 -0.586805 -1.854666
v 0.068310 -0.581153 -1.919341
v 0.073686 -0.574828 -1.897431
v 0.095368 -0.579244 -1.903576
v 0.091007 -0.575584 -1.924292
v 0.079310 -0.474102 -2.047057
v 0.076430 -0.476371 -2.058855
v 0.086640 -0.410093 -2.057067
v 0.086454 -0.420301 -2.081535
v 0.052029 -0.427694 -2.074158
v 0.054363 -0.418774 -2.048748
v 0.069907 -0.477166 -2.056292
v 0.069919 -0.475760 -2.050995
v 0.068683 -0.424630 -2.081348
v 0.072776 -0.477213 -2.060035
v 0.070709 -0.413757 -2.045755
v 0.072387 -0.474985 -2.049001
v 0.102633 -0.457792 -2.014852
v 0.098380 -0.458923 -2.023369
v 0.114602 -0.393674 -2.019619
v 0.104453 -0.409942 -2.051024
v 0.067539 -0.415629 -2.034266
v 0.080424 -0.400351 -2.002238
v 0.091866 -0.459109 -2.018689
v 0.093983 -0.456372 -2.011930
v 0.119105 -0.402584 -2.016627
v 0.129926 -0.385555 -1.984154
v 0.114375 -0.450046 -1.986838
v 0.119626 -0.447785 -1.976735
v 0.082047 -0.408433 -2.000096
v 0.095627 -0.392369 -1.966965
v 0.106064 -0.450896 -1.981510
v 0.109033 -0.448954 -1.975203
v 0.131408 -0.384381 -1.969869
v 0.139943 -0.382047 -1.934727
v 0.129609 -0.441852 -1.949704
v 0.133363 -0.441555 -1.939705
v 0.104552 -0.396995 -1.961136
v 0.112541 -0.377049 -1.931105
v 0.121404 -0.442500 -1.945891
v 0.123502 -0.441774 -1.939629
v 0.129918 -0.369446 -1.883483
v 0.115644 -0.383177 -1.920512
v 0.142724 -0.425951 -1.896383
v 0.137252 -0.433602 -1.907224
v 0.146962 -0.368178 -1.906438
v 0.136504 -0.384442 -1.928380
v 0.150006 -0.426229 -1.900050
v 0.146752 -0.430425 -1.906939
v 0.126756 -0.389147 -1.845301
v 0.113419 -0.395308 -1.872002
v 0.143474 -0.426939 -1.854654
v 0.138772 -0.431180 -1.861817
v 0.156087 -0.387933 -1.861705
v 0.140943 -0.395739 -1.888176
v 0.149903 -0.427037 -1.859646
v 0.147048 -0.429285 -1.864314
v 0.136321 -0.397698 -1.889933
v 0.126448 -0.408390 -1.913868
v 0.147713 -0.405043 -1.918736
v 0.152442 -0.394635 -1.901982
v 0.126044 -0.375419 -1.856426
v 0.112707 -0.381580 -1.883127
v 0.145884 -0.361629 -1.866858
v 0.130740 -0.382011 -1.893329
v 0.134368 -0.413178 -1.961879
v 0.140512 -0.411862 -1.939309
v 0.118021 -0.409412 -1.935367
v 0.112978 -0.419747 -1.953513
v 0.057679 -0.592597 -1.952224
v 0.062215 -0.589346 -1.928148
v 0.086198 -0.588009 -1.933662
v 0.082699 -0.591190 -1.956378
v 0.021128 -0.481953 -2.129213
v 0.012855 -0.477579 -2.121018
v 0.023135 -0.404357 -2.144571
v 0.001211 -0.402865 -2.130697
v 0.026401 -0.408007 -2.106487
v 0.047486 -0.411952 -2.122131
v 0.018705 -0.478484 -2.117113
v 0.023286 -0.479728 -2.119912
v 0.011179 -0.404153 -2.116392
v 0.013934 -0.477130 -2.117519
v 0.041102 -0.411283 -2.137000
v 0.023569 -0.480439 -2.122881
v -0.011220 -0.599613 -2.067246
v -0.018680 -0.599321 -2.058507
v -0.018394 -0.657270 -2.067141
v -0.037402 -0.651618 -2.053480
v -0.013548 -0.645195 -2.031132
v 0.004908 -0.649511 -2.046969
v -0.013242 -0.598480 -2.054916
v -0.009166 -0.598994 -2.057854
v -0.027849 -0.648346 -2.039939
v -0.017630 -0.598858 -2.055048
v -0.001428 -0.653000 -2.061173
v -0.008961 -0.599325 -2.060852
v -0.051268 -0.549878 -2.058218
v -0.050843 -0.547804 -2.054479
v -0.060023 -0.650434 -2.044672
v -0.055818 -0.636446 -2.026593
v -0.027550 -0.635064 -2.038538
v -0.030945 -0.639410 -2.053745
v -0.045546 -0.547020 -2.057388
v -0.045868 -0.548778 -2.060764
v -0.040996 -0.631507 -2.030304
v -0.047711 -0.546942 -2.054344
v -0.044759 -0.645298 -2.052285
v -0.048059 -0.549592 -2.061654
v -0.055646 -0.602089 -2.055439
v -0.053330 -0.594058 -2.044529
v -0.036548 -0.589395 -2.051956
v -0.038407 -0.596027 -2.061248
v -0.044353 -0.591157 -2.046318
v -0.046409 -0.599378 -2.060963
v -0.060845 -0.586058 -2.006863
v -0.056533 -0.587366 -2.018277
v -0.046874 -0.634335 -1.996872
v -0.033385 -0.631813 -2.018626
v -0.066056 -0.631562 -2.032946
v -0.078370 -0.632507 -2.009567
v -0.063369 -0.587530 -2.019933
v -0.066341 -0.587483 -2.015415
v -0.048196 -0.632048 -2.029006
v -0.058879 -0.587702 -2.021368
v -0.066521 -0.632410 -1.997282
v -0.065433 -0.587164 -2.012331
v -0.067496 -0.574865 -1.983152
v -0.066559 -0.578787 -1.991850
v -0.054827 -0.628570 -1.948047
v -0.046691 -0.631150 -1.983839
v -0.086860 -0.629107 -1.991465
v -0.093011 -0.624654 -1.954485
v -0.074565 -0.578374 -1.991524
v -0.076373 -0.577183 -1.984247
v -0.054551 -0.618779 -1.949691
v -0.062686 -0.616199 -1.912425
v -0.067613 -0.566416 -1.954758
v -0.068550 -0.562494 -1.943871
v -0.087913 -0.616736 -1.957631
v -0.094064 -0.612283 -1.919128
v -0.077485 -0.565645 -1.955125
v -0.078331 -0.563736 -1.948196
v -0.067507 -0.611135 -1.917820
v -0.076787 -0.601706 -1.884082
v -0.077894 -0.551171 -1.920862
v -0.079365 -0.547949 -1.910781
v -0.095098 -0.600545 -1.926939
v -0.102670 -0.609336 -1.891883
v -0.086915 -0.550624 -1.921644
v -0.088066 -0.549152 -1.915269
v -0.113611 -0.574146 -1.851900
v -0.105496 -0.584700 -1.890641
v -0.094449 -0.540309 -1.875676
v -0.093071 -0.541370 -1.888961
v -0.086975 -0.580821 -1.859918
v -0.083646 -0.582321 -1.886792
v -0.086333 -0.539981 -1.874941
v -0.085286 -0.541030 -1.883033
v -0.115052 -0.560803 -1.825353
v -0.112120 -0.570861 -1.853972
v -0.095920 -0.527927 -1.844018
v -0.096085 -0.528717 -1.853545
v -0.081490 -0.560946 -1.823239
v -0.080209 -0.569991 -1.853364
v -0.087821 -0.528256 -1.844755
v -0.087751 -0.529156 -1.850601
v -0.104030 -0.557228 -1.863788
v -0.099284 -0.563035 -1.889801
v -0.078814 -0.562231 -1.881901
v -0.084054 -0.560566 -1.863677
v -0.109729 -0.577617 -1.826655
v -0.106797 -0.587674 -1.855274
v -0.087381 -0.577760 -1.824540
v -0.086100 -0.586805 -1.854666
v -0.068310 -0.581153 -1.919341
v -0.073686 -0.574828 -1.897431
v -0.095368 -0.579244 -1.903576
v -0.091007 -0.575584 -1.924292
v -0.079310 -0.474102 -2.047057
v -0.076430 -0.476371 -2.058855
v -0.086640 -0.410093 -2.057067
v -0.086454 -0.420301 -2.081535
v -0.052029 -0.427694 -2.074158
v -0.054363 -0.418774 -2.048748
v -0.069907 -0.477166 -2.056292
v -0.069919 -0.475760 -2.050995
v -0.068683 -0.424630 -2.081348
v -0.072776 -0.477213 -2.060035
v -0.070709 -0.413757 -2.045755
v -0.072387 -0.474985 -2.049001
v -0.102633 -0.457792 -2.014852
v -0.098380 -0.458923 -2.023369
v -0.114602 -0.393674 -2.019619
v -0.104453 -0.409942 -2.051024
v -0.067539 -0.415629 -2.034266
v -0.080424 -0.400351 -2.002238
v -0.091866 -0.459109 -2.018689
v -0.093983 -0.456372 -2.011930
v -0.119105 -0.402584 -2.016627
v -0.129926 -0.385555 -1.984154
v -0.114375 -0.450046 -1.986838
v -0.119626 -0.447785 -1.976735
v -0.082047 -0.408433 -2.000096
v -0.095627 -0.392369 -1.966965
v -0.106064 -0.450896 -1.981510
v -0.109033 -0.448954 -1.975203
v -0.131408 -0.384381 -1.969869
v -0.139943 -0.382047 -1.934727
v -0.129609 -0.441852 -1.949704
v -0.133363 -0.441555 -1.939705
v -0.104552 -0.396995 -1.961136
v -0.112541 -0.377049 -1.931105
v -0.121404 -0.442500 -1.945891
v -0.123502 -0.441774 -1.939629
v -0.129918 -0.369446 -1.883483
v -0.115644 -0.383177 -1.920512
v -0.142724 -0.425951 -1.896383
v -0.137252 -0.433602 -1.907224
v -0.146962 -0.368178 -1.906438
v -0.136504 -0.384442 -1.928380
v -0.150006 -0.426229 -1.900050
v -0.146752 -0.430425 -1.906939
v -0.126756 -0.389147 -1.845301
v -0.113419 -0.395308 -1.872002
v -0.143474 -0.426939 -1.854654
v -0.138772 -0.431180 -1.861817
v -0.156087 -0.387933 -1.861705
v -0.140943 -0.395739 -1.888176
v -0.149903 -0.427037 -1.859646
v -0.147048 -0.429285 -1.864314
v -0.136321 -0.397698 -1.889933
v -0.126448 -0.408390 -1.913868
v -0.147713 -0.405043 -1.918736
v -0.152442 -0.394635 -1.901982
v -0.126044 -0.375419 -1.856426
v -0.112707 -0.381580 -1.883127
v -0.145884 -0.361629 -1.866858
v -0.130740 -0.382011 -1.893329
v -0.134368 -0.413178 -1.961879
v -0.140512 -0.411862 -1.939309
v -0.118021 -0.409412 -1.935367
v -0.112978 -0.419747 -1.953513
v -0.057679 -0.592597 -1.952224
v -0.062215 -0.589346 -1.928148
v -0.086198 -0.588009 -1.933662
v -0.082699 -0.591190 -1.956378
v -0.021128 -0.481953 -2.129213
v -0.012855 -0.477579 -2.121018
v -0.023135 -0.404357 -2.144571
v -0.001211 -0.402865 -2.130697
v -0.026401 -0.408007 -2.106487
v -0.047486 -0.411952 -2.122131
v -0.018705 -0.478484 -2.117113
v -0.023286 -0.479728 -2.119912
v -0.011179 -0.404153 -2.116392
v -0.013934 -0.477130 -2.117519
v -0.041102 -0.411283 -2.137000
v -0.023569 -0.480439 -2.122881
vn -0.0813 0.9967 -0.0040
vn -0.0210 0.9870 0.1593
vn -0.0658 0.9975 0.0246
vn -0.0528 0.9924 -0.1110
vn -0.0723 0.9973 -0.0156
vn -0.0706 0.9975 -0.0077
vn -0.1199 0.9906 -0.0661
vn -0.3697 0.9288 0.0246
vn 0.3815 0.9194 -0.0958
vn -0.0868 0.9962 0.0025
vn -0.0651 0.9979 -0.0055
vn -0.0370 0.9988 0.0314
vn -0.0789 0.9968 0.0134
vn -0.0525 0.9981 -0.0316
vn -0.0911 0.9958 0.0123
vn 0.1271 0.9277 -0.3510
vn -0.1112 0.9935 0.0221
vn -0.0807 0.9936 -0.0785
vn -0.0665 0.9973 -0.0301
vn -0.1293 0.9806 -0.1470
vn -0.2225 0.9615 -0.1612
vn -0.1369 0.9905 0.0135
vn -0.1175 0.9927 -0.0283
vn -0.0961 0.9932 -0.0661
vn -0.1248 0.9917 -0.0295
vn -0.0704 0.9969 0.0361
vn -0.1604 0.9870 -0.0143
vn -0.0842 0.9963 -0.0166
vn -0.0793 0.9968 0.0048
vn -0.0569 0.9984 -0.0026
vn -0.1694 0.9854 -0.0162
vn -0.1004 0.9940 -0.0425
vn -0.0848 0.9948 -0.0567
vn -0.0727 0.9963 -0.0453
vn -0.1051 0.9909 0.0841
vn -0.0367 0.9981 0.0486
vn -0.0136 0.9962 0.0858
vn -0.2061 0.9716 0.1161
vn -0.2189 0.9702 0.1037
vn -0.0206 0.9955 -0.0925
vn 0.0588 0.9983 0.0047
vn 0.0519 0.9983 0.0265
vn 0.1864 0.9812 -0.0509
vn -0.1664 0.9859 0.0153
vn -0.1705 0.9854 -0.0027
vn -0.1295 0.9916 0.0008
vn -0.0961 0.9954 0.0022
vn -0.1189 0.9907 0.0660
vn -0.0761 0.9971 0.0053
vn -0.1039 0.9946 -0.0067
vn -0.0465 0.9889 -0.1408
vn -0.0809 0.9946 0.0656
vn -0.1422 0.9864 0.0830
vn -0.0176 0.9981 -0.0598
vn 0.0304 0.9995 -0.0080
vn -0.1163 0.9931 0.0125
vn -0.0781 0.9964 0.0318
vn -0.0160 0.9974 0.0699
vn 0.0066 0.9681 -0.2506
vn -0.0847 0.9800 0.1802
vn -0.1036 0.9849 0.1389
vn -0.2093 0.9772 0.0354
vn -0.2016 0.9790 -0.0299
vn -0.0322 0.9994 0.0114
vn -0.0209 0.9965 0.0814
vn -0.1302 0.9900 0.0542
vn -0.1676 0.9858 0.0056
vn -0.0093 0.8633 -0.5046
vn -0.0973 0.8325 -0.5453
vn -0.1789 0.9056 -0.3845
vn -0.2027 0.9348 -0.2917
vn -0.3671 0.8316 -0.4167
vn -0.3906 0.7624 -0.5159
vn 0.2087 0.5056 -0.8372
vn -0.0294 0.5121 -0.8584
vn -0.2885 0.6339 -0.7176
vn -0.3752 0.6380 -0.6725
vn -0.4749 0.4123 -0.7775
vn -0.4809 0.2814 -0.8304
vn 0.0974 0.8738 -0.4765
vn 0.3008 0.8326 -0.4651
vn 0.5554 0.6449 -0.5250
vn 0.7635 0.4580 -0.4552
vn 0.9232 0.3562 -0.1441
vn -0.0850 0.9963 0.0144
vn -0.0892 0.9959 0.0123
vn -0.1656 0.9855 0.0360
vn -0.1568 0.9848 0.0745
vn -0.0933 0.9886 0.1180
vn -0.0860 0.9963 -0.0031
vn -0.0822 0.9966 -0.0052
vn -0.0994 0.9950 0.0108
vn -0.1745 0.9840 0.0358
vn 0.0569 0.9972 0.0492
vn -0.0858 0.9963 0.0061
vn -0.0870 0.9962 0.0044
vn -0.0807 0.9967 0.0058
vn -0.1070 0.9940 0.0245
vn -0.1029 0.9922 0.0703
vn -0.0915 0.9957 0.0118
vn -0.0860 0.9962 0.0104
vn -0.0812 0.9967 0.0026
vn -0.0746 0.9972 0.0079
vn -0.0867 0.9953 0.0431
vn -0.1437 0.9896 0.0027
vn -0.0786 0.9963 0.0342
vn -0.0236 0.9776 0.2091
vn -0.0004 0.8551 0.5184
vn -0.4397 0.7461 0.5000
vn 0.9288 0.1335 0.3458
vn 0.2127 0.9698 0.1190
vn 0.1422 0.9896 -0.0212
vn -0.1148 0.9928 0.0343
vn -0.1281 0.9889 0.0748
vn -0.4043 0.8477 0.3435
vn 0.2143 -0.4802 -0.8506
vn 0.1659 -0.9464 -0.2770
vn -0.1081 0.9940 0.0184
vn 0.1587 -0.9029 -0.3994
vn 0.2302 -0.7586 -0.6096
vn 0.2896 -0.8264 -0.4830
vn 0.3984 -0.7728 -0.4940
vn 0.4409 -0.7799 -0.4443
vn 0.5270 -0.7609 -0.3786
vn 0.6819 -0.6540 -0.3274
vn 0.8672 -0.4980 -0.0031
vn 0.1908 0.2618 -0.9461
vn 0.2188 -0.0754 -0.9728
vn -0.1286 0.9916 -0.0132
vn 0.2516 -0.2164 -0.9433
vn 0.3332 -0.3656 -0.8691
vn 0.3928 -0.3414 -0.8539
vn 0.5454 -0.2628 -0.7959
vn 0.6502 -0.1733 -0.7397
vn 0.7683 -0.0437 -0.6386
vn 0.8805 0.0781 -0.4676
vn 0.9882 0.1009 -0.1152
vn 0.0736 0.7376 -0.6713
vn 0.1287 0.5614 -0.8175
vn 0.4135 -0.8661 0.2808
vn 0.1863 0.4154 -0.8904
vn 0.3596 0.3565 -0.8623
vn 0.2847 0.4808 -0.8293
vn 0.4107 0.5084 -0.7569
vn 0.5734 0.4150 -0.7064
vn 0.7013 0.3588 -0.6160
vn 0.8105 0.3711 -0.4532
vn 0.9008 0.4112 -0.1392
vn -0.1059 0.9943 0.0148
vn -0.0861 0.9963 -0.0070
vn 0.1343 0.8935 -0.4285
vn 0.4861 -0.7656 0.4213
vn 0.2044 -0.8420 0.4993
vn 0.2801 -0.9096 0.3070
vn -0.0928 0.9957 -0.0024
vn -0.0810 0.9967 0.0091
vn -0.0845 0.9964 0.0048
vn -0.1314 -0.7306 0.6701
vn 0.1551 -0.6995 0.6976
vn 0.3842 -0.6099 0.6931
vn 0.3186 -0.9274 0.1962
vn -0.3011 -0.7599 0.5761
vn 0.2838 -0.8725 0.3977
vn 0.1150 -0.8886 0.4440
vn 0.4386 -0.8446 0.3070
vn 0.3505 -0.8138 0.4635
vn 0.2378 -0.7865 0.5700
vn 0.0912 -0.7340 0.6730
vn -0.5124 -0.6347 0.5784
vn -0.4911 -0.5267 0.6939
vn 0.4191 -0.8242 0.3809
vn 0.3988 -0.7376 0.5449
vn 0.4276 -0.8412 0.3308
vn 0.1490 -0.9618 -0.2296
vn 0.0997 -0.9644 -0.2448
vn 0.2097 -0.8587 0.4676
vn 0.6083 -0.7935 0.0150
vn 0.0983 -0.9937 -0.0539
vn 0.0322 -0.9552 -0.2941
vn -0.2129 -0.7257 -0.6542
vn -0.0749 -0.7743 -0.6283
vn 0.3656 -0.7485 -0.5533
vn 0.6476 -0.6726 -0.3582
vn -0.4262 -0.2683 -0.8639
vn -0.4028 -0.3052 -0.8629
vn -0.2736 -0.4009 -0.8743
vn -0.1163 -0.4769 -0.8712
vn 0.2421 -0.5569 -0.7945
vn 0.4450 -0.0661 -0.8931
vn -0.0262 0.9886 0.1486
vn -0.1234 0.9923 0.0097
vn -0.1369 0.9706 -0.1980
vn -0.1332 0.9898 0.0503
vn -0.0371 0.9958 0.0837
vn 0.0614 -0.9575 -0.2819
vn -0.1160 -0.8706 -0.4781
vn -0.2318 -0.7616 -0.6051
vn 0.3066 -0.7486 -0.5879
vn -0.2194 -0.7532 -0.6201
vn 0.5910 -0.5162 -0.6199
vn -0.0769 0.9970 0.0056
vn 0.0912 0.9936 0.0661
vn -0.1147 0.9933 -0.0106
vn -0.2836 0.9557 0.0787
vn -0.0759 0.9959 -0.0499
vn 0.2060 0.4513 -0.8683
vn -0.2156 0.9762 0.0246
vn 0.0607 0.8603 -0.5062
vn 0.4876 -0.7380 -0.4665
vn 0.4597 -0.3185 -0.8290
vn 0.4608 -0.8322 0.3083
vn -0.1402 0.9821 -0.1254
vn 0.4879 -0.6221 -0.6124
vn -0.0786 0.9969 -0.0016
vn -0.0650 0.9979 0.0017
vn -0.0586 0.9981 0.0165
vn -0.0709 0.9974 0.0081
vn -0.1317 0.9865 0.0971
vn -0.3663 0.7202 -0.5892
vn -0.1707 0.9785 -0.1161
vn -0.4653 0.2535 -0.8481
vn -0.0677 0.9900 0.1241
vn -0.3460 -0.8602 0.3745
vn -0.4058 -0.2839 -0.8688
vn 0.0130 -0.9992 -0.0373
vn 0.1908 -0.8066 0.5595
vn -0.2208 -0.7709 -0.5974
vn 0.0086 -0.9999 -0.0085
vn -0.0305 -0.9995 0.0023
vn -0.0716 -0.9974 -0.0024
vn 0.0535 -0.9986 -0.0000
vn 0.1296 -0.9909 0.0369
vn 0.1015 -0.9946 0.0209
vn 0.0530 -0.9982 -0.0275
vn 0.0619 -0.9980 0.0114
vn 0.1061 -0.9932 0.0474
vn 0.1535 -0.9878 0.0246
vn 0.1070 -0.9942 -0.0065
vn 0.0751 -0.9951 0.0644
vn 0.1608 -0.9863 0.0373
vn 0.1754 -0.9780 0.1131
vn 0.0671 -0.9975 -0.0214
vn 0.1176 -0.9924 -0.0358
vn 0.1095 -0.7393 0.6644
vn 0.1766 -0.5160 0.8382
vn 0.4549 -0.7760 0.4369
vn 0.1057 -0.9902 0.0910
vn 0.4758 -0.5469 0.6889
vn 0.0569 -0.9968 -0.0561
vn 0.1034 -0.9926 0.0634
vn 0.1247 -0.8964 0.4253
vn 0.1068 -0.9906 0.0857
vn 0.1680 -0.9858 -0.0069
vn 0.0204 -0.9998 0.0027
vn 0.1177 -0.9928 -0.0219
vn 0.3643 -0.8429 0.3960
vn 0.1239 -0.9920 -0.0257
vn 0.1467 -0.9891 0.0120
vn 0.0864 -0.9961 0.0155
vn 0.0842 -0.9957 -0.0390
vn 0.0881 -0.9961 -0.0092
vn 0.3550 -0.9323 -0.0688
vn 0.0502 -0.9982 0.0316
vn -0.0450 -0.9939 0.1005
vn 0.1405 -0.9899 -0.0186
vn 0.0742 -0.9972 -0.0022
vn 0.0618 -0.9972 0.0429
vn 0.0477 -0.9988 0.0149
vn 0.0752 -0.9967 -0.0307
vn 0.1573 -0.9872 -0.0257
vn 0.0679 -0.9977 -0.0031
vn -0.0155 -0.9928 0.1191
vn 0.0845 -0.9964 0.0099
vn 0.0589 -0.9982 0.0090
vn -0.0781 0.9969 0.0096
vn -0.1164 0.9932 -0.0012
vn -0.0731 0.9973 -0.0086
vn -0.0688 0.9973 0.0247
vn -0.0995 0.9946 0.0293
vn -0.1224 0.9923 0.0184
vn -0.0605 0.9945 -0.0856
vn -0.1869 0.8091 -0.5572
vn -0.2848 0.3010 -0.9101
vn 0.4780 -0.6904 0.5430
vn 0.1752 -0.9844 0.0170
vn 0.1795 -0.9837 -0.0118
vn 0.2156 -0.9763 0.0177
vn 0.2091 -0.9778 -0.0163
vn 0.0179 -0.9476 0.3189
vn -0.3074 0.7224 -0.6194
vn -0.1163 0.9837 -0.1368
vn -0.3957 0.2536 -0.8827
vn -0.0821 0.9946 0.0639
vn -0.2258 0.9728 0.0516
vn -0.2001 0.9796 0.0203
vn -0.1075 0.9941 0.0170
vn -0.1277 0.9918 0.0113
vn -0.0821 0.9939 -0.0730
vn -0.0415 -0.7944 0.6060
vn -0.3656 -0.2965 -0.8823
vn -0.0251 -0.9862 -0.1634
vn 0.0612 -0.9656 0.2526
vn -0.2094 -0.7915 -0.5741
vn -0.0492 -0.9987 0.0154
vn 0.1046 -0.9943 0.0190
vn -0.1711 -0.9009 0.3990
vn 0.0912 -0.9958 0.0059
vn 0.1277 -0.9916 -0.0192
vn -0.1485 0.9870 0.0620
vn 0.0566 0.9389 -0.3396
vn -0.0696 0.9938 0.0871
vn 0.1190 -0.8675 -0.4829
vn 0.2243 0.3556 -0.9073
vn 0.2369 -0.3419 -0.9094
vn 0.0508 -0.9390 0.3400
vn -0.0791 -0.9946 0.0678
vn -0.1574 -0.9478 0.2775
vn 0.0007 -0.9930 0.1183
vn 0.1496 -0.9867 -0.0637
vn 0.0042 0.9881 -0.1535
vn -0.0263 0.9993 -0.0257
vn -0.0022 0.9928 -0.1201
vn 0.0053 0.9964 -0.0843
vn -0.0425 0.9971 -0.0634
vn -0.0826 0.9931 -0.0832
vn -0.0737 0.9972 -0.0089
vn -0.0891 0.9960 0.0049
vn -0.0161 0.9988 -0.0466
vn -0.2631 0.9626 0.0641
vn 0.0088 -0.3645 0.9312
vn 0.1984 -0.5716 0.7962
vn 0.5526 -0.5088 0.6601
vn 0.5671 -0.5071 0.6490
vn 0.4690 -0.5254 0.7099
vn 0.2011 -0.6328 0.7478
vn -0.0438 -0.8224 0.5672
vn -0.2560 -0.4175 -0.8719
vn -0.0513 -0.9113 -0.4085
vn 0.0812 -0.9927 -0.0896
vn 0.1236 -0.9733 0.1936
vn 0.0780 -0.9418 0.3270
vn 0.0434 -0.9267 0.3734
vn -0.1047 0.9360 -0.3362
vn 0.0384 0.9992 0.0104
vn 0.2032 0.6852 -0.6994
vn -0.1686 0.9697 0.1771
vn 0.0832 -0.9955 -0.0464
vn 0.2153 -0.9604 -0.1767
vn 0.1801 -0.9771 -0.1137
vn 0.1825 -0.9819 0.0499
vn -0.0988 0.9949 0.0213
vn -0.0555 0.9968 -0.0577
vn -0.0554 0.9980 -0.0305
vn -0.0183 0.9967 -0.0787
vn -0.0899 0.9959 0.0075
vn -0.0935 0.9956 0.0050
vn -0.0855 0.9957 -0.0368
vn 0.1475 0.9009 -0.4081
vn 0.3881 -0.7149 -0.5816
vn 0.4539 -0.3636 -0.8135
vn 0.3800 0.3864 -0.8404
vn -0.0991 0.9951 -0.0050
vn -0.0979 0.9951 -0.0133
vn -0.0975 0.9950 0.0200
vn -0.0961 0.9950 0.0290
vn -0.0841 0.9955 -0.0428
vn -0.1052 0.9939 -0.0344
vn -0.0894 0.9944 -0.0572
vn -0.0581 0.9968 -0.0540
vn 0.3762 0.9242 0.0656
vn -0.0994 0.9951 -0.0005
vn -0.1800 0.9769 0.1153
vn 0.0025 0.9996 0.0280
vn -0.2061 0.9683 0.1411
vn 0.3879 0.8869 0.2508
vn -0.1565 0.9843 0.0818
vn 0.2439 -0.9307 -0.2726
vn 0.2085 -0.9733 -0.0955
vn 0.2159 -0.9764 0.0050
vn 0.0489 -0.9789 0.1983
vn -0.0315 -0.9960 0.0830
vn -0.0137 -0.9880 0.1541
vn 0.0310 -0.9924 0.1188
vn -0.0971 -0.9744 0.2029
vn 0.0401 -0.9977 0.0540
vn 0.0879 -0.9928 -0.0815
vn 0.0868 -0.9962 -0.0067
vn 0.0028 -0.9986 0.0535
vn -0.1415 -0.9818 0.1267
vn -0.0092 -0.9926 0.1214
vn 0.0753 -0.9972 0.0046
vn 0.0945 -0.9955 -0.0031
vn 0.0813 -0.9967 -0.0027
vn 0.0183 -0.9992 0.0360
vn -0.0548 -0.9967 0.0606
vn 0.0785 -0.9969 -0.0055
vn 0.0924 -0.9957 0.0038
vn 0.0851 -0.9963 0.0085
vn 0.0764 -0.9971 0.0058
vn 0.0446 -0.9989 -0.0146
vn 0.0909 -0.9956 -0.0239
vn 0.1168 -0.9920 0.0471
vn 0.0920 -0.9931 0.0723
vn 0.0592 -0.9968 0.0535
vn 0.0392 -0.9991 -0.0162
vn 0.5521 -0.7217 0.4176
vn 0.4392 -0.7769 0.4511
vn 0.2426 -0.7844 0.5708
vn 0.1008 -0.8006 0.5906
vn 0.2076 -0.9765 -0.0575
vn 0.1098 -0.9931 -0.0406
vn 0.0388 -0.9976 0.0576
vn 0.0876 -0.9961 0.0043
vn 0.1079 -0.9941 0.0100
vn 0.0871 -0.9962 -0.0026
vn 0.0080 -0.9637 -0.2670
vn 0.0872 -0.9960 -0.0216
vn 0.0886 -0.9950 -0.0456
vn 0.0730 -0.9966 0.0379
vn 0.1561 -0.9794 0.1284
vn 0.0668 -0.9254 0.3730
vn 0.0458 -0.9304 0.3637
vn 0.0908 -0.9959 -0.0029
vn 0.0986 -0.9951 0.0085
vn 0.0643 -0.8701 0.4886
vn -0.0518 -0.9381 0.3425
vn -0.0388 -0.9618 0.2709
vn -0.0386 -0.8313 0.5544
vn 0.0579 -0.9821 0.1794
vn -0.1322 -0.8949 0.4263
vn -0.2869 -0.8880 0.3594
vn -0.3016 -0.9195 0.2521
vn -0.1869 -0.9040 0.3844
vn 0.5232 -0.7548 0.3956
vn -0.1823 -0.9010 0.3937
vn 0.4650 -0.8758 0.1298
vn -0.0489 0.9916 0.1200
vn -0.0729 0.9966 0.0371
vn -0.0683 0.9940 0.0854
vn 0.8542 0.3365 -0.3964
vn -0.1335 0.9869 0.0904
vn -0.2212 0.6998 0.6792
vn 0.9219 0.0951 -0.3756
vn 0.8456 0.3728 -0.3821
vn 0.7759 -0.5863 -0.2331
vn -0.2904 -0.6766 0.6767
vn 0.1267 0.9913 -0.0366
vn -0.1739 -0.9701 0.1696
vn 0.0268 -0.9996 0.0114
vn -0.0660 -0.9952 0.0726
vn 0.0491 -0.9988 -0.0061
vn -0.1093 -0.9813 0.1587
vn 0.2726 -0.9621 0.0062
vn 0.9733 0.0572 0.2225
vn 0.9306 0.2683 0.2489
vn 0.8827 -0.4040 0.2402
vn 0.7832 -0.5464 0.2967
vn 0.2535 -0.9666 -0.0373
vn -0.2498 0.0146 -0.9682
vn -0.4700 0.0233 -0.8824
vn -0.1196 0.1580 -0.9802
vn 0.1709 -0.9850 0.0253
vn 0.3847 -0.7866 -0.4830
vn 0.5334 0.1411 0.8340
vn 0.8947 0.3945 0.2096
vn -0.0472 0.9987 -0.0201
vn 0.2476 0.8927 -0.3765
vn 0.5435 0.1115 0.8319
vn 0.0554 0.9975 -0.0433
vn 0.0964 0.9932 0.0658
vn 0.3876 0.0643 -0.9196
vn 0.0755 0.0442 0.9962
vn 0.3924 -0.9174 0.0668
vn -0.0233 0.9859 0.1655
vn 0.8663 0.1682 -0.4704
vn -0.4939 -0.0582 0.8675
vn 0.4085 -0.8676 0.2836
vn 0.2279 0.7608 0.6077
vn 0.9669 0.1226 0.2240
vn -0.3027 -0.0739 0.9502
vn 0.4273 -0.6654 0.6121
vn 0.0614 0.9682 -0.2423
vn -0.2762 0.5184 -0.8093
vn 0.3240 -0.9009 -0.2887
vn 0.0870 -0.9954 0.0399
vn 0.1433 -0.9875 -0.0653
vn 0.6874 0.2263 -0.6901
vn -0.0632 -0.6937 -0.7175
vn 0.1206 -0.9864 0.1114
vn 0.2134 -0.8990 -0.3823
vn 0.0872 -0.9702 0.2259
vn 0.1019 -0.9910 0.0872
vn 0.0297 -0.9907 0.1325
vn 0.5707 -0.7063 -0.4188
vn 0.2531 -0.9449 -0.2076
vn 0.1739 -0.9655 0.1937
vn 0.1052 -0.9771 0.1850
vn 0.2275 -0.9671 0.1135
vn 0.1486 -0.9886 -0.0225
vn 0.1949 -0.9803 0.0330
vn 0.1692 -0.9751 0.1433
vn 0.1443 -0.9894 -0.0162
vn 0.0264 -0.9996 0.0141
vn -0.1392 -0.9890 0.0494
vn 0.1693 -0.9761 0.1361
vn 0.1728 -0.9610 0.2157
vn 0.4627 -0.8810 -0.0986
vn 0.0890 -0.9960 -0.0057
vn 0.1572 -0.9830 0.0947
vn 0.0703 -0.9961 -0.0527
vn 0.3441 -0.8600 0.3767
vn 0.1007 -0.9949 -0.0080
vn 0.1682 -0.9855 -0.0217
vn 0.1414 -0.9897 -0.0242
vn 0.1322 -0.9908 -0.0287
vn 0.2918 -0.9550 -0.0538
vn 0.3094 -0.9497 0.0475
vn 0.4645 -0.8854 0.0183
vn -0.0775 0.9969 0.0124
vn -0.0138 0.9989 -0.0456
vn -0.1043 0.9945 0.0102
vn -0.1187 0.9929 0.0079
vn -0.1006 0.9947 -0.0230
vn -0.0694 0.9962 0.0530
vn 0.1329 0.9392 -0.3165
vn 0.2556 0.9308 -0.2614
vn 0.2737 0.9481 -0.1617
vn 0.3403 0.8492 -0.4039
vn 0.4589 0.8379 -0.2955
vn 0.4657 0.8769 -0.1191
vn 0.4738 0.7262 -0.4982
vn 0.6526 0.7005 -0.2889
vn 0.6771 0.7338 -0.0551
vn 0.6723 0.5392 -0.5073
vn 0.8762 0.3426 -0.3390
vn 0.9457 0.3120 -0.0905
vn 0.6588 0.2854 -0.6961
vn 0.9496 -0.0050 -0.3135
vn 0.9858 0.0353 -0.1643
vn 0.5713 -0.2556 -0.7799
vn 0.8474 -0.3950 -0.3548
vn 0.8916 -0.4517 -0.0318
vn 0.0674 0.9851 0.1580
vn 0.0126 0.9718 -0.2357
vn 0.0986 0.9090 -0.4049
vn 0.1600 0.5470 -0.8217
vn 0.2896 0.6417 -0.7102
vn 0.3390 0.8973 0.2827
vn 0.2763 0.9173 -0.2868
vn 0.6586 0.6117 -0.4384
vn 0.8861 0.1069 -0.4509
vn 0.8469 0.2541 -0.4671
vn 0.7409 0.6018 0.2981
vn 0.7566 0.4661 -0.4586
vn 0.6585 0.0831 -0.7480
vn 0.7935 0.1788 -0.5817
vn 0.9155 0.2202 -0.3366
vn 0.9609 -0.1203 -0.2492
vn 0.9471 -0.2968 -0.1223
vn 0.8677 -0.4008 -0.2939
vn 0.6217 -0.4595 -0.6343
vn 0.8493 0.3735 -0.3732
vn 0.9318 0.2251 -0.2847
vn 0.9478 0.1554 -0.2784
vn 0.9443 0.0004 -0.3291
vn 0.4349 0.8378 -0.3301
vn 0.5443 0.7063 -0.4527
vn 0.5642 0.7303 -0.3852
vn 0.6710 0.7269 -0.1462
vn 0.8277 0.2933 -0.4784
vn 0.6367 -0.5806 0.5075
vn 0.4607 -0.8424 -0.2796
vn 0.6714 0.0679 -0.7380
vn 0.6465 -0.7614 -0.0481
vn 0.4422 -0.8686 0.2235
vn 0.8502 -0.0596 -0.5232
vn 0.7610 -0.6054 -0.2330
vn 0.4288 -0.8230 0.3725
vn 0.9303 -0.1967 -0.3096
vn 0.9078 -0.2706 -0.3205
vn 0.5267 -0.8002 0.2867
vn 0.9150 0.0975 -0.3914
vn 0.8617 0.3649 -0.3527
vn 0.8557 0.1097 -0.5057
vn 0.6310 -0.7535 0.1846
vn 0.6312 -0.7701 0.0924
vn 0.5185 -0.8551 -0.0064
vn 0.5185 -0.8383 0.1687
vn 0.4089 -0.8549 -0.3193
vn 0.3007 -0.9477 -0.1069
vn 0.8757 -0.4790 -0.0604
vn 0.8983 -0.4352 -0.0604
vn 0.5721 -0.8148 -0.0942
vn 0.1897 -0.1222 -0.9742
vn 0.2879 0.7814 -0.5536
vn 0.2947 0.8481 -0.4404
vn 0.4118 0.6705 -0.6171
vn -0.8059 0.5890 -0.0595
vn -0.6128 0.7849 -0.0915
vn -0.2708 0.9472 -0.1719
vn -0.5505 0.8072 -0.2129
vn -0.1715 0.9492 -0.2640
vn -0.7292 0.6688 -0.1449
vn 0.7756 -0.5437 -0.3206
vn 0.6309 -0.7618 -0.1472
vn 0.2409 -0.9636 0.1161
vn 0.2380 -0.9661 0.0997
vn 0.2542 -0.9526 -0.1669
vn -0.7364 0.5552 -0.3867
vn -0.7778 0.5150 -0.3603
vn 0.2336 -0.9476 -0.2180
vn 0.3394 0.4101 -0.8466
vn 0.0898 -0.9959 0.0062
vn 0.9285 -0.3543 -0.1109
vn 0.8019 -0.5845 0.1235
vn 0.4881 -0.8398 -0.2378
vn 0.9234 0.3309 0.1945
vn 0.9107 0.0801 -0.4053
vn 0.6049 0.7858 -0.1292
vn 0.8319 0.2768 -0.4810
vn 0.9551 0.1657 0.2457
vn 0.8750 0.1357 -0.4646
vn 0.8891 -0.0361 0.4562
vn 0.7698 0.2838 -0.5717
vn 0.1869 0.6053 -0.7737
vn 0.4597 0.4406 -0.7711
vn 0.5965 -0.1872 -0.7805
vn 0.4857 -0.3223 -0.8126
vn 0.3198 -0.3473 -0.8815
vn 0.6345 -0.0734 -0.7694
vn -0.2588 0.1431 -0.9553
vn -0.2499 0.3624 -0.8979
vn 0.1128 -0.2766 -0.9543
vn 0.0341 -0.2908 -0.9562
vn 0.6786 0.2929 -0.6736
vn 0.4085 0.7892 -0.4585
vn 0.5380 0.7921 -0.2885
vn 0.5515 0.8297 -0.0860
vn 0.5004 0.8068 0.3141
vn 0.9545 0.2208 -0.2005
vn 0.9674 -0.0833 -0.2392
vn 0.4827 0.8182 -0.3123
vn 0.8771 0.1411 -0.4590
vn 0.9114 0.1682 -0.3756
vn 0.8496 -0.0277 -0.5267
vn 0.9375 0.2205 -0.2691
vn 0.9276 0.1909 -0.3210
vn 0.1409 0.9652 -0.2202
vn 0.0428 0.9598 -0.2772
vn 0.1505 0.9762 -0.1560
vn 0.0738 0.9899 0.1207
vn 0.1252 0.9724 -0.1966
vn 0.1746 0.5594 -0.8103
vn 0.0749 0.7061 -0.7041
vn 0.2121 0.8981 -0.3852
vn 0.0965 0.8714 -0.4809
vn 0.1685 0.8998 -0.4025
vn 0.0498 0.9441 -0.3258
vn 0.3348 0.9423 -0.0085
vn 0.5371 -0.1467 -0.8306
vn 0.7199 -0.2293 -0.6551
vn 0.8596 -0.1598 -0.4854
vn 0.7667 0.5936 -0.2447
vn 0.3881 0.9092 -0.1511
vn 0.2418 0.9010 -0.3603
vn 0.3732 0.8804 -0.2925
vn 0.4510 0.4820 -0.7512
vn 0.5887 0.4463 -0.6739
vn 0.0807 0.9609 -0.2650
vn 0.2623 0.8693 -0.4190
vn 0.1736 0.9599 0.2200
vn 0.8594 0.4184 -0.2939
vn 0.9024 0.3590 -0.2381
vn 0.7479 0.5747 -0.3322
vn 0.8473 0.4054 -0.3431
vn 0.0789 0.1857 -0.9794
vn 0.5769 0.0927 -0.8115
vn 0.9100 0.1593 -0.3828
vn 0.1854 0.5203 -0.8336
vn 0.5494 -0.1056 -0.8289
vn -0.0000 -0.9978 -0.0665
vn 0.2770 -0.9246 -0.2617
vn 0.2852 -0.9316 0.2252
vn 0.2788 -0.8675 0.4120
vn 0.3450 -0.8626 0.3700
vn 0.2788 -0.9595 -0.0396
vn 0.4116 -0.8673 0.2801
vn 0.4225 -0.8987 0.1179
vn -0.0470 -0.9955 -0.0823
vn 0.3832 -0.9171 0.1101
vn 0.3299 -0.9436 -0.0282
vn 0.3282 -0.9365 -0.1233
vn 0.1957 -0.5488 -0.8127
vn -0.3683 0.9243 -0.1004
vn -0.4272 0.8695 -0.2479
vn -0.1278 0.9890 -0.0748
vn -0.0144 -0.9711 -0.2383
vn 0.5592 -0.4093 -0.7209
vn 0.4337 0.2896 -0.8532
vn 0.0351 0.9478 -0.3170
vn -0.4411 0.6751 -0.5913
vn 0.2244 -0.9068 -0.3569
vn 0.0695 -0.9936 -0.0889
vn -0.0469 -0.9780 0.2033
vn -0.0766 -0.9714 0.2248
vn 0.2695 -0.9363 -0.2251
vn 0.0061 -0.2388 -0.9710
vn 0.1828 -0.3143 -0.9316
vn 0.3069 -0.1747 -0.9356
vn 0.0121 -0.0771 -0.9970
vn -0.0358 -0.2541 -0.9665
vn -0.0019 0.3133 -0.9496
vn -0.1456 0.5982 -0.7880
vn 0.7954 -0.0559 -0.6036
vn -0.2269 0.1705 -0.9589
vn -0.4769 0.4078 -0.7786
vn 0.2260 0.5373 -0.8126
vn 0.8078 0.0720 -0.5851
vn -0.1338 0.6461 -0.7515
vn 0.7948 0.1396 -0.5905
vn 0.5282 0.5393 -0.6558
vn 0.9018 0.0845 -0.4239
vn 0.9621 0.1045 -0.2517
vn 0.2648 0.4942 -0.8280
vn 0.2340 -0.0927 -0.9678
vn 0.3499 0.1551 -0.9239
vn 0.4323 -0.0089 -0.9017
vn 0.5302 0.3510 -0.7718
vn 0.7740 -0.1389 0.6177
vn 0.6443 0.5095 -0.5703
vn 0.9770 0.1787 -0.1164
vn 0.5389 0.0982 0.8366
vn 0.4592 0.8156 -0.3519
vn 0.6828 0.6781 0.2721
vn -0.0871 0.4902 -0.8672
vn 0.0942 0.5536 -0.8274
vn 0.0797 0.5891 -0.8041
vn 0.2207 0.6645 -0.7140
vn -0.4474 0.8000 0.3998
vn -0.2786 0.8745 0.3971
vn 0.0320 0.8959 0.4431
vn 0.6091 0.7498 0.2585
vn -0.3910 0.7077 0.5885
vn -0.1471 0.7515 0.6431
vn 0.1927 0.7466 0.6367
vn 0.7847 0.5071 0.3566
vn -0.0374 0.3103 0.9499
vn 0.1790 0.2525 0.9509
vn 0.5199 0.2458 0.8181
vn 0.7853 0.2497 0.5666
vn 0.4258 0.8741 0.2338
vn 0.1677 0.9731 0.1583
vn 0.7336 0.6412 0.2251
vn 0.5182 0.8193 0.2455
vn 0.1095 0.9847 0.1358
vn 0.3064 0.9306 0.2003
vn -0.3155 0.8470 0.4278
vn 0.0746 0.7667 -0.6376
vn -0.1683 0.7945 0.5835
vn 0.2362 0.9717 -0.0006
vn 0.1332 0.9906 -0.0299
vn 0.3700 0.9282 0.0383
vn 0.4521 0.8898 0.0621
vn 0.6841 0.7256 0.0745
vn 0.5304 0.8435 0.0855
vn 0.5934 0.4920 0.6370
vn 0.9873 -0.0616 0.1463
vn 0.5756 -0.8141 -0.0770
vn 0.9088 -0.4123 -0.0639
vn 0.3572 -0.9289 -0.0978
vn 0.6039 -0.6028 0.5214
vn 0.6083 -0.7397 0.2877
vn 0.5000 -0.8620 0.0835
vn 0.6700 -0.7358 -0.0988
vn 0.6203 -0.6110 -0.4918
vn 0.5717 -0.7441 -0.3457
vn 0.8367 -0.4958 -0.2328
vn 0.5329 -0.8321 -0.1540
vn 0.8622 -0.5056 -0.0306
vn 0.2948 -0.9409 -0.1666
vn 0.5540 -0.7103 -0.4343
vn 0.6064 -0.7028 -0.3719
vn 0.4756 -0.5484 -0.6878
vn 0.6873 0.2019 -0.6977
vn 0.6571 -0.6827 0.3196
vn 0.4703 -0.8769 -0.0993
vn 0.2914 -0.9506 -0.1068
vn 0.9270 -0.1605 -0.3390
vn 0.7327 -0.6101 0.3016
vn 0.4664 -0.8364 -0.2878
vn 0.2648 -0.9280 -0.2623
vn 0.4265 -0.2286 -0.8751
vn 0.8447 -0.3998 -0.3558
vn 0.5214 -0.5993 -0.6075
vn 0.2916 -0.6289 -0.7207
vn 0.4620 -0.7060 -0.5367
vn 0.5934 -0.6841 -0.4240
vn 0.5415 -0.7948 -0.2740
vn 0.0497 -0.7743 -0.6308
vn 0.1838 -0.8852 -0.4274
vn 0.2356 -0.9455 -0.2247
vn 0.5137 0.8577 0.0235
vn -0.0235 0.9996 -0.0180
vn 0.2468 0.9689 0.0202
vn 0.4427 0.8955 0.0467
vn 0.0463 0.9986 -0.0273
vn 0.0601 0.9982 -0.0028
vn -0.0539 0.9979 -0.0368
vn 0.4292 0.8911 -0.1474
vn -0.2825 0.9588 0.0290
vn -0.4178 0.9021 0.1077
vn -0.3675 0.9191 0.1422
vn 0.7760 -0.3516 -0.5236
vn 0.1279 0.9918 0.0025
vn 0.3011 0.9536 0.0086
vn 0.5255 0.8508 -0.0067
vn 0.4681 0.8793 0.0881
vn 0.3670 0.9302 -0.0028
vn 0.0678 0.9976 -0.0125
vn 0.1903 0.9817 0.0092
vn 0.1041 0.9919 0.0727
vn 0.3007 0.9515 0.0649
vn 0.5204 0.8518 0.0602
vn 0.5221 0.8458 -0.1099
vn 0.3562 0.9318 0.0693
vn 0.0746 0.9939 0.0814
vn 0.1753 0.9825 0.0627
vn 0.0963 0.9890 0.1120
vn 0.2871 0.9530 0.0967
vn 0.4395 0.8946 0.0807
vn 0.5344 0.8441 -0.0446
vn 0.3404 0.9356 0.0938
vn 0.0637 0.9911 0.1172
vn 0.1658 0.9809 0.1017
vn 0.1073 0.9884 0.1079
vn 0.2918 0.9454 0.1454
vn 0.3490 0.9258 0.1452
vn 0.5025 0.8605 0.0838
vn 0.2991 0.9424 0.1497
vn 0.0741 0.9924 0.0986
vn 0.1801 0.9753 0.1278
vn 0.2109 0.9509 0.2264
vn 0.2458 0.9527 0.1789
vn 0.2646 0.9585 0.1061
vn 0.4247 0.9007 0.0912
vn 0.2854 0.9485 0.1374
vn 0.1447 0.9645 0.2210
vn 0.2221 0.9522 0.2096
vn 0.6216 0.6044 -0.4984
vn 0.8061 0.5909 -0.0331
vn 0.7716 0.5627 -0.2967
vn 0.6698 -0.5831 0.4597
vn 0.2681 -0.9245 -0.2711
vn 0.3621 0.8264 0.4313
vn 0.6217 0.6743 0.3986
vn 0.4469 0.8311 -0.3310
vn 0.7807 0.6059 0.1529
vn 0.9357 0.2567 -0.2422
vn 0.4576 -0.8343 -0.3076
vn 0.0888 0.9826 0.1631
vn 0.8049 0.5926 0.0308
vn 0.8243 0.5647 0.0398
vn 0.7082 0.7050 0.0393
vn 0.5714 0.8095 0.1350
vn 0.4505 0.8856 0.1126
vn 0.3819 0.8747 -0.2984
vn 0.3740 0.9199 -0.1181
vn 0.3059 0.9466 -0.1022
vn 0.3125 0.9133 -0.2613
vn 0.4995 0.7990 -0.3348
vn 0.5167 0.8454 -0.1355
vn 0.0217 0.9736 -0.2271
vn 0.0391 0.9914 -0.1248
vn 0.1016 0.9684 -0.2280
vn 0.1103 0.9882 -0.1064
vn 0.5414 0.7727 -0.3314
vn 0.3216 0.9448 -0.0621
vn 0.2039 0.9491 -0.2401
vn 0.1904 0.9766 -0.1003
vn 0.7462 0.5903 -0.3077
vn 0.7936 0.5914 -0.1431
vn 0.3977 0.5840 -0.7076
vn 0.4468 -0.0467 -0.8934
vn 0.9730 -0.1807 -0.1436
vn 0.4697 -0.1658 -0.8671
vn 0.9335 -0.2893 -0.2119
vn 0.8976 -0.2837 -0.3373
vn 0.8119 -0.3239 -0.4857
vn 0.7787 -0.3001 -0.5510
vn 0.9979 0.0231 -0.0611
vn 0.9816 -0.1241 0.1452
vn 0.0199 -0.6743 -0.7382
vn 0.6363 -0.6244 -0.4530
vn 0.1798 -0.8395 -0.5127
vn 0.9677 0.0302 0.2502
vn -0.0033 -0.6180 -0.7862
vn 0.9922 -0.1226 -0.0244
vn 0.9785 -0.0814 0.1893
vn 0.9862 0.0491 0.1580
vn 0.9461 -0.0954 -0.3096
vn 0.9994 0.0333 0.0038
vn 0.9303 -0.3582 -0.0792
vn 0.4604 -0.0713 -0.8848
vn 0.9017 -0.3679 -0.2271
vn 0.8946 -0.2801 -0.3481
vn 0.7982 -0.4556 -0.3941
vn 0.7706 -0.5308 -0.3528
vn 0.9327 -0.2541 0.2561
vn 0.5592 -0.2932 -0.7754
vn -0.4209 -0.0560 -0.9054
vn 0.8810 -0.3604 0.3064
vn 0.9538 -0.2947 -0.0581
vn 0.9187 -0.3584 0.1656
vn 0.8831 -0.3483 0.3144
vn 0.9345 -0.3546 -0.0300
vn 0.9036 -0.3017 0.3041
vn 0.9486 -0.3159 0.0191
vn -0.5477 0.0661 -0.8341
vn -0.3284 0.0800 -0.9411
vn 0.5735 -0.3048 -0.7604
vn 0.3235 -0.9420 -0.0890
vn -0.0302 -0.9981 -0.0535
vn 0.1372 -0.9321 0.3352
vn -0.1855 -0.9154 0.3573
vn 0.6072 -0.7925 -0.0566
vn 0.3079 -0.9476 -0.0847
vn 0.5848 -0.6764 0.4478
vn 0.3291 -0.8425 0.4265
vn 0.2075 -0.7167 0.6658
vn 0.3497 -0.6231 0.6996
vn 0.6295 -0.7768 -0.0167
vn 0.6427 -0.7189 0.2648
vn 0.2203 -0.9498 0.2220
vn 0.4395 -0.8964 0.0584
vn -0.0201 -0.9837 0.1784
vn 0.3121 -0.9337 0.1755
vn 0.7175 -0.6135 -0.3299
vn 0.7019 -0.0253 -0.7118
vn 0.5748 -0.1188 -0.8096
vn 0.6205 0.3848 -0.6833
vn 0.3984 0.8074 -0.4352
vn 0.1964 0.9245 -0.3268
vn 0.5203 0.6798 -0.5169
vn 0.1781 -0.6144 -0.7686
vn 0.4640 0.7525 -0.4674
vn 0.0963 0.9571 -0.2732
vn 0.3088 0.8703 -0.3836
vn 0.0571 -0.8750 -0.4808
vn 0.5828 0.5569 -0.5918
vn 0.7420 -0.2808 -0.6088
vn 0.7268 -0.1654 -0.6667
vn -0.1239 -0.9803 0.1541
vn 0.1230 -0.9286 0.3501
vn 0.5297 -0.8011 0.2786
vn -0.0824 -0.9845 0.1548
vn -0.1426 -0.9184 0.3690
vn 0.2757 -0.9096 0.3109
vn 0.3438 -0.9351 0.0859
vn 0.6646 -0.7172 0.2097
vn 0.6285 -0.7698 0.1118
vn 0.6617 -0.7491 -0.0327
vn 0.8855 -0.4644 -0.0139
vn 0.8197 -0.5718 0.0327
vn 0.8892 -0.4295 0.1576
vn 0.8644 -0.4658 0.1896
vn 0.9425 -0.2581 0.2121
vn 0.8462 -0.4914 0.2062
vn 0.9502 -0.2177 0.2230
vn 0.8881 -0.3253 0.3248
vn 0.6753 -0.6438 0.3597
vn 0.7558 -0.3347 0.5628
vn 0.5260 -0.3255 0.7857
vn 0.6665 -0.7452 -0.0201
vn 0.8858 -0.4622 -0.0403
vn 0.3652 -0.9243 0.1104
vn 0.6318 -0.7727 -0.0620
vn 0.3012 0.8282 0.4727
vn 0.9136 -0.3679 -0.1732
vn 0.9226 0.2177 0.3185
vn -0.5923 0.6393 0.4904
vn 0.7057 -0.6651 -0.2443
vn -0.9734 -0.2159 0.0770
vn -0.9728 -0.1193 0.1986
vn -0.4975 0.7027 0.5086
vn -0.9337 -0.3482 0.0831
vn -0.8977 -0.4307 0.0932
vn -0.8431 -0.4760 0.2501
vn -0.8314 -0.5323 0.1591
vn -0.7799 -0.4183 0.4656
vn -0.7837 -0.5354 0.3149
vn -0.7363 0.4381 0.5157
vn -0.7496 0.1069 0.6532
vn 0.0701 0.9681 0.2406
vn 0.2590 0.8834 0.3905
vn 0.3042 -0.9509 -0.0576
vn 0.5836 -0.8120 -0.0054
vn 0.6445 -0.7462 -0.1665
vn 0.8497 -0.5194 0.0910
vn 0.8440 -0.5341 0.0487
vn 0.8459 -0.5258 -0.0894
vn 0.1206 -0.9549 0.2712
vn 0.0664 -0.9962 0.0556
vn 0.0224 -0.9921 -0.1234
vn -0.5341 -0.4739 0.7001
vn -0.2865 -0.7121 0.6410
vn -0.4155 0.2690 0.8689
vn -0.3002 0.5555 0.7755
vn 0.6438 -0.7511 0.1461
vn 0.4022 -0.8559 0.3249
vn 0.4057 -0.8400 0.3602
vn 0.8462 -0.5323 -0.0253
vn 0.7778 -0.5219 -0.3502
vn 0.9140 -0.3973 -0.0825
vn 0.9157 -0.3989 -0.0484
vn 0.5549 -0.6385 -0.5333
vn 0.7434 -0.4931 -0.4519
vn 0.8144 -0.5801 0.0158
vn 0.8002 -0.5923 -0.0940
vn 0.7423 -0.6300 -0.2283
vn 0.4569 -0.6083 -0.6490
vn 0.8175 -0.5686 -0.0914
vn 0.7726 -0.6124 -0.1675
vn 0.5642 -0.8089 0.1656
vn 0.7207 -0.6651 -0.1955
vn 0.6817 -0.7302 -0.0463
vn 0.1150 -0.9724 0.2029
vn 0.6687 -0.7330 0.1252
vn 0.3172 -0.9003 0.2981
vn 0.2988 -0.9543 -0.0040
vn 0.4304 -0.9023 0.0253
vn 0.4155 -0.2695 -0.8688
vn 0.2660 -0.8837 0.3851
vn 0.3533 -0.9314 0.0879
vn 0.3467 -0.9016 0.2585
vn -0.4724 -0.8348 0.2828
vn 0.0748 -0.5908 0.8034
vn 0.0466 -0.7741 0.6313
vn -0.0193 0.9998 0.0019
vn 0.2231 0.9718 -0.0758
vn -0.1075 0.9938 0.0278
vn -0.1264 0.9879 0.0896
vn 0.4227 0.3974 0.8145
vn 0.4576 0.7059 0.5406
vn 0.1267 0.7820 0.6102
vn 0.5958 0.5232 0.6093
vn -0.6449 0.1259 0.7539
vn -0.0414 0.4169 0.9080
vn -0.5076 0.5989 0.6195
vn 0.5635 0.4891 0.6658
vn -0.0477 0.9987 -0.0169
vn -0.0226 0.9995 -0.0226
vn -0.1034 0.9894 0.1016
vn 0.6200 0.5087 0.5974
vn -0.0960 0.9897 0.1062
vn -0.0779 0.9965 0.0306
vn -0.0979 0.9916 0.0840
vn -0.0233 0.9951 -0.0963
vn 0.8968 0.4306 -0.1020
vn -0.0484 0.9892 -0.1383
vn 0.1814 0.9588 -0.2189
vn 0.4467 0.8519 -0.2735
vn -0.0368 0.9942 -0.1012
vn 0.8711 0.4330 0.2318
vn 0.4832 0.6315 0.6064
vn 0.0797 0.9945 0.0679
vn 0.1184 0.9915 0.0531
vn 0.5328 0.8461 -0.0157
vn 0.1836 0.9826 0.0296
vn 0.3569 0.9335 0.0354
vn 0.8242 0.5633 0.0581
vn -0.7279 -0.6512 0.2146
vn -0.0197 0.9945 0.1033
vn -0.1643 0.9862 0.0217
vn -0.1458 0.9794 -0.1395
vn -0.1369 0.9903 0.0254
vn -0.0423 0.9977 0.0535
vn -0.0831 0.9926 -0.0890
vn -0.1615 0.9867 0.0158
vn -0.1932 0.9747 -0.1124
vn -0.0882 0.9960 0.0114
vn -0.2044 0.9785 0.0276
vn -0.0880 0.9961 0.0083
vn -0.1197 0.9884 0.0935
vn 0.6896 0.6495 -0.3203
vn 0.2714 0.2674 0.9246
vn 0.5128 0.5263 0.6783
vn -0.5991 0.3358 0.7269
vn 0.4172 0.3325 0.8458
vn 0.1054 0.1549 0.9823
vn 0.2656 0.3275 0.9067
vn -0.6818 0.4098 0.6060
vn 0.3755 0.6578 0.6529
vn -0.1851 0.4722 0.8618
vn -0.0116 0.2668 0.9637
vn -0.0095 0.5270 0.8498
vn 0.1872 0.5541 0.8111
vn 0.6311 0.5510 0.5461
vn 0.8095 0.3894 0.4393
vn -0.3037 0.0069 0.9527
vn -0.0274 0.7327 0.6800
vn -0.2813 0.7180 0.6366
vn -0.0935 0.9956 0.0055
vn 0.4240 0.3722 0.8256
vn 0.5308 0.8468 0.0346
vn 0.2983 0.9541 0.0274
vn 0.6602 0.4898 0.5694
vn -0.9310 -0.1048 0.3495
vn -0.8892 -0.3689 0.2706
vn -0.4439 -0.8760 0.1887
vn 0.7862 0.3206 0.5284
vn 0.7930 0.2353 0.5619
vn -0.0590 -0.8644 0.4993
vn -0.1281 -0.7451 0.6545
vn 0.2293 0.9683 -0.0993
vn 0.5532 -0.7764 0.3018
vn 0.4854 -0.8171 0.3110
vn 0.5393 -0.8384 0.0796
vn 0.7000 -0.6991 0.1455
vn 0.5585 -0.8192 -0.1302
vn 0.7386 -0.6718 0.0559
vn 0.7732 -0.6286 0.0838
vn 0.5435 -0.7865 -0.2935
vn 0.6513 -0.5932 -0.4732
vn 0.7457 -0.6633 0.0626
vn -0.0000 -0.9693 -0.2460
vn 0.5850 -0.7910 -0.1793
vn 0.7334 -0.6782 0.0466
vn 0.3655 -0.8823 0.2966
vn 0.2521 -0.9672 -0.0308
vn -0.3251 0.0813 0.9422
vn -0.5883 -0.5983 0.5440
vn -0.8161 -0.1446 0.5595
vn 0.7587 -0.6419 -0.1111
vn 0.6795 -0.6903 -0.2485
vn 0.2871 -0.9245 -0.2506
vn 0.7628 -0.6393 -0.0971
vn 0.7286 -0.6627 -0.1732
vn 0.6369 -0.7103 -0.2999
vn 0.6131 -0.7359 -0.2872
vn 0.4507 -0.7991 0.3979
vn 0.3734 -0.9137 0.1605
vn 0.3476 -0.3868 -0.8541
vn 0.3839 -0.8292 0.4063
vn 0.3079 -0.9480 0.0805
vn 0.3313 -0.9062 0.2627
vn -0.6344 -0.7117 0.3016
vn -0.0363 -0.9250 0.3783
vn 0.5017 -0.7953 0.3403
vn 0.4983 -0.8256 0.2646
vn 0.5414 -0.8402 -0.0302
vn 0.6166 -0.7567 0.2174
vn 0.4635 -0.8841 -0.0594
vn 0.6916 -0.7179 0.0795
vn 0.7145 -0.6883 0.1256
vn 0.4616 -0.8697 -0.1749
vn 0.5440 -0.6882 -0.4800
vn 0.6595 -0.7438 0.1085
vn -0.0000 -0.9883 -0.1527
vn 0.5518 -0.7935 -0.2566
vn 0.7067 -0.7074 0.0113
vn 0.3171 -0.8985 0.3036
vn 0.3240 -0.9440 -0.0626
vn -0.5279 -0.6284 0.5714
vn -0.8193 -0.1648 0.5492
vn -0.0374 -0.9143 0.4032
vn -0.4251 0.1143 0.8979
vn 0.7028 -0.7044 -0.0995
vn 0.6238 -0.7409 -0.2489
vn 0.2250 -0.9618 -0.1559
vn 0.6994 -0.7092 -0.0888
vn 0.6729 -0.7210 -0.1651
vn 0.5882 -0.7500 -0.3025
vn 0.5676 -0.7605 -0.3154
vn 0.5190 -0.7229 0.4560
vn 0.3573 -0.9171 0.1767
vn 0.2915 -0.4987 -0.8163
vn 0.2914 -0.8725 0.3922
vn 0.3923 -0.9174 0.0660
vn 0.3680 -0.8907 0.2670
vn -0.5397 -0.7186 0.4387
vn -0.3397 0.0571 0.9388
vn 0.7759 -0.6221 -0.1045
vn 0.7037 -0.6690 -0.2392
vn 0.3851 -0.7877 -0.4808
vn 0.7838 -0.6130 -0.0994
vn 0.7454 -0.6465 -0.1626
vn 0.6693 -0.6885 -0.2794
vn 0.6514 -0.7259 -0.2208
vn 0.3492 -0.8813 0.3183
vn 0.3729 -0.9213 0.1102
vn 0.3768 -0.3304 -0.8654
vn 0.3871 -0.8249 0.4120
vn 0.3109 -0.9465 0.0864
vn 0.3238 -0.9080 0.2660
vn -0.5669 -0.7715 0.2889
vn 0.6002 -0.7620 0.2432
vn 0.4419 -0.8301 0.3400
vn 0.4940 -0.8434 0.2113
vn 0.7788 -0.6235 0.0682
vn 0.6600 -0.7185 -0.2194
vn 0.8015 -0.5978 0.0184
vn 0.8321 -0.5532 0.0387
vn 0.5474 -0.7307 -0.4079
vn 0.6864 -0.5550 -0.4699
vn 0.7697 -0.6372 0.0395
vn 0.6000 -0.7982 -0.0535
vn 0.7858 -0.6145 0.0707
vn 0.3484 -0.8877 0.3011
vn 0.2476 -0.9687 -0.0165
vn -0.6711 -0.5651 0.4798
vn -0.8177 -0.2149 0.5340
vn -0.1652 -0.9309 0.3257
vn -0.0518 0.9809 0.1877
vn -0.1072 0.9869 0.1206
vn -0.0985 0.9925 0.0722
vn -0.1083 0.9938 0.0265
vn -0.0603 0.9981 -0.0129
vn 0.0198 0.9991 -0.0365
vn 0.1996 0.9784 -0.0534
vn -0.0057 0.9979 0.0641
vn -0.0834 0.9957 -0.0401
vn -0.1614 0.9835 -0.0818
vn -0.1025 0.9946 -0.0131
vn -0.1000 0.9919 -0.0779
vn -0.0849 0.9964 -0.0008
vn 0.0969 0.9892 -0.1104
vn -0.1012 0.9947 -0.0165
vn -0.0955 0.9939 0.0557
vn -0.0874 0.9952 0.0433
vn -0.0836 0.9965 0.0021
vn -0.0644 0.9975 0.0279
vn -0.2499 0.9474 0.1998
vn -0.0821 0.9965 0.0166
vn 0.0109 0.9994 -0.0320
vn -0.0818 0.9963 0.0266
vn 0.1272 -0.9783 0.1636
vn 0.0898 -0.9937 0.0672
vn 0.0778 -0.9959 0.0459
vn 0.1419 -0.9823 0.1218
vn 0.1895 -0.9705 0.1490
vn 0.0545 -0.9940 0.0952
vn 0.0170 -0.9998 0.0051
vn 0.1173 -0.9923 0.0405
vn 0.0962 -0.9954 0.0014
vn 0.0542 -0.9972 0.0518
vn 0.1034 -0.9932 0.0526
vn 0.1693 -0.9854 0.0179
vn -0.0704 0.9944 0.0782
vn 0.0647 -0.9976 0.0244
vn -0.0927 0.9940 0.0580
vn -0.0402 -0.9982 0.0437
vn -0.1062 0.9907 0.0855
vn -0.0747 0.9959 0.0503
vn -0.0617 0.9958 0.0670
vn 0.0158 0.9998 0.0116
vn -0.0093 0.9990 0.0438
vn -0.0869 0.9954 0.0394
vn 0.1136 -0.9738 0.1970
vn 0.0464 -0.9909 0.1267
vn 0.1973 -0.9803 0.0027
vn 0.2046 -0.9713 0.1213
vn -0.0454 -0.9965 0.0705
vn 0.2043 -0.9554 0.2134
vn -0.1112 -0.7732 0.6243
vn 0.1672 -0.9854 0.0316
vn -0.0059 -0.9982 0.0604
vn -0.0657 0.9959 0.0621
vn 0.1675 -0.9786 0.1193
vn -0.0511 0.9969 0.0601
vn 0.6493 -0.7602 0.0227
vn 0.8740 -0.4824 0.0583
vn 0.2193 -0.9360 0.2755
vn -0.3020 -0.6610 0.6869
vn -0.6188 -0.6360 0.4611
vn 0.2611 -0.5382 0.8013
vn -0.2554 0.4649 0.8477
vn 0.3822 0.9167 -0.1165
vn -0.7619 -0.4933 0.4198
vn -0.8124 -0.4544 0.3653
vn -0.6954 -0.5477 0.4653
vn 0.0706 0.9476 0.3115
vn 0.0895 0.9706 0.2233
vn 0.0961 0.9852 0.1422
vn 0.0877 0.9939 0.0672
vn 0.1197 0.9927 0.0149
vn 0.1654 0.9859 -0.0270
vn 0.3765 0.9231 -0.0783
vn -0.1278 0.9795 0.1558
vn -0.1846 0.9684 0.1679
vn -0.2294 0.9587 0.1681
vn -0.2370 0.9578 0.1625
vn -0.1830 0.9690 0.1658
vn -0.1357 0.9745 0.1789
vn -0.0825 0.9776 0.1936
vn 0.1783 0.9677 0.1785
vn 0.1450 0.9694 0.1982
vn 0.0235 0.9832 0.1813
vn 0.1855 0.8812 0.4348
vn 0.2160 0.8403 0.4972
vn 0.3391 0.6417 0.6879
vn 0.1506 0.9427 0.2977
vn -0.1332 0.8562 0.4993
vn -0.5533 0.6724 0.4917
vn -0.5237 0.4095 0.7470
vn 0.1119 0.9406 0.3205
vn 0.6224 -0.7636 -0.1721
vn -0.1171 -0.9819 -0.1487
vn 0.9996 0.0081 0.0254
vn 0.6668 0.7075 0.2343
vn -0.9885 -0.1449 0.0426
vn -0.9105 0.3808 0.1612
vn 0.0182 0.9497 0.3126
vn -0.5319 0.7984 0.2820
vn 0.2522 -0.9432 -0.2161
vn -0.0574 -0.9528 -0.2980
vn 0.8827 -0.4361 -0.1749
vn 0.7585 -0.6316 -0.1601
vn 0.9683 0.2305 0.0958
vn 0.5237 0.6430 0.5588
vn -0.9979 0.0516 -0.0391
vn -0.8189 0.4572 0.3470
vn -0.0253 0.7415 0.6705
vn -0.4504 0.6695 0.5907
vn 0.2652 -0.7177 -0.6439
vn -0.1893 -0.5310 -0.8259
vn 0.8265 -0.3443 -0.4453
vn 0.9641 0.2375 0.1186
vn 0.4330 0.5165 0.7387
vn -0.9464 0.1408 -0.2906
vn -0.7816 0.4603 0.4210
vn -0.0374 0.5387 0.8416
vn -0.2861 0.5499 0.7847
vn 0.2933 -0.2368 -0.9262
vn -0.3182 -0.1948 -0.9278
vn 0.8048 -0.1298 -0.5792
vn 0.9571 -0.1900 0.2188
vn 0.4287 0.2149 0.8775
vn -0.9627 -0.0436 -0.2670
vn -0.7789 0.3388 0.5278
vn -0.0678 0.2769 0.9585
vn -0.1696 0.3245 0.9306
vn 0.3439 -0.7268 -0.5946
vn -0.2120 -0.7306 -0.6490
vn 0.7298 -0.5746 -0.3704
vn 0.5014 -0.8107 0.3023
vn 0.1280 -0.4812 0.8672
vn -0.8012 -0.5900 -0.1003
vn -0.5916 -0.2171 0.7765
vn -0.2030 -0.4136 0.8875
vn 0.0758 -0.2473 0.9660
vn -0.0287 -0.9961 0.0837
vn -0.0085 -0.9999 0.0071
vn 0.3064 -0.9504 -0.0541
vn -0.2033 -0.9393 0.2765
vn -0.3529 -0.8264 0.4387
vn -0.1294 -0.9785 0.1607
vn 0.2666 -0.7056 0.6566
vn -0.3529 -0.8562 0.3773
vn 0.1625 -0.7537 0.6369
vn -0.1900 -0.9230 0.3346
vn 0.3457 -0.8750 0.3390
vn -0.2972 -0.9224 0.2466
vn 0.8448 -0.5278 -0.0884
vn 0.7837 -0.6096 -0.1194
vn 0.5274 -0.5374 -0.6581
vn 0.8609 -0.5033 -0.0739
vn 0.8179 -0.5544 -0.1539
vn 0.7369 -0.6745 0.0455
vn 0.6400 -0.7226 0.2612
vn 0.0931 -0.9901 0.1049
vn 0.5819 -0.8060 -0.1087
vn 0.4510 -0.2289 -0.8627
vn 0.2505 -0.9106 0.3286
vn 0.4572 -0.8852 0.0859
vn 0.4596 -0.8561 0.2362
vn -0.1972 -0.9493 0.2450
vn -0.6405 -0.7670 -0.0385
vn -0.5343 -0.8318 0.1508
vn -0.4680 -0.7863 0.4034
vn 0.7023 -0.7116 -0.0173
vn 0.4616 -0.8629 0.2055
vn 0.3971 -0.8055 0.4399
vn 0.8976 -0.4127 -0.1548
vn 0.8566 -0.2841 -0.4307
vn 0.9693 0.0056 -0.2459
vn 0.9685 -0.0948 -0.2302
vn 0.5738 -0.4969 -0.6510
vn 0.7887 -0.4448 -0.4245
vn 0.8577 -0.5141 -0.0042
vn 0.4948 -0.7555 0.4294
vn 0.2387 -0.9513 0.1952
vn 0.4048 -0.8682 0.2868
vn 0.4431 -0.8965 -0.0012
vn -0.3746 -0.8249 0.4234
vn -0.7142 -0.6983 -0.0477
vn -0.7445 -0.6419 -0.1836
vn -0.6937 -0.2241 -0.6846
vn -0.7188 -0.0698 -0.6917
vn -0.6818 -0.4456 -0.5802
vn -0.2575 -0.8984 -0.3558
vn 0.3593 -0.9330 -0.0198
vn -0.0638 0.9976 -0.0280
vn 0.5449 -0.8070 0.2279
vn 0.5244 0.8398 -0.1409
vn 0.1069 0.9893 0.0988
vn -0.0492 0.9964 0.0692
vn 0.2062 -0.9663 -0.1543
vn -0.0000 -0.9482 -0.3178
vn -0.1606 -0.9721 0.1711
vn -0.0850 0.9938 -0.0711
vn -0.1748 0.9845 0.0119
vn -0.0207 0.9998 -0.0029
vn -0.2370 0.9570 0.1673
vn -0.0327 0.9992 -0.0234
vn -0.0995 0.9946 0.0294
vn -0.0788 0.9969 0.0087
vn -0.2818 0.9376 0.2037
vn -0.1029 0.9778 -0.1826
vn -0.1391 0.9818 0.1291
vn -0.1836 0.9723 0.1446
vn 0.2754 0.9309 0.2399
vn -0.0853 0.9960 -0.0264
vn 0.1543 -0.9878 0.0217
vn -0.1544 0.9878 0.0219
vn -0.0697 0.9975 0.0121
vn -0.0698 0.9966 0.0431
vn -0.0882 0.9919 -0.0913
vn 0.0658 -0.9961 0.0580
vn 0.1625 -0.9867 -0.0100
vn 0.1348 -0.9850 0.1078
vn -0.0436 -0.9910 0.1264
vn 0.0897 -0.9950 0.0435
vn 0.0489 -0.9987 0.0135
vn 0.2313 -0.9720 -0.0411
vn 0.1835 -0.9830 0.0027
vn -0.0029 -0.9999 -0.0138
vn -0.0447 0.9971 -0.0620
vn 0.0543 -0.9982 0.0236
vn -0.1193 0.9928 -0.0105
vn 0.0009 -0.9978 0.0659
vn 0.0571 -0.9983 -0.0078
vn -0.2088 0.9774 0.0321
vn -0.1193 0.9917 0.0471
vn -0.0270 0.9960 -0.0853
vn -0.0936 0.9956 0.0032
vn 0.0219 -0.9981 0.0574
vn -0.0901 0.9956 -0.0239
vn -0.0727 0.9974 -0.0018
vn -0.0922 0.9940 -0.0585
vn -0.1100 0.9934 0.0318
vn -0.1129 -0.9769 0.1813
vn -0.0092 -0.7277 0.6858
vn -0.2073 -0.9637 0.1685
vn -0.0138 -0.9910 0.1331
vn 0.6250 -0.6530 0.4278
vn 0.0754 -0.9896 0.1224
vn 0.0233 -0.9497 0.3123
vn 0.0069 -0.9648 0.2628
vn -0.0360 -0.7409 0.6707
vn 0.0387 -0.9982 0.0452
vn -0.2128 -0.9559 0.2023
vn -0.1085 0.9882 0.1079
vn 0.2718 -0.9216 -0.2771
vn 0.1404 -0.9894 -0.0369
vn -0.0957 0.9954 0.0022
vn 0.4857 0.8710 0.0736
vn 0.0660 0.9930 0.0981
vn 0.3392 -0.9042 0.2594
vn 0.1768 0.9789 0.1023
vn 0.3515 0.9317 0.0915
vn 0.1482 -0.9759 -0.1603
vn 0.2945 0.9506 0.0983
vn 0.7826 0.6222 0.0214
vn 0.3711 -0.9270 0.0548
vn 0.9168 -0.3504 0.1915
vn 0.4007 -0.8644 0.3038
vn 0.8452 -0.5114 0.1551
vn 0.7553 0.4665 0.4603
vn 0.5022 -0.8482 0.1686
vn 0.5720 -0.7764 0.2647
vn 0.1190 -0.9484 0.2940
vn -0.0939 0.9945 -0.0454
vn -0.0758 0.9970 -0.0166
vn 0.3262 -0.9338 0.1471
vn -0.0465 -0.9964 0.0706
vn 0.0940 -0.9956 -0.0046
vn 0.1832 -0.9746 -0.1292
vn -0.0870 0.9956 0.0339
vn -0.0839 0.9964 -0.0067
vn 0.0848 0.9953 0.0467
vn 0.0453 0.9989 -0.0103
vn -0.0846 0.9955 -0.0417
vn -0.1638 0.9864 -0.0160
vn -0.0611 0.9973 -0.0415
vn 0.7465 -0.6305 0.2125
vn -0.1501 0.9886 -0.0065
vn -0.1414 0.9897 0.0237
vn -0.0798 0.9968 -0.0080
vn -0.0912 0.9958 0.0043
vn -0.0685 0.9975 -0.0196
vn 0.1627 -0.9846 0.0635
vn -0.1098 0.9939 -0.0123
vn 0.0771 -0.9969 0.0135
vn 0.3013 0.9534 -0.0155
vn -0.0918 0.9958 -0.0010
vn -0.0652 0.9979 0.0028
vn -0.0886 0.9960 -0.0075
vn -0.1017 0.9940 -0.0395
vn 0.0712 -0.9971 -0.0271
vn 0.1302 -0.9911 0.0294
vn 0.0898 -0.9951 0.0404
vn 0.0353 -0.9956 0.0868
vn 0.1036 -0.9919 0.0731
vn 0.0764 -0.9970 0.0136
vn 0.1470 -0.9884 -0.0392
vn 0.2207 -0.9751 -0.0206
vn -0.0656 -0.9978 0.0125
vn -0.0013 0.9956 -0.0939
vn 0.0795 -0.9967 0.0149
vn -0.0765 0.9967 0.0275
vn 0.1229 -0.9924 0.0115
vn 0.1362 -0.9906 -0.0115
vn -0.1354 0.9906 0.0167
vn -0.1163 0.9928 0.0269
vn -0.0294 -0.9955 0.0900
vn -0.0340 0.9971 -0.0685
vn 0.3028 -0.9247 0.2306
vn 0.5307 0.8472 0.0237
vn 0.0564 -0.9983 0.0139
vn 0.4854 -0.7611 0.4301
vn 0.0811 -0.9967 0.0090
vn 0.0945 -0.9955 -0.0029
vn -0.1105 -0.9881 0.1068
vn -0.0047 0.9967 0.0815
vn 0.3915 0.9164 0.0831
vn 0.2153 -0.9671 -0.1355
vn 0.1441 -0.9895 -0.0100
vn -0.1248 0.9921 0.0099
vn 0.1534 0.9824 0.1067
vn 0.0840 0.9908 0.1064
vn 0.3149 0.9442 0.0968
vn 0.2826 0.9534 0.1062
vn 0.0679 0.9921 0.1058
vn 0.6395 0.7664 0.0605
vn 0.6303 -0.7366 0.2451
vn 0.7411 -0.6713 0.0114
vn 0.6077 -0.7832 0.1312
vn 0.8743 -0.4724 0.1111
vn 0.8183 0.4158 0.3968
vn 0.7202 -0.6527 0.2352
vn 0.7451 -0.6404 0.1861
vn 0.3046 -0.9461 0.1104
vn 0.4490 0.8799 0.1554
vn -0.0741 0.9972 -0.0008
vn 0.3186 0.9298 0.1844
vn -0.0793 0.9968 -0.0021
vn 0.0580 0.9969 0.0524
vn -0.0788 0.9969 -0.0049
vn 0.2513 -0.9514 -0.1781
vn 0.0853 -0.9964 -0.0036
vn -0.1130 0.9919 -0.0573
vn -0.0791 0.9968 0.0112
vn -0.1022 0.9947 0.0076
vn 0.0145 -0.9999 0.0068
vn -0.0750 0.9966 0.0328
vn -0.0989 0.9926 -0.0699
vn -0.1491 0.9888 -0.0116
vn 0.0002 0.9979 -0.0641
vn -0.1172 0.9929 0.0183
vn -0.0764 0.9931 0.0886
vn -0.0858 0.9963 -0.0037
vn 0.2348 0.9598 0.1536
vn -0.0845 0.9964 -0.0047
vn -0.1604 0.9864 0.0353
vn -0.0621 0.9979 0.0209
vn -0.0621 0.9979 0.0188
vn -0.0864 0.9963 -0.0031
vn -0.1064 0.9937 0.0343
vn -0.1085 0.9941 -0.0043
vn 0.3221 0.9300 0.1771
vn -0.1272 0.9918 0.0097
vn -0.0562 0.9979 -0.0322
vn -0.0747 0.9972 -0.0032
vn -0.0964 0.9953 0.0051
vn 0.0769 -0.9970 -0.0014
vn 0.0911 -0.9958 0.0019
vn 0.0650 -0.9979 0.0052
vn 0.3732 -0.7846 0.4951
vn 0.0835 -0.9965 0.0055
vn 0.1238 -0.9915 -0.0394
vn 0.0206 -0.9997 0.0121
vn -0.1612 0.9780 0.1325
vn -0.0928 0.9956 0.0083
vn 0.1746 0.9761 0.1297
vn 0.3145 0.9343 0.1679
vn 0.1051 0.9888 0.1058
vn 0.5023 0.8402 0.2042
vn 0.4057 0.5778 0.7082
vn -0.2301 0.9657 -0.1205
vn -0.0730 0.9973 -0.0032
vn -0.0947 0.9839 0.1513
vn -0.0995 0.9947 0.0262
vn -0.1051 0.9929 -0.0562
vn -0.2079 0.5850 -0.7839
vn -0.1048 0.9938 -0.0374
vn -0.1768 0.8362 -0.5191
vn 0.4334 -0.7606 0.4834
vn 0.0059 -0.5738 -0.8190
vn 0.0648 -0.9972 0.0372
vn 0.1374 -0.7012 -0.6996
vn -0.0985 0.9877 0.1217
vn 0.2019 -0.9390 -0.2784
vn 0.1029 -0.9946 -0.0118
vn 0.0958 -0.9952 0.0213
vn -0.1889 -0.7165 0.6715
vn 0.0493 -0.9981 0.0369
vn 0.0277 -0.9996 0.0113
vn -0.2345 -0.5679 0.7890
vn 0.0376 -0.9915 0.1249
vn -0.1120 0.9873 0.1124
vn 0.2965 0.7057 0.6435
vn 0.1870 -0.9771 0.1019
vn -0.1739 0.9830 -0.0593
vn 0.0249 -0.9967 0.0774
vn -0.0870 0.9957 0.0331
vn 0.0584 -0.9981 -0.0211
vn -0.0957 0.9950 -0.0270
vn -0.0850 0.9963 -0.0159
vn -0.0993 0.9947 -0.0253
vn -0.1071 0.9933 0.0433
vn -0.0693 0.9955 -0.0654
vn -0.1220 0.9921 -0.0279
vn -0.0569 0.9934 -0.0992
vn -0.2775 0.9072 -0.3162
vn -0.4412 0.5656 -0.6967
vn -0.0651 0.9942 0.0859
vn -0.0099 -0.7464 0.6654
vn 0.3365 -0.9417 0.0040
vn -0.3804 -0.3560 -0.8536
vn -0.1171 -0.8189 -0.5619
vn -0.0999 0.9934 0.0562
vn -0.1957 -0.7893 -0.5819
vn 0.0945 -0.9920 0.0841
vn 0.5299 -0.6458 0.5497
vn 0.0405 -0.9979 -0.0501
vn 0.0905 -0.9935 0.0688
vn 0.0734 -0.9933 0.0891
vn 0.6375 -0.4676 0.6123
vn 0.1150 -0.9930 0.0260
vn -0.1152 0.9927 0.0369
vn -0.1341 0.6718 0.7285
vn 0.0656 -0.9878 0.1415
vn -0.0651 0.9953 -0.0710
vn 0.0868 -0.9952 0.0453
vn -0.1093 0.9938 0.0214
vn 0.0927 -0.9919 0.0871
vn -0.1117 0.9935 -0.0236
vn -0.0860 0.9950 -0.0511
vn 0.0919 0.5404 -0.8364
vn 0.1217 -0.9904 0.0662
vn 0.1335 -0.9910 -0.0089
vn 0.0732 -0.9972 0.0114
vn 0.1092 -0.9899 0.0906
vn 0.1275 -0.9901 -0.0588
vn 0.0747 -0.9971 0.0168
vn 0.0866 -0.9959 -0.0254
vn 0.1128 -0.9935 0.0169
vn -0.0322 -0.9995 -0.0058
vn 0.0830 -0.9966 -0.0021
vn 0.2048 -0.9779 0.0414
vn 0.0825 -0.9958 0.0389
vn -0.0280 -0.9941 0.1049
vn 0.1235 -0.9920 -0.0263
vn 0.3765 -0.7356 0.5631
vn 0.4795 -0.6787 0.5563
vn 0.6502 -0.7535 -0.0973
vn 0.8783 -0.4659 -0.1077
vn 0.4538 -0.8911 0.0013
vn -0.3155 -0.9307 0.1849
vn -0.2074 -0.8955 0.3937
vn 0.0779 -0.8360 0.5432
vn -0.2867 -0.9180 0.2740
vn -0.0513 -0.9925 0.1112
vn 0.1107 -0.9931 0.0383
vn 0.0841 -0.9937 0.0736
vn -0.0902 0.9170 -0.3885
vn -0.2889 0.9530 0.0911
vn 0.2022 0.9786 0.0376
vn -0.5100 0.8346 -0.2082
vn -0.0000 0.9195 -0.3930
vn -0.0000 0.3187 -0.9479
vn -0.0000 -0.9042 0.4271
vn -0.0000 0.1315 -0.9913
vn -0.0000 -0.9860 0.1667
vn -0.0000 -0.9999 0.0120
vn -0.0000 0.6574 0.7535
vn -0.0000 0.9895 0.1442
vn 0.0813 0.9967 -0.0040
vn 0.0210 0.9870 0.1593
vn 0.0658 0.9975 0.0246
vn 0.0528 0.9924 -0.1110
vn 0.0723 0.9973 -0.0156
vn 0.0706 0.9975 -0.0077
vn 0.1199 0.9906 -0.0661
vn 0.3697 0.9288 0.0246
vn -0.3815 0.9194 -0.0958
vn 0.0868 0.9962 0.0025
vn 0.0651 0.9979 -0.0055
vn 0.0370 0.9988 0.0314
vn 0.0789 0.9968 0.0134
vn 0.0525 0.9981 -0.0316
vn 0.0911 0.9958 0.0123
vn -0.1271 0.9277 -0.3510
vn 0.1112 0.9935 0.0221
vn 0.0807 0.9936 -0.0785
vn 0.0665 0.9973 -0.0301
vn 0.1293 0.9806 -0.1470
vn 0.2225 0.9615 -0.1612
vn 0.1369 0.9905 0.0135
vn 0.1175 0.9927 -0.0283
vn 0.0961 0.9932 -0.0661
vn 0.1248 0.9917 -0.0295
vn 0.0704 0.9969 0.0361
vn 0.1604 0.9870 -0.0143
vn 0.0842 0.9963 -0.0166
vn 0.0793 0.9968 0.0048
vn 0.0569 0.9984 -0.0026
vn 0.1694 0.9854 -0.0162
vn 0.1004 0.9940 -0.0425
vn 0.0848 0.9948 -0.0567
vn 0.0727 0.9963 -0.0453
vn 0.1051 0.9909 0.0841
vn 0.0373 0.9982 0.0465
vn 0.0155 0.9970 0.0761
vn 0.2067 0.9729 0.1031
vn 0.2189 0.9702 0.1037
vn 0.0206 0.9955 -0.0925
vn -0.0588 0.9983 0.0047
vn -0.0519 0.9983 0.0265
vn -0.1864 0.9812 -0.0509
vn 0.1664 0.9859 0.0153
vn 0.1705 0.9854 -0.0027
vn 0.1295 0.9916 0.0008
vn 0.0961 0.9954 0.0022
vn 0.1189 0.9907 0.0660
vn 0.0761 0.9971 0.0053
vn 0.1039 0.9946 -0.0067
vn 0.0465 0.9889 -0.1408
vn 0.0809 0.9946 0.0656
vn 0.1422 0.9864 0.0830
vn 0.0176 0.9981 -0.0598
vn -0.0304 0.9995 -0.0080
vn 0.1163 0.9931 0.0125
vn 0.0781 0.9964 0.0318
vn 0.0160 0.9974 0.0699
vn -0.0066 0.9681 -0.2506
vn 0.0847 0.9800 0.1802
vn 0.1036 0.9849 0.1389
vn 0.2093 0.9772 0.0354
vn 0.2016 0.9790 -0.0299
vn 0.0322 0.9994 0.0114
vn 0.0209 0.9965 0.0814
vn 0.1302 0.9900 0.0542
vn 0.1676 0.9858 0.0056
vn 0.0093 0.8633 -0.5046
vn 0.0973 0.8325 -0.5453
vn 0.1789 0.9056 -0.3845
vn 0.2027 0.9348 -0.2917
vn 0.3671 0.8316 -0.4167
vn 0.3906 0.7624 -0.5159
vn -0.2087 0.5056 -0.8372
vn 0.0294 0.5121 -0.8584
vn 0.2885 0.6339 -0.7176
vn 0.3752 0.6380 -0.6725
vn 0.4749 0.4123 -0.7775
vn 0.4809 0.2814 -0.8304
vn -0.0974 0.8738 -0.4765
vn -0.3008 0.8326 -0.4651
vn -0.5554 0.6449 -0.5250
vn -0.7635 0.4580 -0.4552
vn -0.9232 0.3562 -0.1441
vn 0.0850 0.9963 0.0144
vn 0.0892 0.9959 0.0123
vn 0.1656 0.9855 0.0360
vn 0.1568 0.9848 0.0745
vn 0.0933 0.9886 0.1180
vn 0.0860 0.9963 -0.0031
vn 0.0822 0.9966 -0.0052
vn 0.0994 0.9950 0.0108
vn 0.1745 0.9840 0.0358
vn -0.0569 0.9972 0.0492
vn 0.0858 0.9963 0.0061
vn 0.0870 0.9962 0.0044
vn 0.0807 0.9967 0.0058
vn 0.1070 0.9940 0.0245
vn 0.1029 0.9922 0.0703
vn 0.0915 0.9957 0.0118
vn 0.0860 0.9962 0.0104
vn 0.0812 0.9967 0.0026
vn 0.0746 0.9972 0.0079
vn 0.0867 0.9953 0.0431
vn 0.1437 0.9896 0.0027
vn 0.0786 0.9963 0.0342
vn 0.0236 0.9776 0.2091
vn 0.0004 0.8551 0.5184
vn 0.4397 0.7461 0.4999
vn -0.9288 0.1335 0.3458
vn -0.2127 0.9698 0.1190
vn -0.1422 0.9896 -0.0212
vn 0.1148 0.9928 0.0343
vn 0.1281 0.9889 0.0748
vn 0.4043 0.8477 0.3435
vn -0.2143 -0.4802 -0.8506
vn -0.1659 -0.9464 -0.2770
vn 0.1081 0.9940 0.0184
vn -0.1587 -0.9029 -0.3994
vn -0.2302 -0.7586 -0.6096
vn -0.2896 -0.8264 -0.4830
vn -0.3984 -0.7728 -0.4940
vn -0.4409 -0.7799 -0.4443
vn -0.5270 -0.7609 -0.3786
vn -0.6819 -0.6540 -0.3274
vn -0.8672 -0.4980 -0.0031
vn -0.1908 0.2618 -0.9461
vn -0.2188 -0.0754 -0.9728
vn 0.1286 0.9916 -0.0132
vn -0.2516 -0.2164 -0.9433
vn -0.3332 -0.3656 -0.8691
vn -0.3928 -0.3414 -0.8539
vn -0.5454 -0.2628 -0.7959
vn -0.6502 -0.1733 -0.7397
vn -0.7683 -0.0437 -0.6386
vn -0.8805 0.0781 -0.4676
vn -0.9882 0.1009 -0.1152
vn -0.0736 0.7376 -0.6713
vn -0.1287 0.5614 -0.8175
vn -0.4135 -0.8661 0.2808
vn -0.1863 0.4154 -0.8904
vn -0.3596 0.3565 -0.8623
vn -0.2847 0.4808 -0.8293
vn -0.4107 0.5084 -0.7569
vn -0.5734 0.4150 -0.7064
vn -0.7013 0.3588 -0.6160
vn -0.8105 0.3711 -0.4532
vn -0.9008 0.4112 -0.1392
vn 0.1059 0.9943 0.0148
vn 0.0861 0.9963 -0.0070
vn -0.1343 0.8935 -0.4285
vn -0.4861 -0.7656 0.4213
vn -0.2044 -0.8420 0.4993
vn -0.2801 -0.9096 0.3070
vn 0.0928 0.9957 -0.0024
vn 0.0810 0.9967 0.0091
vn 0.0845 0.9964 0.0048
vn 0.1314 -0.7306 0.6701
vn -0.1551 -0.6995 0.6976
vn -0.3842 -0.6099 0.6931
vn -0.3186 -0.9274 0.1962
vn 0.3011 -0.7599 0.5761
vn -0.2838 -0.8725 0.3977
vn -0.1150 -0.8886 0.4440
vn -0.4386 -0.8446 0.3070
vn -0.3505 -0.8138 0.4635
vn -0.2378 -0.7865 0.5700
vn -0.0912 -0.7340 0.6730
vn 0.5124 -0.6347 0.5784
vn 0.4911 -0.5267 0.6939
vn -0.4191 -0.8242 0.3809
vn -0.3988 -0.7376 0.5449
vn -0.4276 -0.8412 0.3308
vn -0.1490 -0.9618 -0.2296
vn -0.0997 -0.9644 -0.2448
vn -0.2097 -0.8587 0.4676
vn -0.6083 -0.7935 0.0150
vn -0.0983 -0.9937 -0.0539
vn -0.0322 -0.9552 -0.2941
vn 0.2129 -0.7257 -0.6542
vn 0.0749 -0.7743 -0.6283
vn -0.3656 -0.7485 -0.5533
vn -0.6476 -0.6726 -0.3582
vn 0.4262 -0.2683 -0.8639
vn 0.4028 -0.3052 -0.8629
vn 0.2736 -0.4009 -0.8743
vn 0.1163 -0.4769 -0.8712
vn -0.2421 -0.5569 -0.7945
vn -0.4450 -0.0661 -0.8931
vn 0.0234 0.9877 0.1547
vn 0.1257 0.9919 0.0201
vn 0.1368 0.9706 -0.1980
vn 0.1332 0.9898 0.0503
vn 0.0348 0.9956 0.0874
vn -0.0614 -0.9575 -0.2819
vn 0.1160 -0.8706 -0.4781
vn 0.2318 -0.7616 -0.6051
vn -0.3066 -0.7486 -0.5879
vn 0.2194 -0.7532 -0.6201
vn -0.5910 -0.5162 -0.6199
vn 0.0769 0.9970 0.0056
vn -0.0912 0.9936 0.0661
vn 0.1147 0.9933 -0.0106
vn 0.2841 0.9559 0.0750
vn 0.0759 0.9959 -0.0499
vn -0.2060 0.4513 -0.8683
vn 0.2156 0.9762 0.0247
vn -0.0607 0.8603 -0.5062
vn -0.4876 -0.7380 -0.4665
vn -0.4597 -0.3185 -0.8290
vn -0.4608 -0.8322 0.3083
vn 0.1428 0.9823 -0.1211
vn -0.4879 -0.6221 -0.6124
vn 0.0786 0.9969 -0.0016
vn 0.0650 0.9979 0.0017
vn 0.0586 0.9981 0.0165
vn 0.0709 0.9974 0.0081
vn 0.1317 0.9865 0.0971
vn 0.3663 0.7202 -0.5892
vn 0.1707 0.9785 -0.1161
vn 0.4653 0.2535 -0.8481
vn 0.0677 0.9900 0.1241
vn 0.3460 -0.8602 0.3745
vn 0.4058 -0.2839 -0.8688
vn -0.0130 -0.9992 -0.0373
vn -0.1908 -0.8066 0.5595
vn 0.2208 -0.7709 -0.5974
vn -0.0086 -0.9999 -0.0085
vn 0.0305 -0.9995 0.0023
vn 0.0716 -0.9974 -0.0024
vn -0.0535 -0.9986 -0.0000
vn -0.1296 -0.9909 0.0369
vn -0.1015 -0.9946 0.0209
vn -0.0530 -0.9982 -0.0275
vn -0.0619 -0.9980 0.0114
vn -0.1061 -0.9932 0.0474
vn -0.1535 -0.9878 0.0246
vn -0.1070 -0.9942 -0.0065
vn -0.0751 -0.9951 0.0644
vn -0.1608 -0.9863 0.0373
vn -0.1754 -0.9780 0.1131
vn -0.0671 -0.9975 -0.0214
vn -0.1176 -0.9924 -0.0358
vn -0.1095 -0.7393 0.6644
vn -0.1766 -0.5160 0.8382
vn -0.4549 -0.7760 0.4369
vn -0.1057 -0.9902 0.0910
vn -0.4758 -0.5469 0.6889
vn -0.0569 -0.9968 -0.0561
vn -0.1034 -0.9926 0.0634
vn -0.1247 -0.8964 0.4253
vn -0.1068 -0.9906 0.0857
vn -0.1680 -0.9858 -0.0069
vn -0.0204 -0.9998 0.0027
vn -0.1177 -0.9928 -0.0219
vn -0.3643 -0.8429 0.3960
vn -0.1239 -0.9920 -0.0257
vn -0.1467 -0.9891 0.0120
vn -0.0864 -0.9961 0.0155
vn -0.0842 -0.9957 -0.0390
vn -0.0881 -0.9961 -0.0092
vn -0.3550 -0.9323 -0.0688
vn -0.0502 -0.9982 0.0316
vn 0.0450 -0.9939 0.1005
vn -0.1405 -0.9899 -0.0186
vn -0.0742 -0.9972 -0.0022
vn -0.0618 -0.9972 0.0429
vn -0.0477 -0.9988 0.0149
vn -0.0752 -0.9967 -0.0307
vn -0.1573 -0.9872 -0.0257
vn -0.0679 -0.9977 -0.0031
vn 0.0155 -0.9928 0.1191
vn -0.0845 -0.9964 0.0099
vn -0.0589 -0.9982 0.0090
vn 0.0781 0.9969 0.0096
vn 0.1164 0.9932 -0.0012
vn 0.0731 0.9973 -0.0086
vn 0.0688 0.9973 0.0247
vn 0.0995 0.9946 0.0293
vn 0.1224 0.9923 0.0184
vn 0.0605 0.9945 -0.0856
vn 0.1869 0.8091 -0.5572
vn 0.2848 0.3010 -0.9101
vn -0.4780 -0.6904 0.5430
vn -0.1752 -0.9844 0.0170
vn -0.1795 -0.9837 -0.0118
vn -0.2156 -0.9763 0.0177
vn -0.2091 -0.9778 -0.0163
vn -0.0179 -0.9476 0.3189
vn 0.3074 0.7224 -0.6194
vn 0.1163 0.9837 -0.1368
vn 0.3957 0.2536 -0.8827
vn 0.0821 0.9946 0.0639
vn 0.2258 0.9728 0.0516
vn 0.2001 0.9796 0.0203
vn 0.1075 0.9941 0.0170
vn 0.1277 0.9918 0.0113
vn 0.0821 0.9939 -0.0730
vn 0.0415 -0.7944 0.6060
vn 0.3656 -0.2965 -0.8823
vn 0.0251 -0.9862 -0.1634
vn -0.0612 -0.9656 0.2526
vn 0.2094 -0.7915 -0.5741
vn 0.0492 -0.9987 0.0154
vn -0.1046 -0.9943 0.0190
vn 0.1711 -0.9009 0.3990
vn -0.0912 -0.9958 0.0059
vn -0.1277 -0.9916 -0.0192
vn 0.1485 0.9870 0.0620
vn -0.0566 0.9389 -0.3396
vn 0.0696 0.9938 0.0871
vn -0.1190 -0.8675 -0.4829
vn -0.2243 0.3556 -0.9073
vn -0.2369 -0.3419 -0.9094
vn -0.0508 -0.9390 0.3400
vn 0.0791 -0.9946 0.0678
vn 0.1574 -0.9478 0.2775
vn -0.0007 -0.9930 0.1183
vn -0.1496 -0.9867 -0.0637
vn -0.0042 0.9881 -0.1535
vn 0.0263 0.9993 -0.0257
vn 0.0022 0.9928 -0.1201
vn -0.0053 0.9964 -0.0843
vn 0.0425 0.9971 -0.0634
vn 0.0826 0.9931 -0.0832
vn 0.0737 0.9972 -0.0089
vn 0.0891 0.9960 0.0049
vn 0.0161 0.9988 -0.0466
vn 0.2631 0.9626 0.0641
vn -0.0088 -0.3645 0.9312
vn -0.1984 -0.5716 0.7962
vn -0.5526 -0.5088 0.6601
vn -0.5671 -0.5071 0.6490
vn -0.4690 -0.5254 0.7099
vn -0.2011 -0.6328 0.7478
vn 0.0438 -0.8224 0.5672
vn 0.2560 -0.4174 -0.8719
vn 0.0513 -0.9113 -0.4085
vn -0.0812 -0.9927 -0.0896
vn -0.1236 -0.9733 0.1936
vn -0.0780 -0.9418 0.3270
vn -0.0434 -0.9267 0.3734
vn 0.1047 0.9360 -0.3362
vn -0.0384 0.9992 0.0104
vn -0.2033 0.6852 -0.6994
vn 0.1686 0.9697 0.1771
vn -0.0832 -0.9955 -0.0464
vn -0.2153 -0.9604 -0.1767
vn -0.1801 -0.9771 -0.1137
vn -0.1825 -0.9819 0.0499
vn 0.0988 0.9949 0.0213
vn 0.0555 0.9968 -0.0577
vn 0.0554 0.9980 -0.0305
vn 0.0183 0.9967 -0.0787
vn 0.0899 0.9959 0.0075
vn 0.0935 0.9956 0.0050
vn 0.0855 0.9957 -0.0368
vn -0.1475 0.9009 -0.4081
vn -0.3881 -0.7149 -0.5816
vn -0.4539 -0.3636 -0.8135
vn -0.3800 0.3864 -0.8404
vn 0.0991 0.9951 -0.0050
vn 0.0979 0.9951 -0.0133
vn 0.0975 0.9950 0.0200
vn 0.0961 0.9950 0.0290
vn 0.0841 0.9955 -0.0428
vn 0.1052 0.9939 -0.0344
vn 0.0894 0.9944 -0.0572
vn 0.0581 0.9968 -0.0540
vn -0.3762 0.9242 0.0656
vn 0.0994 0.9951 -0.0005
vn 0.1800 0.9769 0.1153
vn -0.0025 0.9996 0.0280
vn 0.2061 0.9683 0.1411
vn -0.3879 0.8869 0.2508
vn 0.1565 0.9843 0.0818
vn -0.2439 -0.9307 -0.2726
vn -0.2085 -0.9733 -0.0955
vn -0.2159 -0.9764 0.0050
vn -0.0489 -0.9789 0.1983
vn 0.0315 -0.9960 0.0830
vn 0.0137 -0.9880 0.1541
vn -0.0310 -0.9924 0.1188
vn 0.0971 -0.9744 0.2029
vn -0.0401 -0.9977 0.0540
vn -0.0879 -0.9928 -0.0815
vn -0.0868 -0.9962 -0.0067
vn -0.0028 -0.9986 0.0535
vn 0.1415 -0.9818 0.1267
vn 0.0092 -0.9926 0.1214
vn -0.0753 -0.9972 0.0046
vn -0.0945 -0.9955 -0.0031
vn -0.0813 -0.9967 -0.0027
vn -0.0183 -0.9992 0.0360
vn 0.0548 -0.9967 0.0606
vn -0.0785 -0.9969 -0.0055
vn -0.0924 -0.9957 0.0038
vn -0.0851 -0.9963 0.0085
vn -0.0764 -0.9971 0.0058
vn -0.0446 -0.9989 -0.0146
vn -0.0909 -0.9956 -0.0239
vn -0.1168 -0.9920 0.0471
vn -0.0920 -0.9931 0.0723
vn -0.0592 -0.9968 0.0535
vn -0.0392 -0.9991 -0.0162
vn -0.5520 -0.7217 0.4176
vn -0.4392 -0.7769 0.4511
vn -0.2426 -0.7844 0.5708
vn -0.1008 -0.8006 0.5906
vn -0.2076 -0.9765 -0.0575
vn -0.1098 -0.9931 -0.0406
vn -0.0388 -0.9976 0.0576
vn -0.0876 -0.9961 0.0043
vn -0.1079 -0.9941 0.0100
vn -0.0871 -0.9962 -0.0026
vn -0.0080 -0.9637 -0.2670
vn -0.0872 -0.9960 -0.0216
vn -0.0886 -0.9950 -0.0456
vn -0.0730 -0.9966 0.0379
vn -0.1561 -0.9794 0.1284
vn -0.0668 -0.9254 0.3730
vn -0.0458 -0.9304 0.3637
vn -0.0908 -0.9959 -0.0029
vn -0.0986 -0.9951 0.0085
vn -0.0643 -0.8701 0.4886
vn 0.0518 -0.9381 0.3425
vn 0.0388 -0.9618 0.2709
vn 0.0386 -0.8313 0.5544
vn -0.0579 -0.9821 0.1794
vn 0.1322 -0.8949 0.4263
vn 0.2869 -0.8880 0.3594
vn 0.3016 -0.9195 0.2521
vn 0.1869 -0.9040 0.3844
vn -0.5232 -0.7548 0.3956
vn 0.1823 -0.9010 0.3937
vn -0.4650 -0.8758 0.1298
vn 0.0489 0.9916 0.1200
vn 0.0729 0.9966 0.0371
vn 0.0683 0.9940 0.0854
vn -0.8542 0.3365 -0.3964
vn 0.1335 0.9869 0.0904
vn 0.2212 0.6998 0.6792
vn -0.9219 0.0951 -0.3756
vn -0.8456 0.3727 -0.3821
vn -0.7759 -0.5863 -0.2331
vn 0.2904 -0.6766 0.6767
vn -0.1267 0.9913 -0.0366
vn 0.1739 -0.9701 0.1696
vn -0.0268 -0.9996 0.0114
vn 0.0660 -0.9952 0.0726
vn -0.0491 -0.9988 -0.0061
vn 0.1093 -0.9813 0.1587
vn -0.2726 -0.9621 0.0062
vn -0.9733 0.0572 0.2225
vn -0.9306 0.2683 0.2489
vn -0.8827 -0.4040 0.2402
vn -0.7832 -0.5463 0.2967
vn -0.2535 -0.9666 -0.0373
vn 0.2498 0.0146 -0.9682
vn 0.4700 0.0233 -0.8824
vn 0.1196 0.1580 -0.9802
vn -0.1709 -0.9850 0.0253
vn -0.3847 -0.7866 -0.4830
vn -0.5334 0.1411 0.8340
vn -0.8947 0.3945 0.2096
vn 0.0472 0.9987 -0.0201
vn -0.2476 0.8927 -0.3765
vn -0.5435 0.1115 0.8319
vn -0.0554 0.9975 -0.0433
vn -0.0964 0.9932 0.0658
vn -0.3876 0.0643 -0.9196
vn -0.0755 0.0442 0.9962
vn -0.3924 -0.9174 0.0668
vn 0.0233 0.9859 0.1655
vn -0.8663 0.1682 -0.4704
vn 0.4939 -0.0582 0.8675
vn -0.4085 -0.8676 0.2836
vn -0.2279 0.7608 0.6077
vn -0.9669 0.1226 0.2239
vn 0.3027 -0.0739 0.9502
vn -0.4273 -0.6654 0.6121
vn -0.0614 0.9682 -0.2423
vn 0.2762 0.5184 -0.8093
vn -0.3240 -0.9009 -0.2887
vn -0.0870 -0.9954 0.0399
vn -0.1433 -0.9875 -0.0653
vn -0.6874 0.2263 -0.6901
vn 0.0632 -0.6937 -0.7175
vn -0.1206 -0.9864 0.1114
vn -0.2134 -0.8990 -0.3823
vn -0.0872 -0.9702 0.2259
vn -0.1019 -0.9910 0.0872
vn -0.0297 -0.9907 0.1325
vn -0.5707 -0.7063 -0.4188
vn -0.2531 -0.9449 -0.2076
vn -0.1739 -0.9655 0.1937
vn -0.1052 -0.9771 0.1850
vn -0.2275 -0.9671 0.1135
vn -0.1486 -0.9886 -0.0225
vn -0.1949 -0.9803 0.0330
vn -0.1692 -0.9751 0.1433
vn -0.1443 -0.9894 -0.0162
vn -0.0264 -0.9996 0.0141
vn 0.1392 -0.9890 0.0494
vn -0.1693 -0.9761 0.1361
vn -0.1728 -0.9610 0.2157
vn -0.4627 -0.8810 -0.0986
vn -0.0890 -0.9960 -0.0057
vn -0.1572 -0.9830 0.0947
vn -0.0703 -0.9961 -0.0527
vn -0.3441 -0.8600 0.3767
vn -0.1007 -0.9949 -0.0080
vn -0.1682 -0.9855 -0.0217
vn -0.1414 -0.9897 -0.0242
vn -0.1322 -0.9908 -0.0287
vn -0.2918 -0.9550 -0.0538
vn -0.3094 -0.9497 0.0475
vn -0.4645 -0.8854 0.0183
vn 0.0775 0.9969 0.0124
vn 0.0139 0.9989 -0.0456
vn 0.1043 0.9945 0.0102
vn 0.1187 0.9929 0.0079
vn 0.1006 0.9947 -0.0230
vn 0.0694 0.9962 0.0530
vn -0.1329 0.9392 -0.3165
vn -0.2556 0.9308 -0.2614
vn -0.2737 0.9481 -0.1617
vn -0.3403 0.8492 -0.4039
vn -0.4589 0.8379 -0.2955
vn -0.4657 0.8769 -0.1191
vn -0.4738 0.7262 -0.4982
vn -0.6526 0.7005 -0.2889
vn -0.6771 0.7338 -0.0551
vn -0.6723 0.5392 -0.5073
vn -0.8762 0.3426 -0.3390
vn -0.9457 0.3120 -0.0905
vn -0.6588 0.2854 -0.6961
vn -0.9496 -0.0050 -0.3135
vn -0.9858 0.0353 -0.1643
vn -0.5713 -0.2556 -0.7799
vn -0.8474 -0.3950 -0.3548
vn -0.8916 -0.4517 -0.0318
vn -0.0000 0.9659 -0.2589
vn -0.0000 0.9792 -0.2030
vn -0.0000 0.9882 -0.1532
vn -0.0000 0.9937 0.1120
vn -0.0000 0.9835 -0.1809
vn -0.0000 0.5753 -0.8179
vn -0.0000 0.7132 -0.7009
vn -0.0674 0.9851 0.1580
vn -0.0126 0.9718 -0.2357
vn -0.0986 0.9090 -0.4049
vn -0.1600 0.5470 -0.8217
vn -0.2896 0.6417 -0.7102
vn -0.3390 0.8973 0.2827
vn -0.2763 0.9173 -0.2868
vn -0.6586 0.6117 -0.4384
vn -0.8861 0.1069 -0.4509
vn -0.8469 0.2541 -0.4671
vn -0.7409 0.6018 0.2981
vn -0.7566 0.4661 -0.4586
vn -0.6585 0.0831 -0.7480
vn -0.7935 0.1788 -0.5817
vn -0.9155 0.2202 -0.3366
vn -0.9609 -0.1203 -0.2492
vn -0.9471 -0.2968 -0.1223
vn -0.8677 -0.4008 -0.2939
vn -0.6217 -0.4595 -0.6343
vn -0.8493 0.3735 -0.3732
vn -0.9318 0.2251 -0.2847
vn -0.9478 0.1554 -0.2784
vn -0.9443 0.0004 -0.3291
vn -0.4349 0.8378 -0.3301
vn -0.5443 0.7063 -0.4527
vn -0.5642 0.7303 -0.3852
vn -0.6710 0.7269 -0.1462
vn -0.0000 0.9466 -0.3224
vn -0.0000 0.8868 -0.4621
vn -0.0000 0.9268 -0.3756
vn -0.0000 0.9986 0.0534
vn -0.8277 0.2933 -0.4784
vn -0.6367 -0.5806 0.5075
vn -0.4607 -0.8424 -0.2796
vn -0.6714 0.0679 -0.7380
vn -0.6465 -0.7614 -0.0481
vn -0.4422 -0.8686 0.2235
vn -0.8502 -0.0596 -0.5232
vn -0.7610 -0.6054 -0.2330
vn -0.4288 -0.8230 0.3725
vn -0.9303 -0.1967 -0.3096
vn -0.9078 -0.2706 -0.3205
vn -0.5267 -0.8002 0.2867
vn -0.9150 0.0975 -0.3914
vn -0.8617 0.3649 -0.3527
vn -0.8557 0.1097 -0.5057
vn -0.6310 -0.7535 0.1846
vn -0.6312 -0.7701 0.0924
vn -0.5185 -0.8551 -0.0064
vn -0.5185 -0.8383 0.1687
vn -0.4089 -0.8549 -0.3193
vn -0.3007 -0.9477 -0.1069
vn -0.8757 -0.4790 -0.0604
vn -0.8983 -0.4352 -0.0604
vn -0.5721 -0.8148 -0.0942
vn -0.1897 -0.1222 -0.9742
vn -0.2879 0.7814 -0.5536
vn -0.2947 0.8481 -0.4404
vn -0.4118 0.6705 -0.6171
vn 0.8059 0.5890 -0.0595
vn 0.6128 0.7849 -0.0915
vn 0.2708 0.9472 -0.1719
vn 0.5505 0.8072 -0.2129
vn 0.1715 0.9492 -0.2640
vn 0.7292 0.6688 -0.1449
vn -0.7756 -0.5437 -0.3206
vn -0.6309 -0.7618 -0.1472
vn -0.2409 -0.9636 0.1161
vn -0.2380 -0.9661 0.0997
vn -0.2542 -0.9526 -0.1669
vn 0.7364 0.5552 -0.3867
vn 0.7778 0.5150 -0.3603
vn -0.2336 -0.9476 -0.2180
vn -0.3394 0.4101 -0.8466
vn -0.0898 -0.9959 0.0062
vn -0.9285 -0.3543 -0.1109
vn -0.8019 -0.5845 0.1235
vn -0.4881 -0.8398 -0.2378
vn -0.0000 0.1411 0.9900
vn -0.9234 0.3309 0.1945
vn -0.9107 0.0801 -0.4053
vn -0.0000 0.1566 -0.9877
vn -0.0000 0.6227 0.7824
vn -0.6049 0.7858 -0.1292
vn -0.8319 0.2768 -0.4810
vn -0.0000 0.2131 -0.9770
vn -0.0000 -0.0246 0.9997
vn -0.9551 0.1657 0.2457
vn -0.8750 0.1357 -0.4646
vn -0.0000 -0.2247 0.9744
vn -0.8891 -0.0361 0.4562
vn -0.7698 0.2838 -0.5717
vn -0.0000 0.4602 -0.8878
vn -0.1869 0.6053 -0.7737
vn -0.4597 0.4406 -0.7711
vn -0.5965 -0.1872 -0.7805
vn -0.4857 -0.3223 -0.8126
vn -0.3198 -0.3473 -0.8815
vn -0.6345 -0.0734 -0.7694
vn 0.2588 0.1431 -0.9553
vn 0.2499 0.3624 -0.8979
vn -0.1128 -0.2766 -0.9543
vn -0.0341 -0.2908 -0.9562
vn -0.6786 0.2929 -0.6736
vn -0.4085 0.7892 -0.4585
vn -0.5380 0.7921 -0.2885
vn -0.5515 0.8297 -0.0860
vn -0.5004 0.8068 0.3141
vn -0.9545 0.2208 -0.2005
vn -0.9674 -0.0833 -0.2392
vn -0.4827 0.8182 -0.3123
vn -0.8771 0.1411 -0.4590
vn -0.9114 0.1682 -0.3756
vn -0.8496 -0.0277 -0.5267
vn -0.9375 0.2205 -0.2691
vn -0.9276 0.1909 -0.3210
vn -0.1409 0.9652 -0.2202
vn -0.0428 0.9598 -0.2772
vn -0.1505 0.9762 -0.1560
vn -0.0738 0.9899 0.1207
vn -0.1252 0.9724 -0.1966
vn -0.1746 0.5594 -0.8103
vn -0.0749 0.7061 -0.7041
vn -0.2121 0.8981 -0.3852
vn -0.0965 0.8714 -0.4809
vn -0.1685 0.8998 -0.4025
vn -0.0498 0.9441 -0.3258
vn -0.3348 0.9423 -0.0085
vn -0.5371 -0.1467 -0.8306
vn -0.7199 -0.2293 -0.6551
vn -0.8596 -0.1598 -0.4854
vn -0.7667 0.5936 -0.2447
vn -0.0000 0.2798 -0.9600
vn -0.0000 0.0639 -0.9980
vn -0.3881 0.9092 -0.1511
vn -0.2418 0.9010 -0.3603
vn -0.3732 0.8804 -0.2925
vn -0.4510 0.4820 -0.7512
vn -0.5887 0.4463 -0.6739
vn -0.0807 0.9609 -0.2650
vn -0.2623 0.8693 -0.4190
vn -0.1736 0.9599 0.2200
vn -0.8594 0.4184 -0.2939
vn -0.9024 0.3590 -0.2381
vn -0.7479 0.5747 -0.3322
vn -0.8473 0.4054 -0.3431
vn -0.0789 0.1857 -0.9794
vn -0.5769 0.0927 -0.8115
vn -0.9100 0.1593 -0.3828
vn -0.1854 0.5203 -0.8336
vn -0.5494 -0.1056 -0.8289
vn -0.0000 -0.9685 -0.2491
vn -0.0000 -0.9717 0.2363
vn -0.0000 -0.9003 0.4354
vn -0.0000 -0.9416 0.3368
vn -0.0000 -0.9991 0.0420
vn -0.0000 -0.9894 0.1450
vn -0.0000 -1.0000 -0.0094
vn -0.0000 -0.9900 -0.1413
vn -0.0000 -0.5873 -0.8093
vn -0.0000 0.9242 -0.3818
vn -0.0000 0.9915 -0.1304
vn -0.0000 0.9997 -0.0262
vn -0.0000 -0.9935 -0.1137
vn -0.0000 -0.5502 -0.8350
vn -0.0000 0.1473 -0.9891
vn -0.0000 0.9161 -0.4010
vn -0.0000 0.7506 -0.6607
vn -0.0000 -0.9166 -0.3998
vn -0.0000 -0.9894 -0.1454
vn -0.0000 -0.9856 0.1690
vn -0.0000 -0.9721 0.2347
vn -0.0000 -0.9768 -0.2141
vn -0.0000 -0.2972 -0.9548
vn -0.0000 -0.2095 -0.9778
vn -0.0000 -0.2575 -0.9663
vn -0.0000 -0.0835 -0.9965
vn -0.0000 -0.2814 -0.9596
vn -0.0000 0.3232 -0.9463
vn -0.0000 0.4084 -0.9128
vn -0.0000 -0.1659 -0.9861
vn -0.2770 -0.9246 -0.2617
vn -0.2852 -0.9316 0.2252
vn -0.2788 -0.8675 0.4120
vn -0.3450 -0.8626 0.3700
vn -0.2788 -0.9595 -0.0396
vn -0.4116 -0.8673 0.2801
vn -0.4225 -0.8987 0.1179
vn 0.0470 -0.9955 -0.0823
vn -0.3832 -0.9171 0.1101
vn -0.3299 -0.9436 -0.0282
vn -0.3282 -0.9365 -0.1233
vn -0.1957 -0.5488 -0.8127
vn 0.3683 0.9243 -0.1004
vn 0.4272 0.8695 -0.2479
vn 0.1278 0.9890 -0.0748
vn 0.0144 -0.9711 -0.2383
vn -0.5592 -0.4093 -0.7209
vn -0.4337 0.2896 -0.8532
vn -0.0351 0.9478 -0.3170
vn 0.4411 0.6751 -0.5913
vn -0.2244 -0.9068 -0.3569
vn -0.0695 -0.9936 -0.0889
vn 0.0469 -0.9780 0.2033
vn 0.0766 -0.9714 0.2248
vn -0.2695 -0.9363 -0.2251
vn -0.0061 -0.2388 -0.9710
vn -0.1828 -0.3143 -0.9316
vn -0.3069 -0.1747 -0.9356
vn -0.0121 -0.0771 -0.9970
vn 0.0358 -0.2541 -0.9665
vn 0.0019 0.3133 -0.9496
vn 0.1456 0.5982 -0.7880
vn -0.7954 -0.0559 -0.6036
vn 0.2269 0.1705 -0.9589
vn 0.4769 0.4078 -0.7786
vn -0.2260 0.5373 -0.8126
vn -0.8078 0.0720 -0.5851
vn 0.1338 0.6461 -0.7515
vn -0.7948 0.1396 -0.5905
vn -0.5282 0.5393 -0.6558
vn -0.9018 0.0845 -0.4239
vn -0.9621 0.1045 -0.2517
vn -0.2648 0.4942 -0.8280
vn -0.2340 -0.0927 -0.9678
vn -0.3499 0.1551 -0.9239
vn -0.0000 0.0279 -0.9996
vn -0.4323 -0.0089 -0.9017
vn -0.5302 0.3510 -0.7718
vn -0.0000 -0.3374 0.9413
vn -0.7740 -0.1389 0.6177
vn -0.6443 0.5095 -0.5703
vn -0.0000 0.6399 -0.7684
vn -0.9770 0.1787 -0.1164
vn -0.0000 0.1071 0.9943
vn -0.5389 0.0982 0.8366
vn -0.4592 0.8156 -0.3519
vn -0.0000 0.9296 -0.3685
vn -0.6828 0.6781 0.2721
vn -0.0000 0.8778 0.4790
vn 0.0871 0.4902 -0.8672
vn -0.0942 0.5536 -0.8274
vn -0.0797 0.5891 -0.8041
vn -0.2207 0.6645 -0.7140
vn 0.4474 0.8000 0.3998
vn 0.2786 0.8745 0.3971
vn -0.0320 0.8959 0.4431
vn -0.6091 0.7498 0.2585
vn 0.3910 0.7077 0.5885
vn 0.1471 0.7515 0.6431
vn -0.1927 0.7466 0.6367
vn -0.7847 0.5071 0.3566
vn 0.0374 0.3103 0.9499
vn -0.1790 0.2525 0.9509
vn -0.5199 0.2458 0.8181
vn -0.7853 0.2497 0.5666
vn -0.4258 0.8741 0.2338
vn -0.1677 0.9731 0.1583
vn -0.0000 0.9912 0.1320
vn -0.7336 0.6412 0.2251
vn -0.5182 0.8193 0.2455
vn -0.1095 0.9847 0.1358
vn -0.3064 0.9306 0.2003
vn 0.3155 0.8470 0.4278
vn -0.0746 0.7667 -0.6376
vn 0.1683 0.7945 0.5835
vn -0.2362 0.9717 -0.0006
vn -0.0000 0.9993 -0.0379
vn -0.1332 0.9906 -0.0299
vn -0.3700 0.9282 0.0383
vn -0.4521 0.8898 0.0621
vn -0.6841 0.7256 0.0745
vn -0.5304 0.8435 0.0855
vn -0.5934 0.4920 0.6370
vn -0.9873 -0.0616 0.1463
vn -0.5756 -0.8141 -0.0770
vn -0.9088 -0.4123 -0.0639
vn -0.0000 -0.9927 -0.1206
vn -0.3572 -0.9289 -0.0978
vn -0.6039 -0.6028 0.5214
vn -0.6083 -0.7397 0.2877
vn -0.5000 -0.8620 0.0835
vn -0.6700 -0.7358 -0.0988
vn -0.6203 -0.6110 -0.4918
vn -0.5717 -0.7441 -0.3457
vn -0.8367 -0.4958 -0.2328
vn -0.5329 -0.8321 -0.1540
vn -0.8622 -0.5056 -0.0306
vn -0.0000 -0.9855 -0.1695
vn -0.2948 -0.9409 -0.1666
vn -0.5540 -0.7103 -0.4343
vn -0.6064 -0.7028 -0.3719
vn -0.4756 -0.5484 -0.6878
vn -0.6873 0.2019 -0.6977
vn -0.6571 -0.6827 0.3196
vn -0.4703 -0.8769 -0.0993
vn -0.2914 -0.9506 -0.1068
vn -0.9270 -0.1605 -0.3390
vn -0.7327 -0.6101 0.3016
vn -0.4664 -0.8364 -0.2878
vn -0.0000 -0.9697 -0.2442
vn -0.2648 -0.9280 -0.2623
vn -0.4265 -0.2286 -0.8751
vn -0.8447 -0.3998 -0.3558
vn -0.5214 -0.5993 -0.6075
vn -0.2916 -0.6289 -0.7207
vn -0.4620 -0.7060 -0.5367
vn -0.5934 -0.6841 -0.4240
vn -0.5415 -0.7948 -0.2740
vn -0.0497 -0.7743 -0.6308
vn -0.1838 -0.8852 -0.4274
vn -0.2356 -0.9455 -0.2248
vn -0.5137 0.8577 0.0235
vn -0.0000 0.9996 -0.0285
vn 0.0235 0.9996 -0.0180
vn -0.2468 0.9689 0.0202
vn -0.4427 0.8955 0.0467
vn -0.0463 0.9986 -0.0273
vn -0.0601 0.9982 -0.0028
vn 0.0539 0.9979 -0.0368
vn -0.4292 0.8911 -0.1474
vn 0.2825 0.9588 0.0290
vn 0.4178 0.9021 0.1077
vn 0.3675 0.9191 0.1422
vn -0.7760 -0.3516 -0.5236
vn -0.1279 0.9918 0.0025
vn -0.3011 0.9536 0.0086
vn -0.5255 0.8508 -0.0067
vn -0.4681 0.8793 0.0882
vn -0.0000 0.9998 -0.0219
vn -0.3670 0.9302 -0.0028
vn -0.0678 0.9976 -0.0125
vn -0.1903 0.9817 0.0092
vn -0.1041 0.9919 0.0727
vn -0.3008 0.9515 0.0649
vn -0.5204 0.8518 0.0602
vn -0.5221 0.8458 -0.1099
vn -0.0000 0.9965 0.0833
vn -0.3562 0.9318 0.0693
vn -0.0746 0.9939 0.0814
vn -0.1753 0.9825 0.0627
vn -0.0963 0.9890 0.1120
vn -0.2871 0.9530 0.0967
vn -0.4395 0.8946 0.0807
vn -0.5344 0.8441 -0.0446
vn -0.0000 0.9931 0.1170
vn -0.3403 0.9356 0.0938
vn -0.0637 0.9911 0.1172
vn -0.1658 0.9809 0.1017
vn -0.1073 0.9884 0.1079
vn -0.2918 0.9454 0.1454
vn -0.3490 0.9258 0.1452
vn -0.5025 0.8605 0.0838
vn -0.0000 0.9952 0.0979
vn -0.2990 0.9424 0.1497
vn -0.0741 0.9924 0.0986
vn -0.1801 0.9753 0.1278
vn -0.2109 0.9509 0.2264
vn -0.2458 0.9527 0.1789
vn -0.2646 0.9585 0.1061
vn -0.4247 0.9007 0.0912
vn -0.0000 0.9777 0.2102
vn -0.2854 0.9485 0.1374
vn -0.1447 0.9645 0.2210
vn -0.2221 0.9522 0.2096
vn -0.6216 0.6044 -0.4984
vn -0.8061 0.5909 -0.0331
vn -0.7716 0.5627 -0.2967
vn -0.6698 -0.5831 0.4597
vn -0.2681 -0.9245 -0.2711
vn -0.3621 0.8264 0.4313
vn -0.6217 0.6743 0.3986
vn -0.4469 0.8311 -0.3310
vn -0.7807 0.6059 0.1529
vn -0.9357 0.2567 -0.2422
vn -0.4576 -0.8343 -0.3076
vn -0.0000 -0.9686 -0.2487
vn -0.0888 0.9826 0.1631
vn -0.8049 0.5926 0.0308
vn -0.8243 0.5647 0.0398
vn -0.7082 0.7050 0.0393
vn -0.5714 0.8095 0.1350
vn -0.4505 0.8856 0.1126
vn -0.3819 0.8747 -0.2984
vn -0.3740 0.9199 -0.1181
vn -0.3059 0.9466 -0.1022
vn -0.3125 0.9133 -0.2613
vn -0.4995 0.7990 -0.3348
vn -0.5167 0.8454 -0.1355
vn -0.0217 0.9736 -0.2271
vn -0.0391 0.9914 -0.1248
vn -0.0000 0.9909 -0.1349
vn -0.0000 0.9736 -0.2284
vn -0.1016 0.9684 -0.2280
vn -0.1103 0.9882 -0.1064
vn -0.5414 0.7727 -0.3314
vn -0.3216 0.9448 -0.0621
vn -0.2039 0.9491 -0.2401
vn -0.1904 0.9766 -0.1003
vn -0.7462 0.5903 -0.3077
vn -0.7936 0.5914 -0.1431
vn -0.3977 0.5840 -0.7076
vn -0.4468 -0.0467 -0.8934
vn -0.9730 -0.1807 -0.1436
vn -0.4697 -0.1658 -0.8671
vn -0.9335 -0.2893 -0.2119
vn -0.8976 -0.2837 -0.3373
vn -0.8119 -0.3239 -0.4857
vn -0.7787 -0.3001 -0.5510
vn -0.9979 0.0231 -0.0611
vn -0.9816 -0.1241 0.1452
vn -0.0199 -0.6743 -0.7382
vn -0.6363 -0.6244 -0.4530
vn -0.1798 -0.8395 -0.5127
vn -0.9677 0.0302 0.2502
vn -0.0000 -0.6439 -0.7651
vn 0.0033 -0.6180 -0.7862
vn -0.9922 -0.1226 -0.0244
vn -0.9785 -0.0814 0.1893
vn -0.9862 0.0491 0.1580
vn -0.9461 -0.0954 -0.3096
vn -0.9994 0.0333 0.0038
vn -0.9303 -0.3582 -0.0792
vn -0.4604 -0.0713 -0.8848
vn -0.9017 -0.3679 -0.2271
vn -0.8946 -0.2801 -0.3481
vn -0.7982 -0.4556 -0.3941
vn -0.7706 -0.5308 -0.3528
vn -0.9327 -0.2541 0.2561
vn -0.5592 -0.2932 -0.7754
vn 0.4209 -0.0560 -0.9054
vn -0.8810 -0.3604 0.3064
vn -0.0000 -0.9895 0.1448
vn -0.9538 -0.2947 -0.0581
vn -0.9187 -0.3584 0.1656
vn -0.8831 -0.3483 0.3144
vn -0.9345 -0.3546 -0.0300
vn -0.9036 -0.3017 0.3041
vn -0.9486 -0.3159 0.0191
vn 0.5477 0.0661 -0.8341
vn 0.3284 0.0800 -0.9411
vn -0.5735 -0.3048 -0.7604
vn -0.0000 -0.9945 -0.1046
vn -0.3235 -0.9420 -0.0890
vn -0.0000 -1.0000 -0.0031
vn 0.0302 -0.9981 -0.0535
vn -0.1372 -0.9321 0.3352
vn -0.0000 -0.9294 0.3691
vn 0.1855 -0.9154 0.3573
vn -0.6072 -0.7925 -0.0566
vn -0.0000 -0.9983 -0.0585
vn -0.3079 -0.9476 -0.0847
vn -0.5848 -0.6764 0.4478
vn -0.0000 -0.9150 0.4035
vn -0.3291 -0.8425 0.4265
vn -0.2075 -0.7167 0.6658
vn -0.0000 -0.6783 0.7347
vn -0.3497 -0.6231 0.6996
vn -0.6295 -0.7768 -0.0167
vn -0.6427 -0.7189 0.2648
vn -0.2203 -0.9498 0.2220
vn -0.4395 -0.8964 0.0584
vn 0.0201 -0.9837 0.1784
vn -0.3121 -0.9337 0.1755
vn -0.7175 -0.6135 -0.3299
vn -0.7019 -0.0253 -0.7118
vn -0.5748 -0.1188 -0.8096
vn -0.6205 0.3848 -0.6833
vn -0.3984 0.8074 -0.4352
vn -0.1964 0.9245 -0.3268
vn -0.5203 0.6798 -0.5169
vn -0.0000 0.9689 -0.2474
vn -0.1781 -0.6144 -0.7686
vn -0.4640 0.7525 -0.4674
vn -0.0963 0.9571 -0.2732
vn -0.3088 0.8703 -0.3836
vn -0.0000 -0.9751 -0.2220
vn -0.0571 -0.8750 -0.4808
vn -0.5828 0.5569 -0.5918
vn -0.7420 -0.2808 -0.6088
vn -0.7268 -0.1654 -0.6667
vn 0.1239 -0.9803 0.1541
vn -0.1230 -0.9286 0.3501
vn -0.5297 -0.8011 0.2786
vn 0.0824 -0.9845 0.1548
vn 0.1426 -0.9184 0.3690
vn -0.2757 -0.9096 0.3109
vn -0.3438 -0.9351 0.0859
vn -0.0000 -0.9807 0.1953
vn -0.0000 -0.9191 0.3941
vn -0.6646 -0.7172 0.2097
vn -0.6285 -0.7698 0.1118
vn -0.6617 -0.7491 -0.0327
vn -0.8855 -0.4644 -0.0139
vn -0.8197 -0.5718 0.0327
vn -0.8892 -0.4295 0.1576
vn -0.8644 -0.4658 0.1896
vn -0.9425 -0.2581 0.2121
vn -0.8462 -0.4914 0.2062
vn -0.9502 -0.2177 0.2230
vn -0.8881 -0.3253 0.3247
vn -0.6753 -0.6438 0.3597
vn -0.7558 -0.3347 0.5628
vn -0.5260 -0.3255 0.7857
vn -0.6665 -0.7452 -0.0201
vn -0.8858 -0.4622 -0.0403
vn -0.3652 -0.9243 0.1104
vn -0.6318 -0.7727 -0.0620
vn -0.3012 0.8282 0.4727
vn -0.9136 -0.3679 -0.1732
vn -0.9226 0.2177 0.3185
vn 0.5923 0.6393 0.4904
vn -0.7057 -0.6651 -0.2443
vn 0.9734 -0.2159 0.0770
vn 0.9728 -0.1193 0.1986
vn 0.4975 0.7027 0.5086
vn 0.9337 -0.3482 0.0831
vn 0.8977 -0.4307 0.0932
vn 0.8431 -0.4760 0.2501
vn 0.8314 -0.5323 0.1591
vn 0.7799 -0.4183 0.4656
vn 0.7837 -0.5354 0.3149
vn 0.7363 0.4381 0.5157
vn 0.7496 0.1069 0.6532
vn -0.0701 0.9681 0.2406
vn -0.2590 0.8834 0.3905
vn -0.3042 -0.9509 -0.0576
vn -0.5836 -0.8120 -0.0054
vn -0.6445 -0.7462 -0.1665
vn -0.8497 -0.5194 0.0910
vn -0.8440 -0.5341 0.0487
vn -0.8459 -0.5258 -0.0894
vn -0.1206 -0.9549 0.2712
vn -0.0664 -0.9962 0.0556
vn -0.0224 -0.9921 -0.1234
vn 0.5341 -0.4739 0.7001
vn 0.2865 -0.7121 0.6410
vn 0.4155 0.2690 0.8689
vn 0.3002 0.5555 0.7755
vn -0.6438 -0.7511 0.1461
vn -0.4022 -0.8559 0.3249
vn -0.4057 -0.8400 0.3602
vn -0.8462 -0.5323 -0.0253
vn -0.7778 -0.5219 -0.3502
vn -0.9140 -0.3973 -0.0825
vn -0.9157 -0.3989 -0.0484
vn -0.5549 -0.6385 -0.5333
vn -0.7434 -0.4931 -0.4519
vn -0.8144 -0.5801 0.0158
vn -0.8002 -0.5923 -0.0940
vn -0.7423 -0.6300 -0.2283
vn -0.0000 -0.6350 -0.7725
vn -0.4569 -0.6083 -0.6490
vn -0.8175 -0.5686 -0.0914
vn -0.7726 -0.6124 -0.1675
vn -0.5642 -0.8089 0.1656
vn -0.7207 -0.6651 -0.1955
vn -0.6817 -0.7302 -0.0463
vn -0.1150 -0.9724 0.2029
vn -0.6687 -0.7330 0.1252
vn -0.3172 -0.9003 0.2981
vn -0.2988 -0.9543 -0.0040
vn -0.4304 -0.9023 0.0253
vn -0.4155 -0.2695 -0.8688
vn -0.2660 -0.8837 0.3851
vn -0.3533 -0.9314 0.0879
vn -0.3467 -0.9016 0.2585
vn 0.4724 -0.8348 0.2828
vn -0.0748 -0.5908 0.8034
vn -0.0466 -0.7741 0.6313
vn -0.0000 -0.5034 0.8640
vn -0.0000 -0.7813 0.6242
vn 0.0193 0.9998 0.0019
vn -0.2231 0.9718 -0.0758
vn 0.1075 0.9938 0.0278
vn 0.1264 0.9879 0.0896
vn -0.4227 0.3974 0.8145
vn -0.4576 0.7059 0.5406
vn -0.1267 0.7820 0.6102
vn -0.5958 0.5232 0.6093
vn 0.6449 0.1259 0.7539
vn 0.0414 0.4169 0.9080
vn 0.5076 0.5989 0.6195
vn -0.5635 0.4891 0.6658
vn 0.0477 0.9987 -0.0169
vn 0.0226 0.9995 -0.0226
vn 0.1034 0.9894 0.1016
vn -0.6200 0.5087 0.5974
vn 0.0960 0.9897 0.1062
vn 0.0779 0.9965 0.0306
vn 0.0979 0.9916 0.0840
vn 0.0233 0.9951 -0.0963
vn -0.8968 0.4306 -0.1020
vn 0.0484 0.9892 -0.1383
vn -0.1814 0.9588 -0.2189
vn -0.4467 0.8519 -0.2735
vn 0.0368 0.9942 -0.1012
vn -0.8711 0.4330 0.2318
vn -0.4832 0.6315 0.6064
vn -0.0797 0.9945 0.0679
vn -0.1184 0.9915 0.0531
vn -0.5328 0.8461 -0.0157
vn -0.1836 0.9826 0.0296
vn -0.3569 0.9335 0.0354
vn -0.8242 0.5633 0.0581
vn 0.7279 -0.6512 0.2146
vn 0.0196 0.9947 0.1006
vn 0.1674 0.9856 0.0228
vn 0.1458 0.9794 -0.1395
vn 0.1369 0.9903 0.0254
vn 0.0418 0.9977 0.0525
vn 0.0831 0.9926 -0.0890
vn 0.1615 0.9867 0.0158
vn 0.1962 0.9743 -0.1107
vn 0.0882 0.9960 0.0114
vn 0.2044 0.9785 0.0276
vn 0.0880 0.9961 0.0083
vn 0.1197 0.9884 0.0935
vn -0.6896 0.6495 -0.3203
vn -0.2714 0.2674 0.9246
vn -0.5128 0.5263 0.6783
vn 0.5991 0.3358 0.7269
vn -0.4172 0.3325 0.8458
vn -0.1054 0.1548 0.9823
vn -0.2656 0.3275 0.9067
vn 0.6818 0.4098 0.6060
vn -0.3755 0.6578 0.6529
vn 0.1851 0.4722 0.8618
vn 0.0116 0.2668 0.9637
vn 0.0095 0.5270 0.8498
vn -0.1872 0.5541 0.8112
vn -0.6311 0.5510 0.5461
vn -0.8095 0.3894 0.4393
vn 0.3037 0.0069 0.9527
vn 0.0274 0.7327 0.6800
vn 0.2813 0.7180 0.6366
vn 0.0935 0.9956 0.0055
vn -0.4240 0.3722 0.8256
vn -0.0000 0.9977 0.0673
vn -0.5308 0.8468 0.0346
vn -0.2983 0.9541 0.0274
vn -0.6602 0.4898 0.5694
vn 0.9310 -0.1048 0.3495
vn 0.8892 -0.3689 0.2706
vn 0.4439 -0.8760 0.1887
vn -0.7862 0.3206 0.5284
vn -0.7930 0.2353 0.5619
vn 0.0590 -0.8644 0.4993
vn 0.1281 -0.7451 0.6545
vn -0.0000 -0.6172 0.7868
vn -0.2293 0.9683 -0.0993
vn -0.5532 -0.7764 0.3018
vn -0.4854 -0.8171 0.3110
vn -0.5393 -0.8384 0.0796
vn -0.7000 -0.6991 0.1455
vn -0.5585 -0.8192 -0.1302
vn -0.7386 -0.6718 0.0559
vn -0.7732 -0.6286 0.0838
vn -0.5435 -0.7865 -0.2935
vn -0.6513 -0.5932 -0.4732
vn -0.7457 -0.6633 0.0626
vn -0.5850 -0.7910 -0.1793
vn -0.7334 -0.6782 0.0466
vn -0.3655 -0.8823 0.2966
vn -0.2521 -0.9672 -0.0308
vn 0.3251 0.0813 0.9422
vn 0.5883 -0.5983 0.5440
vn 0.8161 -0.1446 0.5595
vn -0.7587 -0.6419 -0.1111
vn -0.6795 -0.6903 -0.2485
vn -0.2871 -0.9245 -0.2506
vn -0.7628 -0.6393 -0.0971
vn -0.7286 -0.6627 -0.1732
vn -0.6369 -0.7103 -0.2999
vn -0.6131 -0.7359 -0.2872
vn -0.4507 -0.7991 0.3979
vn -0.3734 -0.9137 0.1605
vn -0.3476 -0.3868 -0.8541
vn -0.3839 -0.8292 0.4063
vn -0.3079 -0.9480 0.0805
vn -0.3313 -0.9062 0.2627
vn 0.6344 -0.7117 0.3016
vn 0.0363 -0.9250 0.3783
vn -0.5017 -0.7953 0.3403
vn -0.4983 -0.8256 0.2646
vn -0.5414 -0.8402 -0.0302
vn -0.6166 -0.7567 0.2174
vn -0.4635 -0.8841 -0.0594
vn -0.6916 -0.7179 0.0795
vn -0.7145 -0.6883 0.1256
vn -0.4616 -0.8697 -0.1749
vn -0.5440 -0.6882 -0.4800
vn -0.6595 -0.7438 0.1085
vn -0.5518 -0.7935 -0.2566
vn -0.7067 -0.7074 0.0113
vn -0.3171 -0.8985 0.3036
vn -0.3240 -0.9440 -0.0626
vn 0.5279 -0.6284 0.5714
vn 0.8193 -0.1648 0.5492
vn 0.0374 -0.9143 0.4032
vn 0.4251 0.1143 0.8979
vn -0.7028 -0.7044 -0.0995
vn -0.6238 -0.7409 -0.2489
vn -0.2250 -0.9618 -0.1559
vn -0.6994 -0.7092 -0.0888
vn -0.6729 -0.7210 -0.1651
vn -0.5882 -0.7500 -0.3025
vn -0.5676 -0.7605 -0.3154
vn -0.5190 -0.7229 0.4560
vn -0.3573 -0.9171 0.1767
vn -0.2915 -0.4987 -0.8163
vn -0.2914 -0.8725 0.3922
vn -0.3923 -0.9174 0.0660
vn -0.3680 -0.8907 0.2670
vn 0.5397 -0.7186 0.4387
vn 0.3397 0.0571 0.9388
vn -0.7759 -0.6221 -0.1045
vn -0.7037 -0.6690 -0.2392
vn -0.3851 -0.7877 -0.4808
vn -0.7838 -0.6130 -0.0994
vn -0.7454 -0.6465 -0.1626
vn -0.6693 -0.6885 -0.2794
vn -0.6514 -0.7259 -0.2208
vn -0.3492 -0.8813 0.3183
vn -0.3729 -0.9213 0.1102
vn -0.3768 -0.3304 -0.8654
vn -0.3871 -0.8249 0.4120
vn -0.3109 -0.9465 0.0864
vn -0.3238 -0.9080 0.2660
vn 0.5669 -0.7715 0.2889
vn -0.6002 -0.7620 0.2432
vn -0.4419 -0.8301 0.3400
vn -0.4940 -0.8434 0.2113
vn -0.7788 -0.6235 0.0682
vn -0.6600 -0.7185 -0.2195
vn -0.8015 -0.5978 0.0184
vn -0.8321 -0.5532 0.0387
vn -0.5474 -0.7307 -0.4079
vn -0.6864 -0.5550 -0.4699
vn -0.7697 -0.6372 0.0395
vn -0.0000 -0.8406 -0.5417
vn -0.6000 -0.7982 -0.0535
vn -0.7858 -0.6145 0.0707
vn -0.3484 -0.8877 0.3011
vn -0.2476 -0.9687 -0.0165
vn 0.6711 -0.5651 0.4798
vn 0.8177 -0.2149 0.5340
vn 0.1652 -0.9309 0.3257
vn -0.0000 0.9693 0.2458
vn 0.0518 0.9809 0.1877
vn 0.1072 0.9869 0.1206
vn 0.0985 0.9925 0.0722
vn 0.1083 0.9938 0.0265
vn 0.0603 0.9981 -0.0129
vn -0.0198 0.9991 -0.0365
vn -0.1996 0.9784 -0.0534
vn 0.0057 0.9979 0.0641
vn 0.0834 0.9957 -0.0401
vn 0.1614 0.9835 -0.0818
vn 0.1025 0.9946 -0.0131
vn 0.1000 0.9919 -0.0779
vn 0.0849 0.9964 -0.0008
vn -0.0969 0.9892 -0.1104
vn 0.1012 0.9947 -0.0165
vn 0.0955 0.9939 0.0557
vn 0.0874 0.9952 0.0433
vn 0.0836 0.9965 0.0021
vn 0.0644 0.9975 0.0279
vn 0.2499 0.9474 0.1998
vn 0.0821 0.9965 0.0166
vn -0.0109 0.9994 -0.0320
vn 0.0818 0.9963 0.0266
vn -0.1272 -0.9783 0.1636
vn -0.0898 -0.9937 0.0672
vn -0.0778 -0.9959 0.0459
vn -0.1419 -0.9823 0.1218
vn -0.1895 -0.9705 0.1490
vn -0.0545 -0.9940 0.0952
vn -0.0170 -0.9998 0.0051
vn -0.1173 -0.9923 0.0405
vn -0.0962 -0.9954 0.0014
vn -0.0542 -0.9972 0.0518
vn -0.1034 -0.9932 0.0526
vn -0.1693 -0.9854 0.0179
vn 0.0704 0.9944 0.0782
vn -0.0647 -0.9976 0.0244
vn 0.0927 0.9940 0.0580
vn 0.0402 -0.9982 0.0437
vn 0.1062 0.9907 0.0855
vn 0.0747 0.9959 0.0503
vn 0.0617 0.9958 0.0670
vn -0.0158 0.9998 0.0116
vn 0.0093 0.9990 0.0438
vn 0.0869 0.9954 0.0394
vn -0.1136 -0.9738 0.1970
vn -0.0464 -0.9909 0.1267
vn -0.1973 -0.9803 0.0027
vn -0.2046 -0.9713 0.1213
vn 0.0454 -0.9965 0.0705
vn -0.2043 -0.9554 0.2134
vn 0.1112 -0.7732 0.6243
vn -0.1672 -0.9854 0.0316
vn 0.0059 -0.9982 0.0604
vn 0.0657 0.9959 0.0621
vn -0.1675 -0.9786 0.1193
vn 0.0511 0.9969 0.0601
vn -0.6493 -0.7602 0.0227
vn -0.8740 -0.4824 0.0583
vn -0.2193 -0.9360 0.2755
vn 0.3020 -0.6610 0.6869
vn 0.6188 -0.6360 0.4611
vn -0.2611 -0.5382 0.8013
vn -0.0000 -0.4634 0.8862
vn 0.2554 0.4649 0.8477
vn -0.3822 0.9167 -0.1165
vn 0.7619 -0.4933 0.4198
vn 0.8124 -0.4544 0.3653
vn 0.6954 -0.5477 0.4653
vn -0.0000 0.9399 0.3416
vn -0.0706 0.9476 0.3115
vn -0.0895 0.9706 0.2233
vn -0.0961 0.9852 0.1422
vn -0.0877 0.9939 0.0672
vn -0.1197 0.9927 0.0149
vn -0.1654 0.9859 -0.0270
vn -0.3765 0.9231 -0.0783
vn 0.1278 0.9795 0.1558
vn 0.1846 0.9684 0.1679
vn 0.2294 0.9587 0.1681
vn 0.2370 0.9578 0.1625
vn 0.1830 0.9690 0.1658
vn 0.1357 0.9745 0.1789
vn 0.0825 0.9776 0.1936
vn -0.1783 0.9677 0.1785
vn -0.1450 0.9694 0.1982
vn -0.0235 0.9832 0.1813
vn -0.1855 0.8812 0.4348
vn -0.2160 0.8403 0.4972
vn -0.3391 0.6417 0.6879
vn -0.1506 0.9427 0.2977
vn 0.1332 0.8562 0.4993
vn 0.5533 0.6724 0.4917
vn 0.5237 0.4095 0.7470
vn -0.1119 0.9406 0.3205
vn -0.6224 -0.7636 -0.1721
vn 0.1171 -0.9819 -0.1487
vn -0.9996 0.0081 0.0254
vn -0.6668 0.7075 0.2343
vn 0.9885 -0.1449 0.0426
vn 0.9105 0.3808 0.1612
vn -0.0182 0.9497 0.3126
vn 0.5319 0.7984 0.2820
vn -0.2522 -0.9432 -0.2161
vn 0.0574 -0.9528 -0.2980
vn -0.8827 -0.4361 -0.1749
vn -0.7585 -0.6316 -0.1601
vn -0.9683 0.2305 0.0958
vn -0.5237 0.6430 0.5588
vn 0.9979 0.0516 -0.0391
vn 0.8189 0.4572 0.3470
vn 0.0253 0.7415 0.6705
vn 0.4504 0.6695 0.5907
vn -0.2652 -0.7177 -0.6439
vn 0.1893 -0.5310 -0.8259
vn -0.8265 -0.3443 -0.4453
vn -0.9641 0.2375 0.1186
vn -0.4330 0.5165 0.7387
vn 0.9464 0.1408 -0.2906
vn 0.7816 0.4603 0.4210
vn 0.0374 0.5387 0.8416
vn 0.2861 0.5499 0.7847
vn -0.2933 -0.2368 -0.9262
vn 0.3182 -0.1948 -0.9278
vn -0.8048 -0.1298 -0.5792
vn -0.9571 -0.1900 0.2188
vn -0.4287 0.2149 0.8775
vn 0.9627 -0.0436 -0.2670
vn 0.7789 0.3388 0.5278
vn 0.0678 0.2769 0.9585
vn 0.1696 0.3245 0.9306
vn -0.3439 -0.7268 -0.5946
vn 0.2120 -0.7306 -0.6490
vn -0.7298 -0.5746 -0.3704
vn -0.5014 -0.8107 0.3023
vn -0.1280 -0.4812 0.8672
vn 0.8012 -0.5900 -0.1003
vn 0.5916 -0.2171 0.7765
vn 0.2030 -0.4136 0.8875
vn -0.0758 -0.2473 0.9660
vn 0.0287 -0.9961 0.0837
vn 0.0085 -0.9999 0.0071
vn -0.3064 -0.9504 -0.0541
vn 0.2033 -0.9393 0.2765
vn 0.3529 -0.8264 0.4387
vn 0.1294 -0.9785 0.1607
vn -0.2666 -0.7056 0.6566
vn 0.3529 -0.8562 0.3773
vn -0.1625 -0.7537 0.6369
vn 0.1900 -0.9230 0.3346
vn -0.3457 -0.8750 0.3390
vn 0.2972 -0.9224 0.2466
vn -0.8448 -0.5278 -0.0884
vn -0.7837 -0.6096 -0.1194
vn -0.5274 -0.5374 -0.6581
vn -0.8609 -0.5033 -0.0739
vn -0.8179 -0.5544 -0.1539
vn -0.7369 -0.6745 0.0455
vn -0.6400 -0.7226 0.2612
vn -0.0931 -0.9901 0.1049
vn -0.5819 -0.8060 -0.1087
vn -0.4510 -0.2289 -0.8627
vn -0.2505 -0.9106 0.3286
vn -0.4572 -0.8852 0.0859
vn -0.4596 -0.8561 0.2362
vn 0.1972 -0.9493 0.2450
vn 0.6405 -0.7670 -0.0385
vn 0.5343 -0.8318 0.1508
vn 0.4680 -0.7863 0.4034
vn -0.7023 -0.7116 -0.0173
vn -0.4616 -0.8629 0.2055
vn -0.3971 -0.8055 0.4399
vn -0.8976 -0.4127 -0.1548
vn -0.8566 -0.2841 -0.4307
vn -0.9693 0.0056 -0.2459
vn -0.9685 -0.0948 -0.2302
vn -0.5738 -0.4969 -0.6510
vn -0.7887 -0.4448 -0.4245
vn -0.8577 -0.5141 -0.0042
vn -0.0000 -0.6314 -0.7754
vn -0.4948 -0.7555 0.4294
vn -0.2387 -0.9513 0.1952
vn -0.4048 -0.8682 0.2868
vn -0.4431 -0.8965 -0.0012
vn 0.3746 -0.8249 0.4234
vn 0.7142 -0.6983 -0.0477
vn 0.7445 -0.6419 -0.1836
vn 0.6937 -0.2241 -0.6846
vn 0.7188 -0.0698 -0.6917
vn 0.6818 -0.4456 -0.5802
vn 0.2575 -0.8984 -0.3558
vn -0.3593 -0.9330 -0.0198
vn 0.0638 0.9976 -0.0280
vn -0.5449 -0.8070 0.2279
vn -0.5244 0.8398 -0.1409
vn -0.1069 0.9893 0.0988
vn -0.0000 0.9949 0.1007
vn 0.0492 0.9964 0.0692
vn -0.2062 -0.9663 -0.1543
vn 0.1606 -0.9721 0.1711
vn 0.0850 0.9938 -0.0711
vn 0.1748 0.9845 0.0119
vn 0.0207 0.9998 -0.0029
vn 0.2370 0.9570 0.1673
vn 0.0327 0.9992 -0.0234
vn 0.0995 0.9946 0.0294
vn 0.0788 0.9969 0.0087
vn 0.2818 0.9376 0.2037
vn 0.1029 0.9778 -0.1826
vn 0.1391 0.9818 0.1290
vn 0.1836 0.9723 0.1446
vn -0.2754 0.9309 0.2399
vn 0.0853 0.9960 -0.0264
vn -0.1543 -0.9878 0.0217
vn 0.1544 0.9878 0.0219
vn 0.0697 0.9975 0.0121
vn 0.0698 0.9966 0.0431
vn 0.0882 0.9919 -0.0913
vn -0.0658 -0.9961 0.0580
vn -0.1625 -0.9867 -0.0100
vn -0.1348 -0.9850 0.1078
vn 0.0436 -0.9910 0.1264
vn -0.0897 -0.9950 0.0435
vn -0.0489 -0.9987 0.0135
vn -0.2313 -0.9720 -0.0411
vn -0.1835 -0.9830 0.0027
vn 0.0029 -0.9999 -0.0138
vn 0.0447 0.9971 -0.0620
vn -0.0543 -0.9982 0.0236
vn 0.1193 0.9928 -0.0105
vn -0.0009 -0.9978 0.0659
vn -0.0571 -0.9983 -0.0078
vn 0.2088 0.9774 0.0321
vn 0.1193 0.9917 0.0471
vn 0.0270 0.9960 -0.0853
vn 0.0936 0.9956 0.0032
vn -0.0219 -0.9981 0.0574
vn 0.0901 0.9956 -0.0239
vn 0.0727 0.9974 -0.0018
vn 0.0922 0.9940 -0.0585
vn 0.1100 0.9934 0.0318
vn 0.1129 -0.9769 0.1813
vn 0.0092 -0.7277 0.6858
vn 0.2073 -0.9637 0.1685
vn 0.0138 -0.9910 0.1331
vn -0.6250 -0.6529 0.4278
vn -0.0754 -0.9896 0.1224
vn -0.0233 -0.9497 0.3123
vn -0.0069 -0.9648 0.2628
vn 0.0360 -0.7409 0.6707
vn -0.0387 -0.9982 0.0452
vn 0.2128 -0.9559 0.2023
vn 0.1085 0.9882 0.1079
vn -0.2718 -0.9216 -0.2771
vn -0.1404 -0.9894 -0.0369
vn 0.0957 0.9954 0.0022
vn -0.4857 0.8710 0.0736
vn -0.0660 0.9930 0.0981
vn -0.3392 -0.9042 0.2594
vn -0.1768 0.9789 0.1023
vn -0.3515 0.9317 0.0915
vn -0.1482 -0.9759 -0.1603
vn -0.2945 0.9506 0.0983
vn -0.7826 0.6222 0.0214
vn -0.3711 -0.9270 0.0548
vn -0.9168 -0.3504 0.1915
vn -0.4007 -0.8644 0.3038
vn -0.8452 -0.5114 0.1551
vn -0.7553 0.4665 0.4603
vn -0.5022 -0.8482 0.1686
vn -0.5720 -0.7764 0.2647
vn -0.1190 -0.9484 0.2940
vn 0.0939 0.9945 -0.0454
vn 0.0758 0.9970 -0.0166
vn -0.3262 -0.9338 0.1471
vn 0.0465 -0.9964 0.0706
vn -0.0940 -0.9956 -0.0046
vn -0.1831 -0.9746 -0.1292
vn -0.0000 0.9944 0.1053
vn 0.0870 0.9956 0.0339
vn -0.0000 -0.9777 0.2101
vn 0.0839 0.9964 -0.0067
vn -0.0848 0.9953 0.0467
vn -0.0453 0.9989 -0.0103
vn 0.0846 0.9955 -0.0417
vn 0.1638 0.9864 -0.0160
vn 0.0611 0.9973 -0.0415
vn -0.7465 -0.6305 0.2125
vn 0.1501 0.9886 -0.0065
vn 0.1414 0.9897 0.0237
vn 0.0798 0.9968 -0.0080
vn 0.0912 0.9958 0.0043
vn 0.0685 0.9975 -0.0196
vn -0.1627 -0.9846 0.0635
vn 0.1098 0.9939 -0.0123
vn -0.0771 -0.9969 0.0135
vn -0.3013 0.9534 -0.0155
vn 0.0918 0.9958 -0.0010
vn 0.0652 0.9979 0.0028
vn 0.0886 0.9960 -0.0075
vn 0.1017 0.9940 -0.0395
vn -0.0712 -0.9971 -0.0271
vn -0.1302 -0.9911 0.0294
vn -0.0898 -0.9951 0.0404
vn -0.0353 -0.9956 0.0868
vn -0.1036 -0.9919 0.0731
vn -0.0764 -0.9970 0.0136
vn -0.1470 -0.9884 -0.0392
vn -0.2207 -0.9751 -0.0206
vn 0.0656 -0.9978 0.0125
vn 0.0013 0.9956 -0.0939
vn -0.0795 -0.9967 0.0149
vn 0.0765 0.9967 0.0275
vn -0.1229 -0.9924 0.0115
vn -0.1362 -0.9906 -0.0115
vn 0.1354 0.9906 0.0167
vn 0.1163 0.9928 0.0269
vn 0.0294 -0.9955 0.0900
vn 0.0340 0.9971 -0.0685
vn -0.3028 -0.9247 0.2306
vn -0.5307 0.8472 0.0237
vn -0.0564 -0.9983 0.0139
vn -0.4855 -0.7611 0.4301
vn -0.0811 -0.9967 0.0090
vn -0.0945 -0.9955 -0.0029
vn 0.1105 -0.9881 0.1068
vn 0.0047 0.9967 0.0815
vn -0.3915 0.9164 0.0831
vn -0.2153 -0.9671 -0.1355
vn -0.1441 -0.9895 -0.0100
vn 0.1248 0.9921 0.0099
vn -0.1534 0.9824 0.1067
vn -0.0840 0.9908 0.1064
vn -0.3149 0.9442 0.0968
vn -0.2826 0.9534 0.1062
vn -0.0679 0.9921 0.1058
vn -0.6395 0.7664 0.0605
vn -0.6303 -0.7366 0.2451
vn -0.7411 -0.6713 0.0114
vn -0.6077 -0.7832 0.1312
vn -0.8743 -0.4724 0.1111
vn -0.8183 0.4158 0.3968
vn -0.7202 -0.6527 0.2352
vn -0.7451 -0.6404 0.1861
vn -0.3046 -0.9461 0.1104
vn -0.4490 0.8799 0.1554
vn 0.0741 0.9972 -0.0008
vn -0.3186 0.9298 0.1844
vn 0.0793 0.9968 -0.0021
vn -0.0580 0.9969 0.0524
vn 0.0788 0.9969 -0.0049
vn -0.0000 0.9953 0.0972
vn -0.2513 -0.9514 -0.1781
vn -0.0853 -0.9964 -0.0036
vn 0.1130 0.9919 -0.0573
vn 0.0791 0.9968 0.0112
vn 0.1022 0.9947 0.0076
vn -0.0145 -0.9999 0.0068
vn 0.0750 0.9966 0.0328
vn 0.0989 0.9926 -0.0699
vn 0.1491 0.9888 -0.0116
vn -0.0002 0.9979 -0.0641
vn 0.1172 0.9929 0.0183
vn 0.0764 0.9931 0.0886
vn 0.0858 0.9963 -0.0037
vn -0.2348 0.9598 0.1536
vn 0.0845 0.9964 -0.0047
vn 0.1604 0.9864 0.0353
vn 0.0621 0.9979 0.0209
vn 0.0621 0.9979 0.0188
vn 0.0864 0.9963 -0.0031
vn 0.1064 0.9937 0.0343
vn 0.1085 0.9941 -0.0043
vn -0.3221 0.9300 0.1771
vn 0.1272 0.9918 0.0097
vn 0.0562 0.9979 -0.0322
vn 0.0747 0.9972 -0.0032
vn 0.0964 0.9953 0.0051
vn -0.0769 -0.9970 -0.0014
vn -0.0911 -0.9958 0.0019
vn -0.0650 -0.9979 0.0052
vn -0.3732 -0.7846 0.4951
vn -0.0835 -0.9965 0.0055
vn -0.1238 -0.9915 -0.0394
vn -0.0206 -0.9997 0.0121
vn 0.1612 0.9780 0.1325
vn 0.0928 0.9956 0.0083
vn -0.1746 0.9761 0.1297
vn -0.3145 0.9343 0.1679
vn -0.1051 0.9888 0.1058
vn -0.5023 0.8402 0.2042
vn -0.4057 0.5778 0.7082
vn 0.2301 0.9657 -0.1205
vn 0.0730 0.9973 -0.0032
vn 0.0965 0.9859 0.1365
vn 0.0995 0.9947 0.0262
vn 0.1051 0.9929 -0.0562
vn 0.2079 0.5850 -0.7839
vn 0.1048 0.9938 -0.0374
vn 0.1768 0.8362 -0.5191
vn -0.4334 -0.7606 0.4834
vn -0.0059 -0.5738 -0.8190
vn -0.0648 -0.9972 0.0372
vn -0.1374 -0.7012 -0.6996
vn 0.0967 0.9864 0.1327
vn -0.2019 -0.9390 -0.2784
vn -0.1029 -0.9946 -0.0118
vn -0.0958 -0.9952 0.0213
vn 0.1889 -0.7165 0.6715
vn -0.0493 -0.9981 0.0369
vn -0.0277 -0.9996 0.0113
vn 0.2345 -0.5679 0.7890
vn -0.0376 -0.9915 0.1249
vn 0.1128 0.9878 0.1077
vn -0.2965 0.7057 0.6435
vn -0.1870 -0.9771 0.1019
vn 0.1739 0.9830 -0.0593
vn -0.0249 -0.9967 0.0774
vn 0.0870 0.9957 0.0331
vn -0.0584 -0.9981 -0.0211
vn 0.0957 0.9950 -0.0270
vn 0.0850 0.9963 -0.0159
vn 0.0993 0.9947 -0.0253
vn 0.1071 0.9933 0.0433
vn 0.0693 0.9955 -0.0654
vn 0.1220 0.9921 -0.0279
vn 0.0569 0.9934 -0.0992
vn 0.2775 0.9072 -0.3162
vn 0.4412 0.5656 -0.6967
vn 0.0651 0.9942 0.0859
vn 0.0099 -0.7464 0.6654
vn -0.3365 -0.9417 0.0040
vn 0.3804 -0.3560 -0.8536
vn 0.1171 -0.8189 -0.5619
vn 0.0999 0.9934 0.0562
vn 0.1957 -0.7893 -0.5819
vn -0.0945 -0.9920 0.0841
vn -0.5299 -0.6458 0.5497
vn -0.0405 -0.9979 -0.0501
vn -0.0905 -0.9935 0.0688
vn -0.0734 -0.9933 0.0891
vn -0.6375 -0.4676 0.6123
vn -0.1150 -0.9930 0.0260
vn 0.1152 0.9927 0.0369
vn 0.1341 0.6718 0.7285
vn -0.0656 -0.9878 0.1415
vn 0.0651 0.9953 -0.0710
vn -0.0868 -0.9952 0.0453
vn 0.1093 0.9938 0.0214
vn -0.0927 -0.9919 0.0871
vn 0.1117 0.9935 -0.0236
vn 0.0860 0.9950 -0.0511
vn -0.0000 0.5366 -0.8439
vn -0.0919 0.5404 -0.8364
vn -0.0000 -0.8201 0.5722
vn -0.1217 -0.9904 0.0662
vn -0.1335 -0.9910 -0.0089
vn -0.0732 -0.9972 0.0114
vn -0.1092 -0.9899 0.0906
vn -0.1275 -0.9901 -0.0588
vn -0.0747 -0.9971 0.0168
vn -0.0866 -0.9959 -0.0254
vn -0.1128 -0.9935 0.0169
vn 0.0322 -0.9995 -0.0058
vn -0.0830 -0.9966 -0.0021
vn -0.2048 -0.9779 0.0414
vn -0.0825 -0.9958 0.0389
vn 0.0280 -0.9941 0.1049
vn -0.1235 -0.9920 -0.0263
vn -0.3765 -0.7356 0.5631
vn -0.4795 -0.6787 0.5563
vn -0.6502 -0.7535 -0.0973
vn -0.8783 -0.4659 -0.1077
vn -0.4538 -0.8911 0.0013
vn 0.3155 -0.9307 0.1849
vn 0.2074 -0.8955 0.3937
vn -0.0779 -0.8360 0.5432
vn 0.2867 -0.9180 0.2740
vn 0.0513 -0.9925 0.1112
vn -0.1107 -0.9931 0.0383
vn -0.0841 -0.9937 0.0736
vn 0.0902 0.9170 -0.3885
vn 0.2889 0.9530 0.0911
vn -0.2022 0.9786 0.0376
vn 0.5100 0.8346 -0.2082
vn -0.9499 -0.0846 -0.3008
vn 0.9568 -0.0021 -0.2907
vn -0.9298 -0.1531 -0.3346
vn 0.9416 -0.0702 -0.3293
vn -0.3574 -0.0963 -0.9290
vn 0.3818 -0.0640 -0.9220
vn 0.3742 -0.1851 -0.9087
vn -0.3453 -0.2180 -0.9128
vn -0.3333 -0.0027 0.9428
vn -0.8565 -0.0438 0.5143
vn 0.8584 0.0298 0.5122
vn 0.3400 0.0260 0.9401
vn -0.8763 -0.0499 0.4792
vn -0.3541 0.0197 0.9350
vn 0.3464 0.0494 0.9368
vn 0.8757 0.0253 0.4822
vn -0.2315 -0.8751 -0.4249
vn 0.3408 -0.8411 -0.4201
vn -0.6757 -0.7371 -0.0107
vn 0.7546 -0.6561 -0.0106
vn -0.2211 -0.4450 0.8678
vn -0.6029 -0.5616 0.5666
vn 0.6653 -0.4921 0.5614
vn 0.2727 -0.4175 0.8668
vn 0.0213 -0.3304 -0.9436
vn 0.7217 -0.4472 -0.5284
vn 0.2733 0.4472 -0.8517
vn 0.8944 0.4472 -0.0033
vn 0.8969 -0.4022 -0.1838
vn 0.5956 -0.6746 -0.4361
vn 0.3459 -0.3918 -0.8525
vn 0.9911 0.0853 0.1024
vn 0.9499 -0.0000 -0.3125
vn 0.5848 -0.0000 -0.8112
vn 0.1593 -0.0198 -0.9870
vn 0.8236 0.5057 0.2569
vn 0.0039 0.5057 -0.8627
vn 0.6863 0.5257 -0.5025
vn 0.6656 0.7345 -0.1322
vn 0.3270 0.7345 -0.5946
vn 0.0869 0.7985 0.5957
vn 0.7635 0.5426 -0.3502
vn 0.1865 -0.2250 0.9564
vn 0.9987 0.0011 -0.0505
vn -0.8607 0.5062 -0.0544
vn -0.1772 0.1715 -0.9691
vn -0.9378 -0.1661 0.3049
vn -0.2025 -0.1866 -0.9614
vn 0.1964 -0.9337 0.2993
vn -0.7025 -0.6858 -0.1901
vn -0.1380 -0.1885 -0.9723
vn 0.7780 -0.4443 -0.4441
vn 0.1551 0.7833 0.6020
vn 0.8425 0.4417 -0.3083
vn 0.1071 -0.2434 0.9640
vn 0.9923 -0.1240 0.0014
vn -0.7867 0.6097 -0.0973
vn -0.1039 0.1892 -0.9764
vn -0.9657 -0.0465 0.2553
vn -0.1741 -0.1629 -0.9712
vn 0.0623 -0.9500 0.3060
vn -0.7719 -0.5932 -0.2285
vn -0.1099 -0.1729 -0.9788
vn 0.7383 -0.5396 -0.4046
vn 0.1789 0.7758 0.6051
vn 0.8671 0.4033 -0.2924
vn 0.0781 -0.2476 0.9657
vn 0.9855 -0.1684 0.0198
vn -0.7566 0.6443 -0.1116
vn -0.0771 0.1933 -0.9781
vn -0.9714 -0.0030 0.2373
vn -0.1632 -0.1553 -0.9743
vn 0.0139 -0.9517 0.3067
vn -0.7934 -0.5581 -0.2430
vn -0.0993 -0.1682 -0.9807
vn 0.7208 -0.5724 -0.3910
vn 0.2241 0.7581 0.6124
vn 0.9092 0.3253 -0.2601
vn 0.0210 -0.2519 0.9675
vn 0.9656 -0.2541 0.0553
vn -0.6926 0.7080 -0.1380
vn -0.0243 0.1977 -0.9800
vn -0.9759 0.0825 0.2018
vn -0.1406 -0.1420 -0.9798
vn -0.0808 -0.9488 0.3055
vn -0.8299 -0.4868 -0.2726
vn -0.0779 -0.1604 -0.9840
vn 0.6815 -0.6340 -0.3655
vn 0.9499 -0.0846 -0.3008
vn -0.9568 -0.0021 -0.2907
vn 0.9298 -0.1531 -0.3346
vn -0.9416 -0.0702 -0.3293
vn 0.3574 -0.0963 -0.9290
vn -0.3818 -0.0640 -0.9220
vn -0.3742 -0.1851 -0.9087
vn 0.3453 -0.2180 -0.9128
vn 0.3333 -0.0027 0.9428
vn 0.8565 -0.0438 0.5143
vn -0.8584 0.0298 0.5122
vn -0.3400 0.0260 0.9401
vn 0.8763 -0.0499 0.4792
vn 0.3541 0.0197 0.9350
vn -0.3464 0.0494 0.9368
vn -0.8757 0.0253 0.4822
vn 0.2315 -0.8751 -0.4249
vn -0.3408 -0.8411 -0.4201
vn 0.6757 -0.7371 -0.0107
vn -0.7546 -0.6561 -0.0106
vn 0.2211 -0.4450 0.8678
vn 0.6029 -0.5616 0.5666
vn -0.6653 -0.4921 0.5614
vn -0.2727 -0.4175 0.8668
vn -0.0213 -0.3304 -0.9436
vn -0.7217 -0.4472 -0.5284
vn -0.2733 0.4472 -0.8517
vn -0.8944 0.4472 -0.0033
vn -0.8969 -0.4022 -0.1838
vn -0.5956 -0.6746 -0.4361
vn -0.3459 -0.3918 -0.8525
vn -0.9911 0.0853 0.1024
vn -0.9499 -0.0000 -0.3125
vn -0.5848 -0.0000 -0.8112
vn -0.1593 -0.0198 -0.9870
vn -0.8236 0.5057 0.2569
vn -0.0039 0.5057 -0.8627
vn -0.6863 0.5257 -0.5025
vn -0.6656 0.7345 -0.1322
vn -0.3270 0.7345 -0.5946
vn -0.0869 0.7985 0.5957
vn -0.7635 0.5426 -0.3502
vn -0.1865 -0.2250 0.9564
vn -0.9987 0.0011 -0.0505
vn 0.8607 0.5062 -0.0544
vn 0.1772 0.1716 -0.9691
vn 0.9378 -0.1661 0.3049
vn 0.2025 -0.1866 -0.9614
vn -0.1964 -0.9337 0.2993
vn 0.7025 -0.6858 -0.1901
vn 0.1380 -0.1884 -0.9723
vn -0.7780 -0.4443 -0.4441
vn -0.1551 0.7833 0.6020
vn -0.8425 0.4417 -0.3083
vn -0.1071 -0.2434 0.9640
vn -0.9923 -0.1240 0.0014
vn 0.7867 0.6097 -0.0973
vn 0.1039 0.1892 -0.9764
vn 0.9657 -0.0465 0.2553
vn 0.1741 -0.1629 -0.9712
vn -0.0623 -0.9500 0.3060
vn 0.7719 -0.5932 -0.2285
vn 0.1099 -0.1729 -0.9788
vn -0.7383 -0.5396 -0.4046
vn -0.1789 0.7758 0.6051
vn -0.8671 0.4033 -0.2924
vn -0.0781 -0.2476 0.9657
vn -0.9855 -0.1684 0.0198
vn 0.7566 0.6443 -0.1116
vn 0.0771 0.1933 -0.9781
vn 0.9714 -0.0030 0.2373
vn 0.1632 -0.1553 -0.9743
vn -0.0139 -0.9517 0.3067
vn 0.7934 -0.5581 -0.2430
vn 0.0993 -0.1682 -0.9807
vn -0.7208 -0.5724 -0.3910
vn -0.2241 0.7581 0.6124
vn -0.9092 0.3253 -0.2601
vn -0.0210 -0.2519 0.9675
vn -0.9656 -0.2541 0.0553
vn 0.6926 0.7080 -0.1380
vn 0.0243 0.1977 -0.9800
vn 0.9759 0.0825 0.2018
vn 0.1406 -0.1420 -0.9798
vn 0.0808 -0.9488 0.3055
vn 0.8299 -0.4868 -0.2726
vn 0.0779 -0.1604 -0.9840
vn -0.6815 -0.6340 -0.3655
vn 0.0257 0.4198 -0.9072
vn 0.6554 0.7277 -0.2023
vn 0.1117 0.0764 -0.9908
vn 0.9255 0.2697 -0.2660
vn -0.0958 0.4283 0.8986
vn -0.9444 0.2872 0.1603
vn -0.0833 0.8702 0.4856
vn -0.6384 0.7676 0.0569
vn 0.6838 0.3610 0.6341
vn 0.5208 0.7157 0.4654
vn -0.7510 0.0759 -0.6559
vn -0.5328 0.6792 -0.5049
vn 0.8035 0.4340 -0.4075
vn 0.5756 0.6847 0.4471
vn 0.8828 -0.0329 -0.4687
vn 0.7640 0.2883 0.5773
vn -0.9229 0.2699 0.2747
vn -0.5502 -0.0571 -0.8331
vn -0.4884 0.8722 0.0274
vn -0.3587 0.5973 -0.7173
vn -0.3054 0.3718 0.8767
vn -0.1350 0.7910 0.5967
vn 0.2670 -0.1781 -0.9471
vn 0.3242 0.3883 -0.8626
vn 0.8830 -0.0082 -0.4693
vn 0.6379 0.2757 0.7191
vn -0.9300 0.2436 0.2753
vn -0.6008 0.0317 -0.7988
vn -0.3430 0.2896 0.8936
vn 0.2561 -0.0979 -0.9617
vn -0.2615 0.6459 0.7173
vn -0.5769 0.7956 -0.1848
vn -0.4232 0.3732 0.8256
vn -0.8959 0.4237 -0.1335
vn 0.4289 0.2504 -0.8679
vn 0.9572 0.2598 0.1273
vn 0.3334 0.7470 -0.5752
vn 0.6826 0.7308 0.0075
vn -0.3863 0.2754 -0.8803
vn -0.2475 0.6351 -0.7317
vn 0.4846 0.2481 0.8388
vn 0.3932 0.7741 0.4962
vn -0.3837 0.8582 0.3409
vn -0.5559 0.5420 -0.6302
vn -0.5078 0.5737 0.6426
vn -0.8473 0.2400 -0.4738
vn 0.5880 0.1141 -0.8008
vn 0.6493 0.5469 0.5284
vn 0.4119 0.5488 -0.7275
vn 0.6019 0.7710 0.2080
vn -0.8639 0.0647 -0.4994
vn -0.4888 0.4573 0.7430
vn -0.5617 0.5396 -0.6272
vn -0.3905 0.8241 0.4103
vn 0.5516 0.1252 -0.8246
vn 0.6555 0.5192 0.5484
vn 0.4224 0.5545 -0.7170
vn 0.5659 0.8126 0.1390
vn -0.8967 0.0214 -0.4421
vn -0.3274 0.3808 0.8647
vn -0.5996 0.5602 -0.5716
vn -0.3384 0.8055 0.4865
vn 0.5230 0.1318 -0.8421
vn 0.7738 0.3964 0.4940
vn 0.4111 0.5768 -0.7059
vn 0.6190 0.7659 0.1739
vn 0.5988 0.5391 0.5923
vn 0.5078 0.2642 -0.8199
vn 0.4791 0.8303 0.2849
vn 0.2667 0.5719 -0.7757
vn -0.7102 0.0852 0.6988
vn -0.7391 -0.0535 -0.6714
vn -0.4824 0.7647 0.4271
vn -0.6320 0.6663 -0.3957
vn 0.7584 0.2098 0.6171
vn 0.7397 0.0055 -0.6729
vn 0.4383 0.8417 0.3152
vn 0.3934 0.5885 -0.7064
vn -0.6636 0.1287 0.7369
vn -0.7943 -0.0733 -0.6030
vn -0.5364 0.7765 0.3308
vn -0.5598 0.6203 -0.5495
vn 0.6265 0.5707 0.5309
vn 0.4338 0.2558 -0.8639
vn -0.9191 0.0233 -0.3934
vn -0.6835 0.2537 0.6844
vn 0.7107 -0.2592 0.6540
vn 0.4998 -0.0975 -0.8606
vn -0.5775 -0.2788 0.7673
vn -0.5543 -0.1243 -0.8230
vn -0.8538 0.1075 -0.5095
vn -0.5139 0.4065 0.7554
vn 0.8325 0.3654 0.4164
vn 0.5376 0.1398 -0.8315
vn 0.7430 -0.3783 0.5522
vn 0.5470 -0.7676 -0.3341
vn 0.8516 -0.0779 0.5184
vn 0.7926 -0.3161 -0.5214
vn -0.8168 -0.4113 -0.4046
vn -0.6463 -0.1945 0.7379
vn -0.4401 -0.8902 -0.1176
vn -0.4165 -0.7067 0.5720
vn -0.1024 -0.4035 -0.9092
vn -0.0626 -0.7770 -0.6263
vn 0.1172 -0.0160 0.9930
vn 0.1083 -0.5978 0.7943
vn 0.7162 -0.5590 0.4178
vn 0.3321 -0.7896 -0.5161
vn 0.8807 -0.1596 0.4460
vn 0.5670 -0.4501 -0.6899
vn -0.8316 -0.5111 -0.2174
vn -0.1582 -0.1956 0.9678
vn -0.5295 -0.8456 -0.0682
vn -0.2026 -0.5530 0.8082
vn 0.5568 -0.4702 -0.6848
vn 0.8817 -0.1407 0.4504
vn 0.3659 -0.7823 -0.5041
vn 0.7655 -0.4675 0.4422
vn -0.8130 -0.5375 -0.2237
vn -0.1913 -0.1508 0.9699
vn -0.5202 -0.8519 -0.0598
vn -0.1621 -0.6333 0.7567
vn 0.5905 -0.1783 -0.7871
vn 0.7359 -0.0795 0.6724
vn 0.3489 -0.7254 -0.5933
vn 0.6354 -0.6051 0.4796
vn -0.8230 -0.3943 -0.4089
vn -0.3982 -0.2008 0.8950
vn -0.5982 -0.7712 -0.2179
vn -0.3538 -0.6572 0.6655
vn -0.0211 -0.0977 0.9950
vn -0.8421 -0.4969 -0.2099
vn -0.0961 -0.4987 0.8615
vn -0.4903 -0.8522 -0.1825
vn 0.9591 0.1814 0.2176
vn 0.3506 -0.2070 -0.9134
vn 0.8193 -0.4170 0.3935
vn 0.5243 -0.7812 -0.3390
vn -0.3065 0.0782 0.9487
vn -0.9315 -0.3521 -0.0914
vn 0.0042 -0.5582 0.8297
vn -0.4933 -0.8687 -0.0454
vn 0.9473 0.2028 0.2481
vn 0.3735 -0.2937 -0.8799
vn 0.8183 -0.4942 0.2934
vn 0.3937 -0.8149 -0.4254
vn -0.1591 -0.1675 0.9730
vn -0.7866 -0.5197 -0.3333
vn 0.5759 -0.2152 -0.7887
vn 0.9695 0.0797 0.2316
vn -0.3212 0.4650 0.8250
vn -0.8424 -0.3608 -0.4003
vn 0.8416 0.5101 0.1777
vn 0.1644 -0.3093 -0.9367
vn 0.5347 -0.2812 -0.7969
vn 0.8539 -0.1423 0.5006
vn -0.4896 -0.1962 0.8496
vn -0.8299 -0.3982 -0.3908
vn -0.8127 0.1362 -0.5665
vn -0.5762 0.4784 0.6627
vn 0.7623 0.4759 0.4388
vn 0.5600 0.1282 -0.8185
vn -0.1084 -0.6203 -0.7768
vn -0.7832 -0.6208 -0.0334
vn -0.1376 -0.2352 -0.9622
vn -0.9641 -0.1508 -0.2185
vn 0.0110 -0.1313 0.9913
vn 0.9052 -0.3045 0.2965
vn -0.0670 -0.6812 0.7290
vn 0.5200 -0.8010 0.2966
vn -0.7035 -0.0560 0.7085
vn -0.6064 -0.4443 0.6595
vn 0.7234 -0.2847 -0.6290
vn 0.4134 -0.8520 -0.3211
vn -0.0257 0.4198 -0.9072
vn -0.6554 0.7277 -0.2023
vn -0.1117 0.0764 -0.9908
vn -0.9255 0.2697 -0.2660
vn 0.0958 0.4283 0.8986
vn 0.9444 0.2872 0.1603
vn 0.0833 0.8702 0.4856
vn 0.6384 0.7676 0.0569
vn -0.6838 0.3610 0.6341
vn -0.5208 0.7157 0.4654
vn 0.7510 0.0759 -0.6559
vn 0.5328 0.6792 -0.5049
vn -0.8035 0.4340 -0.4075
vn -0.5756 0.6847 0.4471
vn -0.8828 -0.0329 -0.4687
vn -0.7640 0.2883 0.5773
vn 0.9229 0.2699 0.2747
vn 0.5502 -0.0571 -0.8331
vn 0.4884 0.8722 0.0274
vn 0.3587 0.5973 -0.7173
vn 0.3054 0.3718 0.8767
vn 0.1350 0.7910 0.5967
vn -0.2670 -0.1781 -0.9471
vn -0.3242 0.3883 -0.8626
vn -0.8830 -0.0082 -0.4693
vn -0.6379 0.2757 0.7191
vn 0.9300 0.2436 0.2753
vn 0.6008 0.0317 -0.7988
vn 0.3430 0.2896 0.8936
vn -0.2561 -0.0979 -0.9617
vn 0.2615 0.6459 0.7173
vn 0.5769 0.7956 -0.1848
vn 0.4232 0.3732 0.8256
vn 0.8959 0.4237 -0.1335
vn -0.4289 0.2504 -0.8679
vn -0.9572 0.2598 0.1273
vn -0.3333 0.7470 -0.5752
vn -0.6826 0.7308 0.0075
vn 0.3863 0.2754 -0.8803
vn 0.2475 0.6351 -0.7317
vn -0.4846 0.2481 0.8388
vn -0.3932 0.7741 0.4962
vn 0.3837 0.8582 0.3409
vn 0.5559 0.5420 -0.6302
vn 0.5078 0.5737 0.6426
vn 0.8473 0.2400 -0.4738
vn -0.5880 0.1141 -0.8008
vn -0.6493 0.5469 0.5284
vn -0.4119 0.5488 -0.7275
vn -0.6019 0.7710 0.2080
vn 0.8639 0.0647 -0.4994
vn 0.4888 0.4573 0.7430
vn 0.5617 0.5396 -0.6272
vn 0.3905 0.8241 0.4103
vn -0.5516 0.1252 -0.8246
vn -0.6555 0.5192 0.5484
vn -0.4224 0.5545 -0.7170
vn -0.5659 0.8126 0.1390
vn 0.8967 0.0214 -0.4421
vn 0.3274 0.3808 0.8647
vn 0.5996 0.5602 -0.5716
vn 0.3384 0.8055 0.4865
vn -0.5230 0.1318 -0.8421
vn -0.7738 0.3964 0.4940
vn -0.4111 0.5768 -0.7059
vn -0.6190 0.7659 0.1740
vn -0.5988 0.5391 0.5923
vn -0.5078 0.2642 -0.8199
vn -0.4791 0.8303 0.2849
vn -0.2667 0.5719 -0.7757
vn 0.7102 0.0852 0.6988
vn 0.7391 -0.0535 -0.6714
vn 0.4824 0.7647 0.4271
vn 0.6320 0.6663 -0.3957
vn -0.7584 0.2098 0.6171
vn -0.7397 0.0055 -0.6729
vn -0.4383 0.8417 0.3152
vn -0.3934 0.5885 -0.7064
vn 0.6636 0.1287 0.7369
vn 0.7943 -0.0733 -0.6030
vn 0.5364 0.7765 0.3308
vn 0.5598 0.6203 -0.5495
vn -0.6265 0.5707 0.5309
vn -0.4338 0.2558 -0.8639
vn 0.9191 0.0233 -0.3934
vn 0.6835 0.2537 0.6844
vn -0.7107 -0.2592 0.6540
vn -0.4998 -0.0975 -0.8606
vn 0.5775 -0.2788 0.7673
vn 0.5543 -0.1243 -0.8230
vn 0.8538 0.1075 -0.5095
vn 0.5139 0.4065 0.7554
vn -0.8325 0.3654 0.4164
vn -0.5376 0.1398 -0.8315
vn -0.7430 -0.3783 0.5522
vn -0.5470 -0.7676 -0.3341
vn -0.8516 -0.0779 0.5184
vn -0.7926 -0.3161 -0.5214
vn 0.8168 -0.4113 -0.4046
vn 0.6463 -0.1945 0.7379
vn 0.4401 -0.8902 -0.1176
vn 0.4165 -0.7067 0.5720
vn 0.1024 -0.4035 -0.9092
vn 0.0626 -0.7770 -0.6263
vn -0.1172 -0.0160 0.9930
vn -0.1083 -0.5978 0.7943
vn -0.7162 -0.5590 0.4178
vn -0.3321 -0.7896 -0.5161
vn -0.8807 -0.1596 0.4460
vn -0.5670 -0.4501 -0.6899
vn 0.8316 -0.5111 -0.2174
vn 0.1582 -0.1956 0.9678
vn 0.5295 -0.8456 -0.0682
vn 0.2026 -0.5530 0.8082
vn -0.5568 -0.4702 -0.6848
vn -0.8817 -0.1407 0.4504
vn -0.3659 -0.7823 -0.5041
vn -0.7655 -0.4675 0.4422
vn 0.8130 -0.5375 -0.2237
vn 0.1913 -0.1508 0.9699
vn 0.5202 -0.8519 -0.0598
vn 0.1621 -0.6334 0.7567
vn -0.5905 -0.1783 -0.7871
vn -0.7359 -0.0795 0.6724
vn -0.3489 -0.7254 -0.5933
vn -0.6354 -0.6051 0.4796
vn 0.8230 -0.3943 -0.4089
vn 0.3982 -0.2008 0.8950
vn 0.5982 -0.7712 -0.2179
vn 0.3538 -0.6572 0.6655
vn 0.0211 -0.0977 0.9950
vn 0.8421 -0.4969 -0.2099
vn 0.0961 -0.4987 0.8615
vn 0.4903 -0.8522 -0.1825
vn -0.9591 0.1814 0.2176
vn -0.3506 -0.2070 -0.9134
vn -0.8193 -0.4170 0.3935
vn -0.5243 -0.7812 -0.3390
vn 0.3065 0.0782 0.9487
vn 0.9315 -0.3521 -0.0914
vn -0.0042 -0.5582 0.8297
vn 0.4933 -0.8687 -0.0454
vn -0.9473 0.2028 0.2481
vn -0.3735 -0.2937 -0.8799
vn -0.8183 -0.4942 0.2934
vn -0.3937 -0.8149 -0.4254
vn 0.1591 -0.1675 0.9730
vn 0.7866 -0.5197 -0.3333
vn -0.5759 -0.2152 -0.7887
vn -0.9695 0.0797 0.2316
vn 0.3212 0.4650 0.8250
vn 0.8424 -0.3608 -0.4003
vn -0.8416 0.5101 0.1777
vn -0.1644 -0.3093 -0.9367
vn -0.5347 -0.2812 -0.7969
vn -0.8539 -0.1423 0.5006
vn 0.4896 -0.1962 0.8496
vn 0.8299 -0.3982 -0.3908
vn 0.8127 0.1362 -0.5665
vn 0.5762 0.4784 0.6627
vn -0.7623 0.4759 0.4388
vn -0.5600 0.1282 -0.8185
vn 0.1084 -0.6203 -0.7768
vn 0.7832 -0.6208 -0.0334
vn 0.1376 -0.2352 -0.9622
vn 0.9641 -0.1508 -0.2185
vn -0.0110 -0.1313 0.9913
vn -0.9052 -0.3045 0.2965
vn 0.0670 -0.6812 0.7290
vn -0.5200 -0.8010 0.2966
vn 0.7035 -0.0560 0.7085
vn 0.6064 -0.4443 0.6595
vn -0.7234 -0.2847 -0.6290
vn -0.4134 -0.8520 -0.3211
vt 0.449067 0.820531
vt 0.447429 0.817775
vt 0.447958 0.816552
vt 0.449882 0.819627
vt 0.450637 0.818990
vt 0.448923 0.815749
vt 0.450104 0.815169
vt 0.451509 0.818442
vt 0.468971 0.818929
vt 0.469082 0.821179
vt 0.461080 0.820770
vt 0.462145 0.818452
vt 0.452998 0.814806
vt 0.454687 0.815228
vt 0.454392 0.817619
vt 0.453526 0.817774
vt 0.325014 0.313487
vt 0.334387 0.330722
vt 0.305927 0.324985
vt 0.297903 0.302059
vt 0.336539 0.352508
vt 0.336675 0.375166
vt 0.315746 0.377442
vt 0.311592 0.351258
vt 0.336586 0.397901
vt 0.336337 0.421749
vt 0.321842 0.425390
vt 0.318663 0.401619
vt 0.335340 0.446637
vt 0.334150 0.469326
vt 0.325934 0.471834
vt 0.324307 0.449230
vt 0.651539 0.402264
vt 0.648313 0.406176
vt 0.629246 0.392367
vt 0.630223 0.387603
vt 0.333183 0.481055
vt 0.329089 0.500594
vt 0.326366 0.501841
vt 0.326467 0.482630
vt 0.366597 0.456037
vt 0.356272 0.472991
vt 0.348729 0.471090
vt 0.357132 0.452392
vt 0.389043 0.416612
vt 0.377896 0.436816
vt 0.366377 0.431966
vt 0.374844 0.410837
vt 0.408632 0.375962
vt 0.399721 0.396221
vt 0.382713 0.389791
vt 0.389291 0.369311
vt 0.420298 0.340348
vt 0.416276 0.356299
vt 0.394264 0.349740
vt 0.394363 0.336738
vt 0.204941 0.361274
vt 0.227502 0.354645
vt 0.230430 0.373320
vt 0.207775 0.378608
vt 0.147229 0.364926
vt 0.182330 0.367865
vt 0.185057 0.383882
vt 0.149942 0.380869
vt 0.115609 0.357958
vt 0.118431 0.374067
vt 0.210580 0.394991
vt 0.233611 0.391088
vt 0.237071 0.408465
vt 0.213563 0.411157
vt 0.152362 0.395956
vt 0.187498 0.398900
vt 0.189974 0.413857
vt 0.154718 0.410983
vt 0.121642 0.389926
vt 0.124676 0.405986
vt 0.217195 0.427853
vt 0.241623 0.426537
vt 0.246171 0.444806
vt 0.220705 0.444296
vt 0.156962 0.426388
vt 0.192665 0.429163
vt 0.195114 0.443782
vt 0.159195 0.440856
vt 0.127698 0.422399
vt 0.131023 0.438074
vt 0.350294 0.482898
vt 0.341267 0.501691
vt 0.338612 0.499744
vt 0.344471 0.481066
vt 0.225202 0.477131
vt 0.250977 0.485566
vt 0.251431 0.496069
vt 0.226018 0.486346
vt 0.165409 0.460172
vt 0.199279 0.468623
vt 0.200508 0.476596
vt 0.167744 0.467599
vt 0.072325 0.395489
vt 0.060438 0.405860
vt 0.053191 0.390425
vt 0.066128 0.378625
vt 0.061870 0.357740
vt 0.048025 0.368719
vt 0.045006 0.348840
vt 0.059086 0.337990
vt 0.084683 0.428300
vt 0.073099 0.437452
vt 0.067580 0.420597
vt 0.079350 0.410952
vt 0.141679 0.461168
vt 0.145219 0.468255
vt 0.314862 0.452541
vt 0.311188 0.428031
vt 0.307670 0.404043
vt 0.303251 0.379650
vt 0.297896 0.353283
vt 0.291827 0.326189
vt 0.253214 0.332880
vt 0.255524 0.353369
vt 0.259161 0.374041
vt 0.263353 0.394600
vt 0.268634 0.416501
vt 0.274045 0.439061
vt 0.106435 0.473245
vt 0.093010 0.481094
vt 0.090332 0.476758
vt 0.103614 0.469142
vt 0.097699 0.458885
vt 0.085374 0.467215
vt 0.079046 0.454119
vt 0.090718 0.445151
vt 0.343853 0.326385
vt 0.356119 0.337820
vt 0.375044 0.343947
vt 0.369445 0.330733
vt 0.443755 0.340971
vt 0.440038 0.363114
vt 0.356016 0.357809
vt 0.353501 0.378925
vt 0.368442 0.384377
vt 0.373169 0.363565
vt 0.430687 0.383885
vt 0.419165 0.403770
vt 0.350350 0.401106
vt 0.346788 0.424150
vt 0.356452 0.427999
vt 0.362773 0.405985
vt 0.405320 0.423280
vt 0.390718 0.442294
vt 0.342791 0.447879
vt 0.338886 0.470001
vt 0.200845 0.482296
vt 0.168838 0.475077
vt 0.225695 0.491975
vt 0.326484 0.517141
vt 0.319217 0.517279
vt 0.319664 0.503526
vt 0.115143 0.489650
vt 0.132933 0.479400
vt 0.135800 0.491054
vt 0.118540 0.499701
vt 0.286301 0.505747
vt 0.285831 0.511318
vt 0.250510 0.501663
vt 0.224986 0.497361
vt 0.249496 0.505359
vt 0.285252 0.514102
vt 0.487650 0.816020
vt 0.487819 0.817865
vt 0.147546 0.476658
vt 0.129077 0.470808
vt 0.198654 0.489445
vt 0.169944 0.485101
vt 0.112094 0.482261
vt 0.101880 0.500655
vt 0.098129 0.491414
vt 0.120834 0.510618
vt 0.105573 0.517220
vt 0.104329 0.508986
vt 0.149900 0.487552
vt 0.151519 0.502216
vt 0.138722 0.505379
vt 0.197458 0.499467
vt 0.170704 0.500115
vt 0.223553 0.504489
vt 0.283677 0.519442
vt 0.247914 0.509712
vt 0.305368 0.519344
vt 0.304411 0.524146
vt 0.501464 0.415278
vt 0.489587 0.425431
vt 0.479938 0.422305
vt 0.496854 0.411443
vt 0.536383 0.385549
vt 0.517218 0.402549
vt 0.513602 0.398929
vt 0.532758 0.383104
vt 0.547399 0.369716
vt 0.545835 0.369535
vt 0.551691 0.361536
vt 0.550395 0.361416
vt 0.493061 0.403610
vt 0.476905 0.411204
vt 0.474769 0.398190
vt 0.489875 0.393577
vt 0.529370 0.379791
vt 0.510231 0.393187
vt 0.506935 0.386649
vt 0.526189 0.376249
vt 0.543643 0.368376
vt 0.540953 0.366506
vt 0.548381 0.360649
vt 0.546579 0.359654
vt 0.487539 0.381130
vt 0.472972 0.381581
vt 0.471450 0.365200
vt 0.485122 0.368230
vt 0.523391 0.372260
vt 0.504117 0.379254
vt 0.501261 0.370711
vt 0.520581 0.367244
vt 0.538648 0.364279
vt 0.536407 0.361470
vt 0.545166 0.358420
vt 0.543261 0.356429
vt 0.919905 0.429244
vt 0.922786 0.436172
vt 0.904473 0.441816
vt 0.900958 0.434414
vt 0.470425 0.355132
vt 0.482363 0.356668
vt 0.498192 0.358890
vt 0.517628 0.359309
vt 0.534122 0.356996
vt 0.482162 0.347008
vt 0.471340 0.344437
vt 0.472286 0.334985
vt 0.481987 0.340285
vt 0.515515 0.352975
vt 0.496615 0.349727
vt 0.494400 0.346208
vt 0.513794 0.349631
vt 0.533143 0.353309
vt 0.532671 0.350604
vt 0.540329 0.351007
vt 0.540086 0.349176
vt 0.541056 0.353435
vt 0.544804 0.347923
vt 0.548088 0.344181
vt 0.549173 0.344328
vt 0.545865 0.349195
vt 0.549082 0.351876
vt 0.551900 0.345414
vt 0.552758 0.346258
vt 0.550342 0.352858
vt 0.551719 0.353787
vt 0.553564 0.347325
vt 0.554410 0.348432
vt 0.553031 0.354555
vt 0.326954 0.523433
vt 0.319184 0.523060
vt 0.604775 0.946699
vt 0.648279 0.962426
vt 0.651312 0.966082
vt 0.602623 0.951419
vt 0.449865 0.476226
vt 0.415640 0.491839
vt 0.413271 0.487969
vt 0.447552 0.472633
vt 0.550792 0.344733
vt 0.547709 0.350756
vt 0.550667 0.925367
vt 0.566968 0.932070
vt 0.565902 0.935227
vt 0.549934 0.927761
vt 0.494044 0.893373
vt 0.506832 0.900474
vt 0.505922 0.902158
vt 0.492461 0.895279
vt 0.481460 0.880486
vt 0.480229 0.881600
vt 0.462770 0.861335
vt 0.461326 0.862130
vt 0.452060 0.843020
vt 0.450920 0.843330
vt 0.448435 0.835124
vt 0.447508 0.835349
vt 0.367576 0.511959
vt 0.368655 0.507442
vt 0.446770 0.418977
vt 0.452247 0.402763
vt 0.456554 0.384433
vt 0.460009 0.367412
vt 0.465080 0.468393
vt 0.464357 0.464841
vt 0.518872 0.427550
vt 0.506971 0.437541
vt 0.505623 0.435243
vt 0.516598 0.425671
vt 0.531396 0.413773
vt 0.529426 0.412441
vt 0.548330 0.391975
vt 0.546743 0.390964
vt 0.556182 0.371550
vt 0.554866 0.371251
vt 0.559037 0.362908
vt 0.557852 0.362827
vt 0.367739 0.501270
vt 0.411710 0.482088
vt 0.461060 0.342494
vt 0.461739 0.328477
vt 0.445880 0.468184
vt 0.463326 0.459688
vt 0.502654 0.432679
vt 0.513510 0.423300
vt 0.525685 0.409459
vt 0.543391 0.389437
vt 0.552741 0.370930
vt 0.556033 0.362591
vt 0.460419 0.357856
vt 0.446510 0.819790
vt 0.446999 0.818937
vt 0.448307 0.821450
vt 0.447790 0.822042
vt 0.800460 0.780560
vt 0.799818 0.777267
vt 0.825171 0.780923
vt 0.826558 0.784112
vt 0.506303 0.809739
vt 0.506711 0.811486
vt 0.526834 0.795754
vt 0.528443 0.798767
vt 0.519106 0.805313
vt 0.518323 0.802578
vt 0.458447 0.816931
vt 0.456810 0.818968
vt 0.552835 0.778573
vt 0.553741 0.783807
vt 0.545220 0.785290
vt 0.544198 0.779593
vt 0.692541 0.970985
vt 0.701249 0.970744
vt 0.702380 0.974725
vt 0.694181 0.975540
vt 0.862605 0.776808
vt 0.863789 0.779178
vt 0.713891 0.725656
vt 0.713136 0.729635
vt 0.702837 0.733244
vt 0.702509 0.730419
vt 0.680630 0.747967
vt 0.682557 0.744631
vt 0.703436 0.978825
vt 0.694988 0.981121
vt 0.770820 0.941188
vt 0.770166 0.946761
vt 0.733774 0.957677
vt 0.732594 0.953098
vt 0.801419 0.931937
vt 0.796482 0.940285
vt 0.862443 0.916554
vt 0.853629 0.932469
vt 0.824343 0.935104
vt 0.831412 0.922808
vt 0.886174 0.914992
vt 0.875719 0.930444
vt 0.926705 0.917485
vt 0.918361 0.937088
vt 0.894487 0.927966
vt 0.906110 0.912195
vt 0.909408 0.950594
vt 0.902669 0.957261
vt 0.884668 0.951187
vt 0.886651 0.946954
vt 0.773330 0.954959
vt 0.773954 0.958047
vt 0.737809 0.968311
vt 0.736385 0.964047
vt 0.852455 0.951766
vt 0.825567 0.953380
vt 0.825265 0.948984
vt 0.851987 0.947023
vt 0.691034 0.966544
vt 0.700098 0.966600
vt 0.771766 0.951829
vt 0.735255 0.961350
vt 0.850905 0.938413
vt 0.823739 0.942494
vt 0.913691 0.943476
vt 0.889085 0.937530
vt 0.796922 0.946527
vt 0.690894 0.961446
vt 0.699455 0.961867
vt 0.798202 0.951154
vt 0.798745 0.954681
vt 0.872772 0.937188
vt 0.303990 0.490361
vt 0.285708 0.492893
vt 0.284287 0.483614
vt 0.301970 0.479931
vt 0.135185 0.449273
vt 0.161552 0.449943
vt 0.163735 0.456657
vt 0.139139 0.457591
vt 0.196997 0.454683
vt 0.198382 0.463636
vt 0.222998 0.458728
vt 0.248803 0.462718
vt 0.250495 0.478469
vt 0.224542 0.471109
vt 0.279385 0.462191
vt 0.871458 0.950720
vt 0.872074 0.946074
vt 0.703597 0.786976
vt 0.692018 0.787706
vt 0.693322 0.769650
vt 0.705326 0.769115
vt 0.926844 0.959080
vt 0.932627 0.951812
vt 0.937634 0.943063
vt 0.917332 0.966420
vt 0.941207 0.923493
vt 0.115840 0.449535
vt 0.109989 0.435834
vt 0.124403 0.464144
vt 0.121337 0.460121
vt 0.105523 0.418897
vt 0.101671 0.401525
vt 0.091054 0.351455
vt 0.083097 0.334946
vt 0.097959 0.384480
vt 0.093971 0.367777
vt 0.714792 0.966970
vt 0.713526 0.963019
vt 0.318430 0.485287
vt 0.317572 0.474669
vt 0.715936 0.970199
vt 0.717362 0.974637
vt 0.712612 0.958114
vt 0.606804 0.781050
vt 0.606542 0.782217
vt 0.576006 0.785428
vt 0.575362 0.784049
vt 0.318480 0.526892
vt 0.306590 0.508263
vt 0.305836 0.515866
vt 0.269294 0.315089
vt 0.272396 0.337597
vt 0.276628 0.361421
vt 0.280828 0.385008
vt 0.285980 0.408853
vt 0.291453 0.433049
vt 0.297044 0.457457
vt 0.897715 0.779270
vt 0.923025 0.773689
vt 0.923982 0.790370
vt 0.898722 0.794591
vt 0.828911 0.790564
vt 0.864324 0.786395
vt 0.866065 0.800473
vt 0.830488 0.805656
vt 0.741114 0.768319
vt 0.775911 0.786546
vt 0.776355 0.806740
vt 0.739379 0.790569
vt 0.691692 0.955898
vt 0.699589 0.957763
vt 0.899007 0.803818
vt 0.923143 0.800511
vt 0.922304 0.810605
vt 0.899368 0.812959
vt 0.832656 0.814036
vt 0.867604 0.808768
vt 0.869172 0.816985
vt 0.834797 0.822372
vt 0.739892 0.804655
vt 0.777774 0.817240
vt 0.779153 0.827729
vt 0.740288 0.818656
vt 0.696557 0.875045
vt 0.688639 0.877923
vt 0.688682 0.855477
vt 0.697814 0.852549
vt 0.900094 0.825540
vt 0.921475 0.824582
vt 0.920843 0.835937
vt 0.900779 0.836013
vt 0.837334 0.833610
vt 0.871323 0.828198
vt 0.873147 0.837775
vt 0.839693 0.843266
vt 0.741281 0.837644
vt 0.781565 0.841438
vt 0.784149 0.853078
vt 0.742320 0.854033
vt 0.710745 0.744511
vt 0.697972 0.746333
vt 0.900305 0.846267
vt 0.918882 0.846613
vt 0.916368 0.858738
vt 0.899032 0.857932
vt 0.842328 0.853213
vt 0.874331 0.847405
vt 0.874458 0.858698
vt 0.843400 0.865091
vt 0.743504 0.870416
vt 0.787725 0.864846
vt 0.788582 0.880576
vt 0.743481 0.890645
vt 0.692348 0.945797
vt 0.690794 0.928444
vt 0.697780 0.930845
vt 0.700555 0.949750
vt 0.896522 0.875273
vt 0.912794 0.876264
vt 0.911400 0.887757
vt 0.895280 0.885516
vt 0.839205 0.881944
vt 0.871708 0.875300
vt 0.869848 0.883994
vt 0.835238 0.892495
vt 0.738000 0.923660
vt 0.779958 0.908414
vt 0.773761 0.927099
vt 0.733811 0.945051
vt 0.810129 0.895203
vt 0.804989 0.910143
vt 0.814979 0.858976
vt 0.815928 0.872776
vt 0.809376 0.837426
vt 0.811848 0.848111
vt 0.805131 0.815567
vt 0.806898 0.824951
vt 0.801540 0.789406
vt 0.803334 0.806172
vt 0.713304 0.929935
vt 0.712825 0.949548
vt 0.715816 0.872880
vt 0.715355 0.895998
vt 0.716771 0.833068
vt 0.716074 0.853034
vt 0.717533 0.793202
vt 0.717338 0.809695
vt 0.721174 0.753575
vt 0.717495 0.776802
vt 0.639289 0.912099
vt 0.650046 0.904149
vt 0.664348 0.920683
vt 0.658057 0.927889
vt 0.657490 0.898730
vt 0.664780 0.893732
vt 0.672875 0.911260
vt 0.668857 0.915359
vt 0.670040 0.889405
vt 0.678547 0.884209
vt 0.681884 0.904187
vt 0.676447 0.907850
vt 0.604446 0.878690
vt 0.622156 0.869155
vt 0.636021 0.887373
vt 0.622093 0.896098
vt 0.635840 0.861465
vt 0.647175 0.855257
vt 0.655936 0.875344
vt 0.646572 0.881005
vt 0.658597 0.849025
vt 0.671612 0.841339
vt 0.674892 0.863418
vt 0.664559 0.870111
vt 0.572010 0.837639
vt 0.598189 0.831024
vt 0.607204 0.847016
vt 0.583452 0.856391
vt 0.617566 0.822154
vt 0.633092 0.814821
vt 0.638116 0.831525
vt 0.624310 0.838471
vt 0.648666 0.807467
vt 0.667788 0.798137
vt 0.669195 0.816070
vt 0.652105 0.824603
vt 0.556314 0.801199
vt 0.580491 0.796418
vt 0.589012 0.815038
vt 0.564398 0.824706
vt 0.606822 0.789893
vt 0.630721 0.781501
vt 0.628027 0.798039
vt 0.610773 0.805792
vt 0.650822 0.771945
vt 0.673701 0.759102
vt 0.666551 0.780087
vt 0.645175 0.790190
vt 0.701775 0.804920
vt 0.699186 0.830067
vt 0.695888 0.899444
vt 0.689642 0.901358
vt 0.689649 0.832213
vt 0.690770 0.805944
vt 0.327097 0.527353
vt 0.743704 0.752727
vt 0.742751 0.755011
vt 0.723756 0.739431
vt 0.724345 0.736540
vt 0.283111 0.302388
vt 0.547347 0.802596
vt 0.555381 0.828524
vt 0.556687 0.835975
vt 0.656096 0.930568
vt 0.636290 0.914232
vt 0.471863 0.460027
vt 0.470780 0.454532
vt 0.472849 0.464360
vt 0.543148 0.922199
vt 0.541652 0.924774
vt 0.343021 0.470786
vt 0.349444 0.450371
vt 0.376109 0.459778
vt 0.363118 0.475454
vt 0.336748 0.480788
vt 0.332269 0.498471
vt 0.335573 0.498629
vt 0.339804 0.481053
vt 0.355401 0.485505
vt 0.342369 0.505990
vt 0.380505 0.461877
vt 0.367407 0.478051
vt 0.410254 0.425483
vt 0.395164 0.444376
vt 0.437867 0.386118
vt 0.424958 0.406015
vt 0.452381 0.341033
vt 0.449839 0.365150
vt 0.678355 0.941831
vt 0.676862 0.948216
vt 0.890939 0.898154
vt 0.911045 0.896357
vt 0.836417 0.907612
vt 0.867948 0.898024
vt 0.804551 0.920839
vt 0.732469 0.950303
vt 0.771965 0.935533
vt 0.712407 0.955099
vt 0.331615 0.516229
vt 0.360166 0.488190
vt 0.346180 0.508797
vt 0.342024 0.515623
vt 0.338988 0.512292
vt 0.452916 0.322484
vt 0.390939 0.460565
vt 0.379685 0.475794
vt 0.625205 0.914155
vt 0.607573 0.898801
vt 0.617699 0.898985
vt 0.599740 0.881441
vt 0.591441 0.882085
vt 0.575754 0.865296
vt 0.578523 0.859499
vt 0.442720 0.387074
vt 0.431823 0.406005
vt 0.562161 0.849119
vt 0.450527 0.372241
vt 0.418375 0.425787
vt 0.536211 0.787135
vt 0.537522 0.791335
vt 0.427583 0.449015
vt 0.404569 0.444045
vt 0.441381 0.434501
vt 0.417327 0.466656
vt 0.374836 0.484296
vt 0.420370 0.459630
vt 0.399293 0.078116
vt 0.396263 0.085895
vt 0.387401 0.084999
vt 0.390422 0.071412
vt 0.483411 0.446147
vt 0.484225 0.450419
vt 0.484923 0.453435
vt 0.529550 0.914880
vt 0.530155 0.913045
vt 0.460855 0.446369
vt 0.460927 0.442986
vt 0.467715 0.440453
vt 0.468743 0.443219
vt 0.478093 0.434912
vt 0.472105 0.433079
vt 0.454021 0.439508
vt 0.448541 0.446737
vt 0.446240 0.457145
vt 0.446626 0.452717
vt 0.461148 0.449833
vt 0.461853 0.452783
vt 0.481793 0.441127
vt 0.470070 0.448705
vt 0.469507 0.446071
vt 0.480332 0.438110
vt 0.522061 0.406459
vt 0.508714 0.420175
vt 0.505867 0.418357
vt 0.520444 0.405234
vt 0.554057 0.355065
vt 0.555034 0.349404
vt 0.555239 0.350402
vt 0.555178 0.355476
vt 0.553603 0.361890
vt 0.550073 0.370140
vt 0.549024 0.369887
vt 0.552826 0.361717
vt 0.539597 0.387411
vt 0.538475 0.386768
vt 0.497610 0.430887
vt 0.494423 0.428281
vt 0.508208 0.881329
vt 0.512237 0.876799
vt 0.530053 0.885296
vt 0.520682 0.890020
vt 0.469141 0.856294
vt 0.472606 0.853526
vt 0.494037 0.866697
vt 0.490821 0.870852
vt 0.455740 0.842388
vt 0.458007 0.841392
vt 0.450948 0.834529
vt 0.451968 0.834059
vt 0.514928 0.868692
vt 0.516786 0.858482
vt 0.532199 0.861242
vt 0.531637 0.874191
vt 0.475685 0.849909
vt 0.478491 0.845928
vt 0.499063 0.853732
vt 0.496623 0.860642
vt 0.460456 0.839801
vt 0.462727 0.837831
vt 0.453671 0.833063
vt 0.455896 0.831750
vt 0.517626 0.845899
vt 0.518494 0.832859
vt 0.531663 0.828366
vt 0.532125 0.844664
vt 0.480812 0.841550
vt 0.482964 0.836197
vt 0.502726 0.837179
vt 0.500919 0.846012
vt 0.464623 0.835494
vt 0.466466 0.832479
vt 0.457843 0.830071
vt 0.459429 0.828066
vt 0.519900 0.821046
vt 0.531594 0.818270
vt 0.484954 0.827823
vt 0.504476 0.825131
vt 0.468265 0.827797
vt 0.519208 0.811273
vt 0.529726 0.807351
vt 0.486563 0.821297
vt 0.505384 0.815679
vt 0.468987 0.823962
vt 0.461178 0.822569
vt 0.460946 0.825076
vt 0.456370 0.820177
vt 0.455742 0.821567
vt 0.452660 0.818029
vt 0.452927 0.824398
vt 0.451710 0.825414
vt 0.450204 0.826443
vt 0.448803 0.827347
vt 0.454174 0.823206
vt 0.554914 0.863436
vt 0.562156 0.878618
vt 0.543160 0.829354
vt 0.548763 0.845637
vt 0.539832 0.804447
vt 0.541655 0.819959
vt 0.585113 0.907417
vt 0.568735 0.893216
vt 0.597124 0.920001
vt 0.647104 0.932842
vt 0.650946 0.945542
vt 0.621961 0.933796
vt 0.549945 0.909542
vt 0.541837 0.907501
vt 0.543208 0.902451
vt 0.549143 0.904097
vt 0.532869 0.898267
vt 0.538182 0.895570
vt 0.556031 0.899982
vt 0.562726 0.907382
vt 0.567487 0.925722
vt 0.549109 0.921541
vt 0.549237 0.915418
vt 0.565363 0.916353
vt 0.528548 0.909584
vt 0.529560 0.904240
vt 0.541121 0.912641
vt 0.541713 0.917154
vt 0.597578 0.934176
vt 0.483463 0.879311
vt 0.486971 0.875451
vt 0.502276 0.887116
vt 0.497423 0.891047
vt 0.448110 0.827744
vt 0.447469 0.828015
vt 0.447548 0.822520
vt 0.464341 0.859949
vt 0.453181 0.842874
vt 0.454001 0.842984
vt 0.465899 0.858786
vt 0.514462 0.894909
vt 0.508275 0.898456
vt 0.548567 0.343025
vt 0.547105 0.344603
vt 0.547172 0.343800
vt 0.552566 0.343856
vt 0.551422 0.343226
vt 0.554219 0.345830
vt 0.553500 0.344685
vt 0.549745 0.342971
vt 0.556362 0.355705
vt 0.558487 0.355844
vt 0.557777 0.355857
vt 0.559302 0.355801
vt 0.446294 0.828684
vt 0.445520 0.828788
vt 0.544120 0.346982
vt 0.449203 0.835023
vt 0.446967 0.828392
vt 0.449964 0.834895
vt 0.555286 0.347793
vt 0.555907 0.349800
vt 0.557346 0.350135
vt 0.558036 0.350717
vt 0.446721 0.823933
vt 0.447215 0.823136
vt 0.446275 0.823852
vt 0.556783 0.349282
vt 0.446041 0.822995
vt 0.446167 0.821927
vt 0.652705 0.954310
vt 0.651839 0.958729
vt 0.622878 0.949300
vt 0.621626 0.941834
vt 0.146162 0.181375
vt 0.158684 0.185204
vt 0.157717 0.192265
vt 0.143791 0.192858
vt 0.122249 0.162275
vt 0.149242 0.169759
vt 0.120057 0.176366
vt 0.117995 0.192428
vt 0.094733 0.191911
vt 0.094757 0.172917
vt 0.163463 0.178565
vt 0.144521 0.203758
vt 0.119655 0.208103
vt 0.099753 0.211567
vt 0.017514 0.471394
vt 0.037271 0.477087
vt 0.033555 0.492415
vt 0.021881 0.492415
vt 0.159849 0.198628
vt 0.162757 0.203064
vt 0.148913 0.213482
vt 0.121708 0.222304
vt 0.097222 0.222391
vt 0.165699 0.191599
vt 0.167322 0.194630
vt 0.098467 0.158856
vt 0.169277 0.185802
vt 0.171744 0.188695
vt 0.170240 0.190107
vt 0.166319 0.188244
vt 0.169234 0.196794
vt 0.034739 0.397297
vt 0.031858 0.397532
vt 0.031857 0.394601
vt 0.034298 0.394900
vt 0.169587 0.191604
vt 0.170361 0.192954
vt 0.171744 0.194315
vt 0.335186 0.522829
vt 0.338334 0.527353
vt 0.896448 0.767656
vt 0.898061 0.769376
vt 0.349599 0.517244
vt 0.350927 0.518592
vt 0.343808 0.522871
vt 0.375883 0.070402
vt 0.376017 0.087292
vt 0.684579 0.984359
vt 0.684123 0.975408
vt 0.361187 0.097508
vt 0.370403 0.098039
vt 0.373566 0.103824
vt 0.367142 0.109155
vt 0.361564 0.091265
vt 0.361187 0.078297
vt 0.669041 0.972604
vt 0.670822 0.969285
vt 0.677965 0.966806
vt 0.675463 0.953596
vt 0.675784 0.960065
vt 0.678907 0.923320
vt 0.676215 0.926016
vt 0.678698 0.933891
vt 0.682023 0.920779
vt 0.684905 0.918659
vt 0.684917 0.926695
vt 0.681975 0.928519
vt 0.204007 0.349019
vt 0.226422 0.339989
vt 0.225448 0.346719
vt 0.202713 0.354608
vt 0.775536 0.770501
vt 0.776060 0.772757
vt 0.254756 0.318709
vt 0.254513 0.322595
vt 0.635383 0.773973
vt 0.636942 0.770857
vt 0.659455 0.760094
vt 0.656919 0.763985
vt 0.361200 0.321665
vt 0.362542 0.325318
vt 0.338100 0.318164
vt 0.337802 0.314199
vt 0.392012 0.328373
vt 0.392164 0.330324
vt 0.975110 0.716029
vt 0.966955 0.733539
vt 0.973542 0.715119
vt 0.669959 0.195730
vt 0.680190 0.195898
vt 0.679845 0.204380
vt 0.669099 0.203935
vt 0.655933 0.194416
vt 0.662525 0.195337
vt 0.661207 0.203338
vt 0.654377 0.202055
vt 0.667477 0.212187
vt 0.678310 0.212762
vt 0.676528 0.221339
vt 0.665393 0.220890
vt 0.652465 0.209704
vt 0.659569 0.211417
vt 0.657630 0.219974
vt 0.650200 0.217455
vt 0.662405 0.229405
vt 0.673877 0.230494
vt 0.671402 0.241326
vt 0.659481 0.237442
vt 0.646555 0.224516
vt 0.655021 0.228211
vt 0.652117 0.235908
vt 0.642896 0.231831
vt 0.667404 0.256471
vt 0.654707 0.250798
vt 0.646575 0.248804
vt 0.638008 0.244251
vt 0.926364 0.443938
vt 0.913895 0.451555
vt 0.946033 0.435611
vt 0.933703 0.438455
vt 0.931046 0.431959
vt 0.944085 0.429125
vt 0.670301 0.179436
vt 0.663345 0.179421
vt 0.663094 0.171414
vt 0.670035 0.171414
vt 0.657002 0.179113
vt 0.656803 0.171414
vt 0.640887 0.206574
vt 0.643289 0.199571
vt 0.362088 0.954265
vt 0.361827 0.968847
vt 0.356538 0.968514
vt 0.357027 0.954033
vt 0.361224 0.913538
vt 0.361878 0.937097
vt 0.356849 0.937145
vt 0.355962 0.913423
vt 0.361109 0.900561
vt 0.355583 0.900621
vt 0.360917 0.883025
vt 0.355070 0.883531
vt 0.349756 0.901805
vt 0.343244 0.902304
vt 0.343095 0.886419
vt 0.349323 0.884535
vt 0.336675 0.916830
vt 0.336255 0.904176
vt 0.343266 0.914770
vt 0.349218 0.980593
vt 0.342697 0.979880
vt 0.342976 0.966661
vt 0.349949 0.967597
vt 0.337233 0.936452
vt 0.330589 0.930898
vt 0.327877 0.914052
vt 0.350444 0.937081
vt 0.349721 0.913881
vt 0.350553 0.953445
vt 0.343350 0.952793
vt 0.343880 0.937165
vt 0.328505 0.903871
vt 0.326171 0.890289
vt 0.335029 0.888501
vt 0.336383 0.951819
vt 0.330119 0.949815
vt 0.344882 0.826120
vt 0.349955 0.831465
vt 0.345061 0.840987
vt 0.339296 0.836410
vt 0.334604 0.850084
vt 0.341751 0.853039
vt 0.341190 0.868847
vt 0.332846 0.869311
vt 0.353668 0.835015
vt 0.357505 0.837829
vt 0.355924 0.846281
vt 0.350428 0.843999
vt 0.348310 0.855144
vt 0.354818 0.856457
vt 0.354554 0.867343
vt 0.347411 0.868033
vt 0.360941 0.856560
vt 0.366889 0.856351
vt 0.366888 0.866965
vt 0.360808 0.867109
vt 0.361335 0.847049
vt 0.366891 0.847242
vt 0.362134 0.839248
vt 0.366892 0.839832
vt 0.366888 0.882677
vt 0.297699 0.910304
vt 0.297261 0.900387
vt 0.312806 0.902207
vt 0.314220 0.913950
vt 0.132312 0.960551
vt 0.142356 0.959204
vt 0.146452 0.968016
vt 0.136954 0.970491
vt 0.299068 0.886125
vt 0.310785 0.888342
vt 0.163231 0.950841
vt 0.165996 0.957523
vt 0.302970 0.873205
vt 0.309489 0.874054
vt 0.188091 0.942961
vt 0.190663 0.948571
vt 0.321582 0.869431
vt 0.157440 0.898911
vt 0.157405 0.917228
vt 0.132626 0.918753
vt 0.132891 0.898911
vt 0.229766 0.916747
vt 0.207576 0.922780
vt 0.207029 0.919734
vt 0.229112 0.914503
vt 0.248601 0.908649
vt 0.246621 0.908182
vt 0.915973 0.391446
vt 0.912001 0.368430
vt 0.927356 0.368430
vt 0.924490 0.390894
vt 0.184482 0.929213
vt 0.184169 0.925353
vt 0.936447 0.389056
vt 0.936322 0.402165
vt 0.925119 0.403882
vt 0.942440 0.422703
vt 0.929183 0.425364
vt 0.913727 0.408071
vt 0.893198 0.410637
vt 0.893998 0.395464
vt 0.278583 0.289098
vt 0.292385 0.291759
vt 0.668208 0.974305
vt 0.361339 0.981233
vt 0.355518 0.981160
vt 0.953282 0.420764
vt 0.955209 0.427035
vt 0.106527 0.918856
vt 0.112852 0.918581
vt 0.112755 0.932309
vt 0.106457 0.932775
vt 0.081416 0.922518
vt 0.089428 0.921679
vt 0.089366 0.937640
vt 0.081197 0.938839
vt 0.101890 0.961998
vt 0.104257 0.971660
vt 0.095081 0.971603
vt 0.093717 0.962920
vt 0.123422 0.988552
vt 0.121431 0.971661
vt 0.128543 0.971214
vt 0.131542 0.987520
vt 0.084192 0.979680
vt 0.084062 0.971068
vt 0.096623 0.982509
vt 0.743980 0.046324
vt 0.750300 0.047323
vt 0.746349 0.054280
vt 0.739577 0.055228
vt 0.315219 0.251299
vt 0.311280 0.249504
vt 0.327675 0.222613
vt 0.331897 0.222273
vt 0.350039 0.190933
vt 0.355821 0.191706
vt 0.308129 0.246016
vt 0.305944 0.241307
vt 0.316382 0.220464
vt 0.322598 0.222377
vt 0.333221 0.189952
vt 0.344742 0.191890
vt 0.309031 0.216689
vt 0.300834 0.241389
vt 0.293361 0.238763
vt 0.298019 0.213157
vt 0.661562 0.051082
vt 0.665853 0.050543
vt 0.665853 0.057718
vt 0.661263 0.058987
vt 0.586510 0.100962
vt 0.592233 0.113314
vt 0.573169 0.113457
vt 0.575231 0.107151
vt 0.621130 0.081200
vt 0.624547 0.093678
vt 0.647244 0.071829
vt 0.648285 0.082767
vt 0.658856 0.064208
vt 0.662299 0.066312
vt 0.256963 0.906164
vt 0.257978 0.907078
vt 0.253607 0.916496
vt 0.252236 0.914180
vt 0.301122 0.256490
vt 0.302861 0.261363
vt 0.300241 0.250547
vt 0.346428 0.164608
vt 0.362721 0.163566
vt 0.320029 0.185245
vt 0.329910 0.158915
vt 0.554382 0.078754
vt 0.566912 0.076557
vt 0.574583 0.086580
vt 0.561831 0.088325
vt 0.371123 0.164143
vt 0.388647 0.165237
vt 0.563811 0.111526
vt 0.569574 0.104928
vt 0.571667 0.098187
vt 0.368218 0.156559
vt 0.353065 0.155352
vt 0.601963 0.080022
vt 0.600522 0.071130
vt 0.622924 0.067346
vt 0.644148 0.062769
vt 0.106407 0.984972
vt 0.110964 0.971663
vt 0.113184 0.986982
vt 0.113703 0.960758
vt 0.116933 0.971738
vt 0.107988 0.961246
vt 0.094500 0.920621
vt 0.098245 0.919744
vt 0.098279 0.934273
vt 0.094536 0.935810
vt 0.711872 0.028769
vt 0.710964 0.022828
vt 0.714712 0.023434
vt 0.714712 0.029030
vt 0.707366 0.029135
vt 0.706609 0.023302
vt 0.697047 0.035881
vt 0.693690 0.032223
vt 0.700688 0.025279
vt 0.702178 0.030486
vt 0.714712 0.037779
vt 0.712566 0.037843
vt 0.708957 0.038044
vt 0.705761 0.038885
vt 0.702201 0.041948
vt 0.714712 0.046353
vt 0.712710 0.046673
vt 0.710449 0.047236
vt 0.708545 0.047966
vt 0.705823 0.049896
vt 0.745763 0.066303
vt 0.748788 0.062312
vt 0.753076 0.063645
vt 0.750602 0.069351
vt 0.745877 0.060701
vt 0.741680 0.063839
vt 0.762101 0.031936
vt 0.755627 0.039817
vt 0.750574 0.038040
vt 0.759565 0.029046
vt 0.766992 0.022730
vt 0.766876 0.027008
vt 0.446012 0.035372
vt 0.441593 0.036364
vt 0.438275 0.029354
vt 0.446041 0.030954
vt 0.759736 0.041930
vt 0.764934 0.034066
vt 0.769724 0.036933
vt 0.766303 0.045197
vt 0.331852 0.830186
vt 0.326451 0.846200
vt 0.338514 0.817290
vt 0.637889 0.213228
vt 0.428245 0.045204
vt 0.414481 0.045588
vt 0.422699 0.021325
vt 0.432833 0.030826
vt 0.425647 0.058695
vt 0.411847 0.064502
vt 0.425936 0.068151
vt 0.414725 0.078126
vt 0.366897 0.981166
vt 0.366896 0.968963
vt 0.366889 0.900901
vt 0.366890 0.913729
vt 0.366892 0.937002
vt 0.366894 0.954312
vt 0.663475 0.187498
vt 0.657046 0.186857
vt 0.670519 0.187547
vt 0.707366 0.018918
vt 0.711154 0.019496
vt 0.433317 0.063591
vt 0.433880 0.056293
vt 0.436072 0.046568
vt 0.438748 0.038594
vt 0.435863 0.021438
vt 0.446064 0.023847
vt 0.436343 0.083435
vt 0.428912 0.076774
vt 0.434095 0.070190
vt 0.437552 0.074594
vt 0.433976 0.095414
vt 0.422219 0.089034
vt 0.446491 0.088249
vt 0.446517 0.097033
vt 0.714712 0.020107
vt 0.756843 0.068042
vt 0.754945 0.072623
vt 0.769484 0.027134
vt 0.773384 0.028098
vt 0.680309 0.187458
vt 0.755238 0.049655
vt 0.751670 0.053714
vt 0.098171 0.898910
vt 0.102686 0.898910
vt 0.102754 0.919179
vt 0.763013 0.053139
vt 0.289932 0.257617
vt 0.291238 0.250435
vt 0.304076 0.179856
vt 0.308918 0.153236
vt 0.762062 0.055437
vt 0.757149 0.053405
vt 0.597061 0.059171
vt 0.619879 0.056309
vt 0.549329 0.065158
vt 0.561705 0.063606
vt 0.094474 0.898910
vt 0.938905 0.368429
vt 0.947473 0.387615
vt 0.947324 0.368429
vt 0.258368 0.898918
vt 0.260019 0.898918
vt 0.641631 0.053581
vt 0.288799 0.263844
vt 0.760262 0.059784
vt 0.756130 0.058488
vt 0.755723 0.055821
vt 0.761063 0.057849
vt 0.759295 0.062118
vt 0.755618 0.060634
vt 0.770812 0.021727
vt 0.184888 0.915547
vt 0.207179 0.911630
vt 0.228901 0.908547
vt 0.248185 0.904609
vt 0.157463 0.929491
vt 0.132543 0.932392
vt 0.120637 0.932402
vt 0.120791 0.918651
vt 0.751215 0.055584
vt 0.748742 0.056459
vt 0.752447 0.061071
vt 0.754047 0.059750
vt 0.752766 0.057410
vt 0.749025 0.059377
vt 0.750720 0.060754
vt 0.753515 0.058769
vt 0.704575 0.017297
vt 0.709680 0.052124
vt 0.707500 0.053331
vt 0.712899 0.051163
vt 0.711331 0.051582
vt 0.714712 0.050886
vt 0.711677 0.054619
vt 0.710136 0.054409
vt 0.712999 0.053591
vt 0.714712 0.053721
vt 0.708323 0.055232
vt 0.015140 0.397834
vt 0.015259 0.394601
vt 0.019953 0.394949
vt 0.020599 0.398583
vt 0.014974 0.402295
vt 0.018886 0.402159
vt 0.122106 0.061108
vt 0.121510 0.092194
vt 0.091361 0.090373
vt 0.097574 0.059794
vt 0.125717 0.033770
vt 0.108729 0.029284
vt 0.129673 0.008714
vt 0.120586 0.005536
vt 0.136409 0.011583
vt 0.137682 0.037110
vt 0.139664 0.063874
vt 0.143514 0.093530
vt 0.141351 0.111753
vt 0.165744 0.094952
vt 0.161039 0.113218
vt 0.070530 0.090418
vt 0.078892 0.058531
vt 0.096441 0.026284
vt 0.113092 0.005989
vt 0.355012 0.988476
vt 0.348864 0.988122
vt 0.366897 0.988062
vt 0.361030 0.988309
vt 0.328755 0.963983
vt 0.336057 0.965593
vt 0.336204 0.979115
vt 0.329623 0.977748
vt 0.342623 0.987688
vt 0.085649 0.110434
vt 0.116496 0.109944
vt 0.324166 0.975350
vt 0.318599 0.971531
vt 0.321833 0.959114
vt 0.326002 0.961896
vt 0.327689 0.949771
vt 0.325266 0.948717
vt 0.325494 0.940295
vt 0.327021 0.938645
vt 0.323678 0.984151
vt 0.330179 0.986260
vt 0.632404 0.219186
vt 0.645112 0.192466
vt 0.646371 0.185376
vt 0.646528 0.178313
vt 0.646453 0.171414
vt 0.336336 0.987020
vt 0.061393 0.120761
vt 0.089486 0.898910
vt 0.957391 0.433880
vt 0.948160 0.400958
vt 0.083625 0.963223
vt 0.627023 0.235382
vt 0.627412 0.224449
vt 0.041108 0.269585
vt 0.041335 0.282953
vt 0.012585 0.277919
vt 0.004761 0.259014
vt 0.070866 0.276482
vt 0.071187 0.289359
vt 0.102571 0.279280
vt 0.104937 0.285133
vt 0.127570 0.274410
vt 0.128272 0.279896
vt 0.135019 0.274035
vt 0.134831 0.281951
vt 0.312896 0.121254
vt 0.309581 0.093947
vt 0.323912 0.095286
vt 0.337860 0.132074
vt 0.290561 0.115023
vt 0.287045 0.093546
vt 0.775671 0.022575
vt 0.251643 0.107253
vt 0.248502 0.086510
vt 0.270058 0.090858
vt 0.271401 0.113733
vt 0.315605 0.922952
vt 0.297362 0.919961
vt 0.124726 0.960441
vt 0.106538 0.898910
vt 0.120942 0.898910
vt 0.231080 0.291447
vt 0.228041 0.270981
vt 0.243950 0.259014
vt 0.246824 0.284249
vt 0.118036 0.960551
vt 0.119094 0.988371
vt 0.102763 0.933318
vt 0.315335 0.931582
vt 0.149533 0.286081
vt 0.147780 0.275890
vt 0.154617 0.277865
vt 0.155553 0.283373
vt 0.142068 0.277112
vt 0.142808 0.285730
vt 0.202750 0.289679
vt 0.203689 0.278065
vt 0.176951 0.287642
vt 0.177859 0.279411
vt 0.267561 0.062655
vt 0.285399 0.067154
vt 0.307723 0.067023
vt 0.269696 0.035931
vt 0.284560 0.038496
vt 0.297745 0.038852
vt 0.318303 0.064269
vt 0.306503 0.034458
vt 0.254545 0.060847
vt 0.261602 0.035217
vt 0.287675 0.008212
vt 0.295101 0.010797
vt 0.279684 0.007311
vt 0.148531 0.038628
vt 0.155906 0.065647
vt 0.142236 0.015817
vt 0.273610 0.006965
vt 0.267819 0.011587
vt 0.706935 0.204432
vt 0.719664 0.204413
vt 0.718566 0.213239
vt 0.705690 0.213096
vt 0.717335 0.221915
vt 0.704301 0.221774
vt 0.706548 0.171414
vt 0.719162 0.171415
vt 0.719284 0.179300
vt 0.706659 0.179308
vt 0.719646 0.187263
vt 0.706973 0.187264
vt 0.702845 0.233573
vt 0.716548 0.233582
vt 0.716718 0.256998
vt 0.703983 0.257982
vt 0.719754 0.195591
vt 0.707085 0.195646
vt 0.736212 0.171415
vt 0.743883 0.171415
vt 0.744193 0.179080
vt 0.736352 0.179127
vt 0.744376 0.187060
vt 0.736635 0.187125
vt 0.733707 0.233259
vt 0.741289 0.233041
vt 0.741999 0.254202
vt 0.733706 0.255276
vt 0.744036 0.195628
vt 0.736481 0.195687
vt 0.736396 0.204550
vt 0.743806 0.204490
vt 0.742847 0.213147
vt 0.735337 0.213178
vt 0.742041 0.222044
vt 0.734346 0.222031
vt 0.758502 0.179004
vt 0.776088 0.178947
vt 0.776295 0.186915
vt 0.758797 0.187028
vt 0.755810 0.232239
vt 0.773457 0.230796
vt 0.773889 0.244686
vt 0.756305 0.249763
vt 0.776198 0.195424
vt 0.758631 0.195588
vt 0.758431 0.204485
vt 0.775957 0.204186
vt 0.775175 0.212783
vt 0.757460 0.213066
vt 0.774375 0.221367
vt 0.756559 0.221750
vt 0.758435 0.171415
vt 0.775804 0.171415
vt 0.796140 0.229347
vt 0.819141 0.226984
vt 0.820055 0.238127
vt 0.796833 0.241583
vt 0.798159 0.186710
vt 0.820866 0.186586
vt 0.820767 0.194580
vt 0.798107 0.195047
vt 0.797972 0.203536
vt 0.820773 0.202696
vt 0.820268 0.210675
vt 0.797459 0.211986
vt 0.819596 0.218555
vt 0.796735 0.220287
vt 0.797594 0.171416
vt 0.820400 0.171416
vt 0.820650 0.178933
vt 0.797879 0.178841
vt 0.841981 0.186876
vt 0.862382 0.187047
vt 0.862407 0.193727
vt 0.841954 0.194226
vt 0.841911 0.201485
vt 0.862855 0.200252
vt 0.862549 0.206789
vt 0.841430 0.208759
vt 0.862236 0.213238
vt 0.840793 0.215905
vt 0.841687 0.171416
vt 0.861530 0.171416
vt 0.862023 0.179842
vt 0.841874 0.179598
vt 0.839859 0.222798
vt 0.861642 0.218974
vt 0.862209 0.227514
vt 0.840597 0.232744
vt 0.053115 0.408495
vt 0.045674 0.393865
vt 0.065761 0.438944
vt 0.060337 0.422433
vt 0.073856 0.468312
vt 0.070433 0.455354
vt 0.314304 0.935788
vt 0.317733 0.982720
vt 0.112965 0.898910
vt 0.690282 0.221557
vt 0.688331 0.232354
vt 0.693406 0.195736
vt 0.693179 0.204431
vt 0.693387 0.187307
vt 0.690050 0.255585
vt 0.680003 0.179398
vt 0.693090 0.179316
vt 0.679778 0.171414
vt 0.692948 0.171414
vt 0.691831 0.212962
vt 0.079019 0.484588
vt 0.076692 0.478885
vt 0.087537 0.504815
vt 0.084074 0.496075
vt 0.086146 0.515197
vt 0.094091 0.521662
vt 0.680391 0.265561
vt 0.935752 0.964076
vt 0.927520 0.973212
vt 0.294743 0.928657
vt 0.296424 0.925714
vt 0.184674 0.898911
vt 0.207292 0.898913
vt 0.081886 0.898910
vt 0.306961 0.941438
vt 0.290893 0.932790
vt 0.283169 0.916777
vt 0.284983 0.907845
vt 0.289542 0.947833
vt 0.277933 0.941847
vt 0.285641 0.936744
vt 0.299621 0.945476
vt 0.952731 0.454529
vt 0.948593 0.442775
vt 0.960056 0.441361
vt 0.967349 0.454288
vt 0.548096 0.080603
vt 0.541481 0.066142
vt 0.562367 0.097622
vt 0.564525 0.102301
vt 0.558048 0.109588
vt 0.554640 0.091661
vt 0.279000 0.953972
vt 0.268335 0.947353
vt 0.293003 0.884888
vt 0.299150 0.871786
vt 0.287325 0.898943
vt 0.943195 0.457735
vt 0.937437 0.445559
vt 0.937230 0.463995
vt 0.930153 0.476202
vt 0.920493 0.460083
vt 0.929535 0.451235
vt 0.910483 0.469138
vt 0.916832 0.485014
vt 0.154261 0.976795
vt 0.143906 0.984250
vt 0.171070 0.963534
vt 0.189600 0.955235
vt 0.334721 0.148027
vt 0.375366 0.157588
vt 0.389127 0.154856
vt 0.311189 0.140749
vt 0.280747 0.925189
vt 0.282027 0.922407
vt 0.278321 0.928737
vt 0.269849 0.937475
vt 0.275031 0.932500
vt 0.262938 0.943320
vt 0.902326 0.458277
vt 0.943084 0.957616
vt 0.874228 0.411863
vt 0.861211 0.413686
vt 0.859912 0.395341
vt 0.874624 0.395320
vt 0.857400 0.368434
vt 0.876767 0.368433
vt 0.827359 0.415240
vt 0.809021 0.410726
vt 0.809762 0.395894
vt 0.824372 0.395889
vt 0.808372 0.368439
vt 0.826459 0.368438
vt 0.767045 0.407621
vt 0.751221 0.407192
vt 0.751670 0.390532
vt 0.770669 0.392226
vt 0.750297 0.368446
vt 0.770485 0.368436
vt 0.729640 0.404995
vt 0.708813 0.403398
vt 0.711462 0.386771
vt 0.731599 0.388184
vt 0.712035 0.368449
vt 0.731531 0.368448
vt 0.697521 0.403708
vt 0.685924 0.402424
vt 0.689794 0.386160
vt 0.700647 0.386762
vt 0.691995 0.368451
vt 0.701978 0.368450
vt 0.731654 0.420235
vt 0.730271 0.427624
vt 0.706318 0.428985
vt 0.708133 0.419115
vt 0.765129 0.423010
vt 0.765442 0.433751
vt 0.749479 0.429207
vt 0.750762 0.421227
vt 0.827249 0.436254
vt 0.826590 0.445074
vt 0.808419 0.445069
vt 0.809451 0.436091
vt 0.874848 0.417338
vt 0.861422 0.419065
vt 0.894105 0.416793
vt 0.894188 0.368432
vt 0.885844 0.445313
vt 0.952686 0.945598
vt 0.953963 0.926773
vt 0.959558 0.833525
vt 0.961324 0.816723
vt 0.974869 0.819535
vt 0.974072 0.837152
vt 0.783722 0.439390
vt 0.784184 0.429869
vt 0.786931 0.392278
vt 0.790220 0.368441
vt 0.786282 0.408851
vt 0.936856 0.852344
vt 0.939723 0.841863
vt 0.927908 0.879251
vt 0.933723 0.864151
vt 0.861309 0.432488
vt 0.860372 0.441384
vt 0.841976 0.443414
vt 0.842809 0.434913
vt 0.841792 0.396259
vt 0.841804 0.368436
vt 0.842841 0.414516
vt 0.956319 0.890616
vt 0.943956 0.885372
vt 0.949650 0.869077
vt 0.962462 0.873731
vt 0.968192 0.861572
vt 0.953947 0.857271
vt 0.957014 0.846575
vt 0.972420 0.850805
vt 0.944731 0.814275
vt 0.942026 0.829952
vt 0.940488 0.898306
vt 0.953720 0.903115
vt 0.940878 0.909109
vt 0.953410 0.913780
vt 0.927960 0.901414
vt 0.925214 0.889122
vt 0.946775 0.803944
vt 0.962753 0.805596
vt 0.976169 0.808748
vt 0.696967 0.407216
vt 0.708656 0.407559
vt 0.951715 0.776430
vt 0.948923 0.792808
vt 0.062981 0.315043
vt 0.084915 0.332356
vt 0.061443 0.316436
vt 0.961678 0.728419
vt 0.950233 0.741124
vt 0.946421 0.738428
vt 0.958907 0.725983
vt 0.036899 0.289021
vt 0.040992 0.292481
vt 0.040846 0.295263
vt 0.037743 0.295315
vt 0.971941 0.713581
vt 0.966446 0.714711
vt 0.968254 0.710012
vt 0.972871 0.709644
vt 0.569303 0.457685
vt 0.567224 0.454338
vt 0.594817 0.442248
vt 0.596538 0.447309
vt 0.619508 0.431685
vt 0.623708 0.437628
vt 0.636976 0.418509
vt 0.645329 0.425732
vt 0.570418 0.446294
vt 0.593573 0.430952
vt 0.948521 0.206602
vt 0.955820 0.222368
vt 0.951236 0.224777
vt 0.941969 0.210577
vt 0.050293 0.302531
vt 0.048493 0.303939
vt 0.960377 0.750719
vt 0.955656 0.762615
vt 0.926651 0.757601
vt 0.967447 0.780551
vt 0.964360 0.794839
vt 0.971330 0.755037
vt 0.969207 0.767512
vt 0.973886 0.734965
vt 0.978745 0.783514
vt 0.977801 0.798032
vt 0.976511 0.757444
vt 0.977141 0.770611
vt 0.978333 0.737136
vt 0.623899 0.442246
vt 0.623186 0.448402
vt 0.596373 0.455553
vt 0.596735 0.450938
vt 0.643469 0.434906
vt 0.640996 0.444803
vt 0.611587 0.416324
vt 0.623441 0.405210
vt 0.972719 0.708251
vt 0.967850 0.707680
vt 0.631508 0.380417
vt 0.656107 0.387304
vt 0.660748 0.404474
vt 0.656445 0.410698
vt 0.633490 0.368453
vt 0.655519 0.368453
vt 0.627192 0.400689
vt 0.628235 0.396720
vt 0.645932 0.408786
vt 0.643138 0.411883
vt 0.693023 0.422128
vt 0.694816 0.414819
vt 0.709092 0.413991
vt 0.842902 0.426118
vt 0.842857 0.429636
vt 0.827356 0.430871
vt 0.827449 0.427332
vt 0.861477 0.424109
vt 0.861393 0.427325
vt 0.809798 0.426935
vt 0.809713 0.430669
vt 0.784041 0.424408
vt 0.784150 0.421011
vt 0.926822 0.415160
vt 0.927758 0.419373
vt 0.917773 0.423600
vt 0.916375 0.419850
vt 0.881286 0.434784
vt 0.878524 0.428037
vt 0.898547 0.428705
vt 0.765144 0.416730
vt 0.764944 0.419001
vt 0.750419 0.418571
vt 0.750320 0.416606
vt 0.730144 0.414817
vt 0.730793 0.417152
vt 0.709010 0.411488
vt 0.118547 0.946967
vt 0.121088 0.952441
vt 0.114466 0.952584
vt 0.112040 0.947201
vt 0.110424 0.952869
vt 0.108146 0.947589
vt 0.126355 0.947237
vt 0.128817 0.952696
vt 0.103138 0.948397
vt 0.105150 0.953536
vt 0.099763 0.954611
vt 0.098234 0.949681
vt 0.091585 0.951276
vt 0.092495 0.955973
vt 0.083085 0.956650
vt 0.082621 0.952171
vt 0.255692 0.904730
vt 0.256633 0.898917
vt 0.257529 0.898917
vt 0.256407 0.905422
vt 0.251179 0.911946
vt 0.250325 0.910608
vt 0.950773 0.411834
vt 0.951769 0.415468
vt 0.940963 0.417120
vt 0.939803 0.413294
vt 0.212049 0.934168
vt 0.186791 0.938162
vt 0.210277 0.929893
vt 0.233905 0.924643
vt 0.232293 0.921661
vt 0.160276 0.940927
vt 0.185897 0.934818
vt 0.161497 0.944904
vt 0.137261 0.946522
vt 0.139448 0.951608
vt 0.896826 0.424533
vt 0.660204 0.430129
vt 0.678985 0.425971
vt 0.677706 0.436790
vt 0.658283 0.441406
vt 0.665001 0.416540
vt 0.682872 0.412036
vt 0.681325 0.416996
vt 0.662308 0.421931
vt 0.664083 0.390041
vt 0.664694 0.368452
vt 0.674661 0.389938
vt 0.673676 0.402132
vt 0.676993 0.368452
vt 0.928334 0.182390
vt 0.926152 0.171416
vt 0.930442 0.171416
vt 0.934769 0.183555
vt 0.932193 0.190907
vt 0.939030 0.189505
vt 0.934400 0.195834
vt 0.941899 0.193772
vt 0.532545 0.350029
vt 0.539994 0.348584
vt 0.461935 0.324858
vt 0.472436 0.332714
vt 0.453098 0.317650
vt 0.422796 0.330389
vt 0.422724 0.327826
vt 0.444184 0.317936
vt 0.444236 0.322444
vt 0.269323 0.303095
vt 0.267640 0.296571
vt 0.275780 0.281410
vt 0.543931 0.346512
vt 0.481642 0.338964
vt 0.494493 0.344745
vt 0.289334 0.285441
vt 0.313846 0.299406
vt 0.316615 0.302417
vt 0.513670 0.348731
vt 0.110099 0.348077
vt 0.111713 0.345832
vt 0.143898 0.355827
vt 0.142385 0.358160
vt 0.179716 0.355844
vt 0.178099 0.360318
vt 0.980429 0.264403
vt 0.961949 0.241840
vt 0.968758 0.241772
vt 0.984522 0.264654
vt 0.040358 0.373047
vt 0.037825 0.353770
vt 0.938448 0.204831
vt 0.936193 0.200120
vt 0.944198 0.197757
vt 0.946436 0.201278
vt 0.671069 0.408588
vt 0.685113 0.405769
vt 0.683978 0.408668
vt 0.668105 0.412271
vt 0.913923 0.413657
vt 0.915124 0.416794
vt 0.895424 0.420899
vt 0.122225 0.938357
vt 0.133803 0.938129
vt 0.135459 0.942280
vt 0.124270 0.942714
vt 0.158251 0.934298
vt 0.159232 0.937562
vt 0.185167 0.931937
vt 0.937711 0.407064
vt 0.938823 0.410133
vt 0.926127 0.411815
vt 0.925548 0.408860
vt 0.949117 0.405855
vt 0.949953 0.408816
vt 0.095580 0.941710
vt 0.096922 0.945639
vt 0.090783 0.947399
vt 0.089968 0.943601
vt 0.252989 0.903651
vt 0.254634 0.904083
vt 0.249518 0.909598
vt 0.104298 0.939157
vt 0.106232 0.943279
vt 0.101412 0.944192
vt 0.099672 0.940139
vt 0.253547 0.899038
vt 0.255402 0.899009
vt 0.082174 0.948450
vt 0.081645 0.944789
vt 0.114364 0.938215
vt 0.116442 0.942498
vt 0.108027 0.938627
vt 0.110031 0.942817
vt 0.729604 0.410598
vt 0.729830 0.412828
vt 0.708694 0.409469
vt 0.765729 0.412617
vt 0.765374 0.414777
vt 0.750425 0.414857
vt 0.750632 0.412803
vt 0.827611 0.421608
vt 0.827534 0.424444
vt 0.809792 0.423637
vt 0.809689 0.419953
vt 0.784452 0.418191
vt 0.784926 0.415108
vt 0.861501 0.421552
vt 0.842940 0.423259
vt 0.842966 0.420488
vt 0.653656 0.414013
vt 0.650987 0.417985
vt 0.695780 0.411170
vt 0.696333 0.409049
vt 0.876828 0.423719
vt 0.875715 0.420397
vt 0.209183 0.927090
vt 0.208348 0.924861
vt 0.231269 0.919671
vt 0.230509 0.918167
vt 0.880188 0.178288
vt 0.878771 0.171416
vt 0.882176 0.187146
vt 0.249170 0.899045
vt 0.883091 0.193577
vt 0.884435 0.199867
vt 0.884887 0.205589
vt 0.885569 0.211542
vt 0.888298 0.217911
vt 0.932940 0.220583
vt 0.913280 0.219196
vt 0.907863 0.211125
vt 0.925576 0.211342
vt 0.905806 0.205194
vt 0.922679 0.205408
vt 0.904820 0.200075
vt 0.921210 0.200485
vt 0.903668 0.195013
vt 0.919673 0.195684
vt 0.902063 0.188927
vt 0.917761 0.189912
vt 0.898412 0.179241
vt 0.913748 0.180431
vt 0.896522 0.171416
vt 0.911676 0.171416
vt 0.891617 0.227216
vt 0.917584 0.229281
vt 0.039834 0.334678
vt 0.051706 0.324848
vt 0.033754 0.339630
vt 0.937177 0.231031
vt 0.036588 0.314544
vt 0.031153 0.319605
vt 0.032806 0.297573
vt 0.034968 0.295816
vt 0.042376 0.309620
vt 0.964855 0.702580
vt 0.970813 0.704177
vt 0.034411 0.289005
vt 0.031683 0.294679
vt 0.469826 0.209476
vt 0.495384 0.208267
vt 0.495926 0.214191
vt 0.463140 0.216660
vt 0.462741 0.231756
vt 0.498896 0.228031
vt 0.504057 0.232098
vt 0.464185 0.237375
vt 0.457149 0.196005
vt 0.494711 0.195767
vt 0.496084 0.200415
vt 0.458282 0.202919
vt 0.458857 0.191327
vt 0.459982 0.186380
vt 0.502695 0.188770
vt 0.501013 0.192652
vt 0.469575 0.205953
vt 0.495444 0.203808
vt 0.462690 0.226361
vt 0.497784 0.224272
vt 0.497022 0.220303
vt 0.463479 0.222158
vt 0.569361 0.460476
vt 0.977256 0.716627
vt 0.979669 0.716650
vt 0.548507 0.195044
vt 0.549071 0.198520
vt 0.547764 0.220848
vt 0.547451 0.223821
vt 0.548077 0.201496
vt 0.547771 0.218208
vt 0.551964 0.229846
vt 0.547548 0.206202
vt 0.547479 0.212474
vt 0.555160 0.188628
vt 0.557606 0.192516
vt 0.580127 0.237679
vt 0.577767 0.247227
vt 0.587402 0.211417
vt 0.585333 0.217582
vt 0.584165 0.224388
vt 0.588407 0.179655
vt 0.589588 0.188256
vt 0.588650 0.205938
vt 0.589053 0.194502
vt 0.590007 0.200309
vt 0.582695 0.231401
vt 0.596324 0.234928
vt 0.594777 0.240575
vt 0.605660 0.201839
vt 0.603584 0.208361
vt 0.594835 0.249635
vt 0.601944 0.214828
vt 0.599042 0.221943
vt 0.596464 0.228807
vt 0.606158 0.176137
vt 0.605708 0.186476
vt 0.605432 0.194111
vt 0.609525 0.210384
vt 0.607918 0.215750
vt 0.613032 0.194169
vt 0.613144 0.202953
vt 0.604045 0.231274
vt 0.603302 0.235507
vt 0.603566 0.241256
vt 0.605250 0.247570
vt 0.607318 0.223842
vt 0.615425 0.181517
vt 0.614237 0.186514
vt 0.030818 0.425880
vt 0.028984 0.420976
vt 0.032269 0.419204
vt 0.043133 0.422579
vt 0.033889 0.415134
vt 0.043133 0.409803
vt 0.012648 0.414033
vt 0.020349 0.412611
vt 0.021475 0.416350
vt 0.016698 0.416639
vt 0.022366 0.428469
vt 0.022976 0.423309
vt 0.004868 0.422250
vt 0.012182 0.422026
vt 0.017233 0.424638
vt 0.011017 0.433749
vt 0.030058 0.413913
vt 0.037372 0.405878
vt 0.027597 0.414088
vt 0.028821 0.407260
vt 0.569638 0.463233
vt 0.235772 0.927356
vt 0.213969 0.937780
vt 0.691964 0.432639
vt 0.229098 0.898916
vt 0.451821 0.814841
vt 0.554862 0.346900
vt 0.924057 0.754619
vt 0.334443 0.508403
vt 0.336564 0.508361
vt 0.337700 0.503359
vt 0.335706 0.503248
vt 0.551186 0.662189
vt 0.550397 0.661262
vt 0.552409 0.658244
vt 0.552903 0.659482
vt 0.549661 0.660604
vt 0.548805 0.660031
vt 0.550304 0.656800
vt 0.551468 0.657414
vt 0.531335 0.660014
vt 0.538172 0.659734
vt 0.539171 0.662081
vt 0.531160 0.662259
vt 0.547421 0.656354
vt 0.546807 0.659305
vt 0.545947 0.659125
vt 0.545721 0.656726
vt 0.698159 0.491589
vt 0.725506 0.480740
vt 0.716996 0.503491
vt 0.688421 0.508620
vt 0.685806 0.530357
vt 0.710774 0.529637
vt 0.706064 0.555726
vt 0.685188 0.553006
vt 0.684793 0.575738
vt 0.702633 0.579836
vt 0.698950 0.603534
vt 0.684536 0.599586
vt 0.685003 0.624489
vt 0.695978 0.627316
vt 0.693871 0.649880
vt 0.685710 0.647198
vt 0.651538 0.334644
vt 0.630224 0.349303
vt 0.629247 0.344539
vt 0.648312 0.330732
vt 0.686428 0.658945
vt 0.693109 0.660662
vt 0.692801 0.679872
vt 0.690105 0.678567
vt 0.653553 0.633222
vt 0.663094 0.629779
vt 0.671097 0.648652
vt 0.663515 0.650392
vt 0.631951 0.593329
vt 0.646269 0.587858
vt 0.654285 0.609162
vt 0.642666 0.613766
vt 0.613230 0.552272
vt 0.632709 0.546034
vt 0.638850 0.566648
vt 0.621709 0.572716
vt 0.602325 0.516418
vt 0.628331 0.513361
vt 0.628153 0.526361
vt 0.606007 0.532451
vt 0.817188 0.541918
vt 0.813986 0.559189
vt 0.791448 0.553420
vt 0.794773 0.534811
vt 0.874810 0.546797
vt 0.871758 0.562679
vt 0.836587 0.564944
vt 0.839654 0.548989
vt 0.906570 0.540503
vt 0.903406 0.556549
vt 0.810833 0.575509
vt 0.807507 0.591607
vt 0.784061 0.588416
vt 0.787891 0.571116
vt 0.869018 0.577711
vt 0.866342 0.592684
vt 0.831033 0.594808
vt 0.833826 0.579907
vt 0.899859 0.572336
vt 0.896484 0.588328
vt 0.803521 0.608222
vt 0.799662 0.624586
vt 0.774190 0.624555
vt 0.779126 0.606387
vt 0.863771 0.608039
vt 0.861231 0.622455
vt 0.825258 0.624617
vt 0.828018 0.610053
vt 0.893114 0.604672
vt 0.889456 0.620273
vt 0.669281 0.660424
vt 0.675142 0.658716
vt 0.680602 0.677515
vt 0.677907 0.679405
vt 0.794467 0.657318
vt 0.793456 0.666514
vt 0.767842 0.675694
vt 0.768519 0.665204
vt 0.854608 0.641635
vt 0.852115 0.649011
vt 0.819168 0.657309
vt 0.820565 0.649364
vt 0.949047 0.578947
vt 0.955600 0.562218
vt 0.968284 0.574290
vt 0.960710 0.589568
vt 0.960302 0.541428
vt 0.963505 0.521742
vt 0.977351 0.532889
vt 0.973910 0.552699
vt 0.935994 0.611486
vt 0.941694 0.594257
vt 0.953257 0.604150
vt 0.947380 0.620884
vt 0.878311 0.643136
vt 0.874622 0.650146
vt 0.709546 0.606401
vt 0.705351 0.630827
vt 0.718509 0.558200
vt 0.713573 0.582494
vt 0.731068 0.504994
vt 0.724423 0.531952
vt 0.766785 0.532940
vt 0.769530 0.512505
vt 0.758081 0.573995
vt 0.762709 0.553530
vt 0.746445 0.618218
vt 0.752335 0.595779
vt 0.913290 0.655959
vt 0.916198 0.651917
vt 0.929315 0.659814
vt 0.926546 0.664092
vt 0.922330 0.641788
vt 0.929602 0.628206
vt 0.941080 0.637420
vt 0.934475 0.650379
vt 0.679049 0.504083
vt 0.666543 0.515255
vt 0.653370 0.507886
vt 0.647492 0.520978
vt 0.578860 0.516541
vt 0.582105 0.538758
vt 0.666221 0.535242
vt 0.668286 0.556406
vt 0.648949 0.540632
vt 0.653233 0.561540
vt 0.591012 0.559724
vt 0.602109 0.579849
vt 0.670965 0.578650
vt 0.674036 0.601764
vt 0.658441 0.583263
vt 0.664292 0.605407
vt 0.615536 0.599649
vt 0.629730 0.618969
vt 0.677527 0.625573
vt 0.680961 0.647772
vt 0.850863 0.656463
vt 0.818709 0.663000
vt 0.793659 0.672149
vt 0.692358 0.695166
vt 0.699466 0.681699
vt 0.699620 0.695458
vt 0.904235 0.672176
vt 0.900626 0.682152
vt 0.883553 0.673140
vt 0.886668 0.661549
vt 0.732773 0.684629
vt 0.768643 0.681306
vt 0.733125 0.690208
vt 0.794253 0.677549
vt 0.769579 0.685024
vt 0.733645 0.693004
vt 0.512749 0.656566
vt 0.512527 0.658406
vt 0.890705 0.653041
vt 0.872116 0.658497
vt 0.849543 0.666463
vt 0.820748 0.670194
vt 0.907441 0.664853
vt 0.921209 0.674300
vt 0.917261 0.683460
vt 0.914636 0.691738
vt 0.913217 0.699943
vt 0.898100 0.693018
vt 0.869531 0.669339
vt 0.880327 0.687399
vt 0.867600 0.683965
vt 0.848464 0.681457
vt 0.821730 0.680240
vt 0.795534 0.684706
vt 0.771068 0.689409
vt 0.735106 0.698377
vt 0.713422 0.697817
vt 0.714276 0.702639
vt 0.519584 0.589605
vt 0.524275 0.585868
vt 0.540955 0.597087
vt 0.531242 0.600008
vt 0.485304 0.559140
vt 0.488981 0.556772
vt 0.507796 0.573001
vt 0.504104 0.576543
vt 0.474628 0.543076
vt 0.476196 0.542929
vt 0.470511 0.534806
vt 0.471809 0.534714
vt 0.528232 0.578118
vt 0.531631 0.568154
vt 0.546636 0.573088
vt 0.544224 0.586054
vt 0.492439 0.553532
vt 0.495694 0.550058
vt 0.514723 0.560865
vt 0.511289 0.567333
vt 0.478411 0.541817
vt 0.481141 0.540004
vt 0.473839 0.533990
vt 0.475662 0.533034
vt 0.534232 0.555760
vt 0.536922 0.542914
vt 0.550655 0.540177
vt 0.548785 0.556521
vt 0.498576 0.546130
vt 0.501493 0.541175
vt 0.520735 0.545052
vt 0.517698 0.553533
vt 0.483492 0.537827
vt 0.485793 0.535065
vt 0.477100 0.531830
vt 0.479048 0.529880
vt 0.919899 0.307612
vt 0.900949 0.302445
vt 0.904464 0.295041
vt 0.922780 0.300684
vt 0.539927 0.531414
vt 0.551895 0.530132
vt 0.504614 0.533304
vt 0.524054 0.533299
vt 0.488172 0.530641
vt 0.540333 0.521760
vt 0.540651 0.515043
vt 0.550462 0.509950
vt 0.551207 0.519420
vt 0.506861 0.527017
vt 0.508653 0.523710
vt 0.528115 0.520701
vt 0.525825 0.524172
vt 0.489230 0.526976
vt 0.489759 0.524282
vt 0.482094 0.524522
vt 0.482376 0.522697
vt 0.481315 0.526934
vt 0.477686 0.521343
vt 0.476599 0.522592
vt 0.473394 0.517655
vt 0.474483 0.517532
vt 0.473325 0.525204
vt 0.472044 0.526159
vt 0.469769 0.519510
vt 0.470645 0.518684
vt 0.470648 0.527058
vt 0.469320 0.527799
vt 0.468071 0.521648
vt 0.468940 0.520558
vt 0.699530 0.701239
vt 0.691754 0.701447
vt 0.391901 0.783812
vt 0.393916 0.788592
vt 0.344824 0.801845
vt 0.347962 0.798277
vt 0.569875 0.651636
vt 0.572264 0.648093
vt 0.606210 0.664154
vt 0.603760 0.667973
vt 0.474721 0.524114
vt 0.471767 0.518026
vt 0.446602 0.764051
vt 0.447266 0.766464
vt 0.431089 0.773467
vt 0.430114 0.770280
vt 0.504125 0.733703
vt 0.505652 0.735655
vt 0.491998 0.742142
vt 0.491138 0.740433
vt 0.517075 0.721185
vt 0.518274 0.722334
vt 0.536311 0.702581
vt 0.537731 0.703418
vt 0.547545 0.684582
vt 0.548675 0.684925
vt 0.551396 0.676795
vt 0.552316 0.677046
vt 0.650402 0.684571
vt 0.651385 0.689111
vt 0.569056 0.578139
vt 0.574186 0.594466
vt 0.562047 0.542631
vt 0.565139 0.559722
vt 0.554830 0.643481
vt 0.555628 0.639945
vt 0.501918 0.601503
vt 0.504232 0.599674
vt 0.515001 0.609476
vt 0.513604 0.611745
vt 0.489690 0.587463
vt 0.491688 0.586174
vt 0.473224 0.565311
vt 0.474832 0.564333
vt 0.465808 0.544723
vt 0.467130 0.544452
vt 0.463137 0.536022
vt 0.464324 0.535967
vt 0.607896 0.658308
vt 0.651449 0.678421
vt 0.561146 0.503668
vt 0.561526 0.517696
vt 0.556769 0.634816
vt 0.574030 0.643680
vt 0.507370 0.597369
vt 0.518024 0.606976
vt 0.495492 0.583271
vt 0.478216 0.562878
vt 0.469262 0.544176
vt 0.466147 0.535769
vt 0.561840 0.533069
vt 0.553762 0.661523
vt 0.552418 0.663737
vt 0.551919 0.663130
vt 0.553299 0.660656
vt 0.201092 0.612097
vt 0.174902 0.614894
vt 0.176380 0.611746
vt 0.201828 0.608823
vt 0.494284 0.649750
vt 0.493826 0.651485
vt 0.474165 0.635179
vt 0.482476 0.642245
vt 0.481614 0.644956
vt 0.472470 0.638144
vt 0.541913 0.658321
vt 0.543491 0.660404
vt 0.448671 0.617254
vt 0.457275 0.618523
vt 0.456089 0.624188
vt 0.447615 0.622460
vt 0.303471 0.805556
vt 0.301700 0.810062
vt 0.293528 0.809011
vt 0.294773 0.805064
vt 0.139080 0.606553
vt 0.137829 0.608888
vt 0.289208 0.559714
vt 0.300447 0.564802
vt 0.300038 0.567617
vt 0.289848 0.563713
vt 0.319982 0.579585
vt 0.321811 0.582974
vt 0.300732 0.815617
vt 0.292354 0.813079
vt 0.226085 0.773513
vt 0.263951 0.786520
vt 0.262639 0.791064
vt 0.226578 0.779102
vt 0.195765 0.763382
vt 0.200459 0.771869
vt 0.135211 0.746246
vt 0.166048 0.753392
vt 0.172760 0.765887
vt 0.143562 0.762408
vt 0.111534 0.743999
vt 0.121539 0.759746
vt 0.070948 0.745322
vt 0.091688 0.740628
vt 0.102851 0.756727
vt 0.078724 0.765158
vt 0.087283 0.778916
vt 0.110135 0.775935
vt 0.111995 0.780223
vt 0.093826 0.785775
vt 0.223178 0.787205
vt 0.259846 0.797356
vt 0.258299 0.801577
vt 0.222465 0.790274
vt 0.144179 0.781731
vt 0.144783 0.777003
vt 0.171437 0.779734
vt 0.171008 0.784120
vt 0.305105 0.801160
vt 0.296043 0.800954
vt 0.224831 0.784122
vt 0.261053 0.794692
vt 0.146113 0.768428
vt 0.173150 0.773291
vt 0.083207 0.771678
vt 0.107974 0.766444
vt 0.199839 0.778096
vt 0.305392 0.796069
vt 0.296823 0.796242
vt 0.198426 0.782684
vt 0.197782 0.786194
vt 0.124290 0.766572
vt 0.715416 0.668870
vt 0.717657 0.658486
vt 0.735258 0.662544
vt 0.733640 0.671790
vt 0.885057 0.631381
vt 0.880927 0.639613
vt 0.856356 0.638157
vt 0.858682 0.631490
vt 0.821568 0.644397
vt 0.823144 0.635476
vt 0.797062 0.638967
vt 0.795256 0.651312
vt 0.769152 0.658118
vt 0.771179 0.642408
vt 0.740615 0.641230
vt 0.125213 0.780137
vt 0.124732 0.775476
vt 0.297729 0.621305
vt 0.296516 0.603401
vt 0.308499 0.604282
vt 0.309282 0.622368
vt 0.069609 0.786896
vt 0.064038 0.779464
vt 0.059286 0.770574
vt 0.078906 0.794507
vt 0.056279 0.750908
vt 0.904392 0.632054
vt 0.910533 0.618481
vt 0.895520 0.646478
vt 0.898671 0.642521
vt 0.915358 0.601643
vt 0.919578 0.584357
vt 0.931258 0.534524
vt 0.939564 0.518188
vt 0.923653 0.567394
vt 0.927995 0.550780
vt 0.282725 0.796987
vt 0.281345 0.800901
vt 0.701087 0.663490
vt 0.702171 0.652893
vt 0.280109 0.804095
vt 0.278555 0.808490
vt 0.283780 0.792111
vt 0.394653 0.618173
vt 0.425996 0.622078
vt 0.425312 0.623438
vt 0.394881 0.619347
vt 0.700152 0.705084
vt 0.713028 0.694330
vt 0.712436 0.686713
vt 0.750252 0.516812
vt 0.753832 0.494375
vt 0.740814 0.564034
vt 0.745514 0.540541
vt 0.729169 0.611838
vt 0.735156 0.587763
vt 0.723060 0.636121
vt 0.103914 0.608000
vt 0.102466 0.623287
vt 0.077338 0.618338
vt 0.078776 0.601691
vt 0.172364 0.621275
vt 0.170352 0.636315
vt 0.134939 0.630108
vt 0.137085 0.616086
vt 0.260766 0.601573
vt 0.261858 0.623864
vt 0.224431 0.638961
vt 0.225457 0.618788
vt 0.304755 0.790500
vt 0.296807 0.792136
vt 0.101914 0.632501
vt 0.101290 0.641629
vt 0.078431 0.638613
vt 0.077883 0.628499
vt 0.167943 0.644630
vt 0.165562 0.652900
vt 0.131357 0.646523
vt 0.133162 0.638355
vt 0.260938 0.637929
vt 0.260139 0.651913
vt 0.221028 0.659861
vt 0.222709 0.649416
vt 0.302225 0.709540
vt 0.301618 0.687017
vt 0.310660 0.690207
vt 0.310057 0.712645
vt 0.100201 0.654183
vt 0.099214 0.664632
vt 0.079161 0.663977
vt 0.078857 0.652608
vt 0.162702 0.664060
vt 0.160065 0.673644
vt 0.126784 0.667190
vt 0.128884 0.657670
vt 0.258599 0.670864
vt 0.257087 0.687216
vt 0.215303 0.685055
vt 0.218222 0.673494
vt 0.291809 0.578651
vt 0.304524 0.580840
vt 0.099392 0.674895
vt 0.100328 0.686592
vt 0.082976 0.686897
vt 0.080813 0.674705
vt 0.157144 0.683511
vt 0.155730 0.695353
vt 0.124870 0.688067
vt 0.125323 0.676782
vt 0.255431 0.703558
vt 0.254870 0.723780
vt 0.210079 0.712413
vt 0.211389 0.696715
vt 0.304390 0.780384
vt 0.296073 0.784099
vt 0.299392 0.765281
vt 0.306444 0.763083
vt 0.102336 0.703998
vt 0.103282 0.714273
vt 0.087105 0.716048
vt 0.086043 0.704519
vt 0.159437 0.712321
vt 0.163098 0.722982
vt 0.128748 0.713485
vt 0.127140 0.704741
vt 0.259396 0.756939
vt 0.262967 0.778442
vt 0.223551 0.759344
vt 0.217896 0.740488
vt 0.188119 0.726413
vt 0.192826 0.741494
vt 0.184316 0.690061
vt 0.182969 0.703828
vt 0.190539 0.668682
vt 0.187758 0.679291
vt 0.195413 0.646954
vt 0.193375 0.656283
vt 0.199757 0.620907
vt 0.197480 0.637615
vt 0.283901 0.763924
vt 0.283814 0.783543
vt 0.283036 0.706820
vt 0.282830 0.729942
vt 0.283230 0.666998
vt 0.283351 0.686975
vt 0.283619 0.627126
vt 0.283338 0.643617
vt 0.281122 0.587410
vt 0.284130 0.610734
vt 0.358400 0.748231
vt 0.339185 0.763473
vt 0.333104 0.756088
vt 0.347877 0.739974
vt 0.340592 0.734342
vt 0.328750 0.750636
vt 0.324852 0.746424
vt 0.333450 0.729136
vt 0.328316 0.724659
vt 0.321380 0.742911
vt 0.316051 0.739093
vt 0.319963 0.719220
vt 0.394192 0.715841
vt 0.376050 0.732733
vt 0.362380 0.723609
vt 0.376765 0.705799
vt 0.363308 0.697717
vt 0.352017 0.716939
vt 0.342820 0.711011
vt 0.352157 0.691185
vt 0.340920 0.684626
vt 0.334352 0.705531
vt 0.324217 0.698543
vt 0.328132 0.676567
vt 0.427799 0.675743
vt 0.415821 0.694156
vt 0.392350 0.684100
vt 0.401822 0.668375
vt 0.382709 0.658950
vt 0.375497 0.675065
vt 0.361897 0.667724
vt 0.367401 0.651172
vt 0.352046 0.643371
vt 0.348114 0.660402
vt 0.331277 0.651379
vt 0.333201 0.633493
vt 0.444540 0.639771
vt 0.435782 0.663035
vt 0.411456 0.652661
vt 0.420511 0.634294
vt 0.394379 0.627012
vt 0.389971 0.642791
vt 0.372948 0.634542
vt 0.370732 0.617934
vt 0.350915 0.607802
vt 0.356033 0.626202
vt 0.334958 0.615487
vt 0.328416 0.594304
vt 0.299032 0.639293
vt 0.300895 0.664505
vt 0.302190 0.733948
vt 0.308378 0.736042
vt 0.310366 0.666925
vt 0.310003 0.640634
vt 0.691527 0.705362
vt 0.258626 0.585913
vt 0.278444 0.570291
vt 0.278949 0.573198
vt 0.259513 0.588223
vt 0.740288 0.481383
vt 0.453463 0.641426
vt 0.444685 0.667111
vt 0.443164 0.674521
vt 0.361336 0.750450
vt 0.341067 0.766207
vt 0.548226 0.634973
vt 0.549426 0.629501
vt 0.547149 0.639283
vt 0.454210 0.761101
vt 0.455631 0.763717
vt 0.670823 0.627922
vt 0.676810 0.648469
vt 0.643964 0.636760
vt 0.656619 0.652709
vt 0.682869 0.658602
vt 0.686971 0.676377
vt 0.679808 0.658802
vt 0.683664 0.676465
vt 0.664120 0.662921
vt 0.676714 0.683679
vt 0.639524 0.638765
vt 0.652275 0.655214
vt 0.610556 0.601746
vt 0.625240 0.620956
vt 0.583786 0.561804
vt 0.596269 0.581971
vt 0.570235 0.516420
vt 0.572263 0.540586
vt 0.318492 0.776824
vt 0.319800 0.783248
vt 0.107257 0.727031
vt 0.087211 0.724655
vt 0.161484 0.738058
vt 0.130242 0.727565
vt 0.192955 0.752199
vt 0.264156 0.783730
vt 0.225103 0.767827
vt 0.284072 0.789104
vt 0.687248 0.694144
vt 0.659299 0.665504
vt 0.672843 0.686404
vt 0.679959 0.690052
vt 0.676853 0.693318
vt 0.570094 0.497864
vt 0.640048 0.652697
vt 0.629121 0.637231
vt 0.380359 0.735745
vt 0.390486 0.735854
vt 0.372418 0.750692
vt 0.398817 0.718726
vt 0.420658 0.697406
vt 0.423259 0.703281
vt 0.407094 0.719610
vt 0.589405 0.581814
vt 0.578914 0.562656
vt 0.437313 0.687502
vt 0.571424 0.547660
vt 0.602430 0.601877
vt 0.465041 0.626293
vt 0.463609 0.630453
vt 0.592731 0.624905
vt 0.579245 0.610101
vt 0.615845 0.620425
vt 0.602609 0.642760
vt 0.599716 0.635671
vt 0.644715 0.661300
vt 0.391605 0.045231
vt 0.382291 0.051304
vt 0.380218 0.037540
vt 0.389122 0.037261
vt 0.536071 0.625104
vt 0.536976 0.620850
vt 0.535309 0.628105
vt 0.467462 0.752325
vt 0.468014 0.754177
vt 0.559522 0.621552
vt 0.551703 0.618235
vt 0.552790 0.615491
vt 0.559522 0.618168
vt 0.542532 0.609731
vt 0.548558 0.608026
vt 0.566501 0.614838
vt 0.571825 0.622181
vt 0.573905 0.632636
vt 0.558388 0.627944
vt 0.559155 0.625009
vt 0.573614 0.628201
vt 0.538701 0.615866
vt 0.540225 0.612880
vt 0.550879 0.621070
vt 0.550260 0.623691
vt 0.499179 0.580349
vt 0.500822 0.579159
vt 0.515117 0.592589
vt 0.512231 0.594347
vt 0.468283 0.528286
vt 0.467153 0.528674
vt 0.467200 0.523600
vt 0.467426 0.522606
vt 0.468592 0.535120
vt 0.469372 0.534964
vt 0.473000 0.543213
vt 0.471945 0.543443
vt 0.483188 0.560314
vt 0.482052 0.560932
vt 0.526347 0.602754
vt 0.523105 0.605292
vt 0.490314 0.721256
vt 0.477595 0.729583
vt 0.468364 0.724591
vt 0.486418 0.716612
vt 0.530087 0.697358
vt 0.507996 0.711285
vt 0.504902 0.707039
vt 0.526704 0.694492
vt 0.543884 0.683844
vt 0.541647 0.682784
vt 0.548901 0.676127
vt 0.547895 0.675628
vt 0.483962 0.708430
vt 0.467101 0.713444
vt 0.466913 0.700485
vt 0.482399 0.698170
vt 0.523731 0.690787
vt 0.502491 0.700911
vt 0.500252 0.693934
vt 0.521040 0.686727
vt 0.539245 0.681123
vt 0.537032 0.679088
vt 0.546222 0.674584
vt 0.544035 0.673206
vt 0.481923 0.685568
vt 0.467465 0.683916
vt 0.468397 0.667638
vt 0.481431 0.672509
vt 0.518847 0.682284
vt 0.498619 0.686164
vt 0.497068 0.677283
vt 0.516851 0.676871
vt 0.535204 0.676697
vt 0.533449 0.673630
vt 0.542137 0.671472
vt 0.540610 0.669422
vt 0.468757 0.657548
vt 0.480367 0.660660
vt 0.495667 0.665188
vt 0.515103 0.668443
vt 0.531786 0.668898
vt 0.481340 0.650912
vt 0.470940 0.646687
vt 0.513682 0.661873
vt 0.495032 0.655714
vt 0.531175 0.665044
vt 0.539021 0.663877
vt 0.539180 0.666390
vt 0.543896 0.661625
vt 0.547666 0.659585
vt 0.544483 0.663032
vt 0.547216 0.665944
vt 0.548402 0.666994
vt 0.549878 0.668066
vt 0.551253 0.669010
vt 0.546003 0.664716
vt 0.436467 0.716989
vt 0.444144 0.702022
vt 0.450806 0.684408
vt 0.456877 0.668293
vt 0.460922 0.643493
vt 0.458651 0.658946
vt 0.412688 0.745113
vt 0.429469 0.731391
vt 0.400319 0.757346
vt 0.375095 0.770419
vt 0.345783 0.781324
vt 0.349990 0.768739
vt 0.447780 0.748253
vt 0.448740 0.742833
vt 0.454719 0.741359
vt 0.455944 0.746447
vt 0.465175 0.737475
vt 0.459942 0.734626
vt 0.441972 0.738521
vt 0.435067 0.745725
vt 0.429779 0.763920
vt 0.432172 0.754616
vt 0.448318 0.754146
vt 0.448270 0.760272
vt 0.469168 0.748912
vt 0.455789 0.756099
vt 0.456511 0.751605
vt 0.468310 0.743542
vt 0.399457 0.771502
vt 0.515107 0.719952
vt 0.500815 0.731281
vt 0.496077 0.727211
vt 0.511713 0.715993
vt 0.551934 0.669427
vt 0.552647 0.664221
vt 0.552567 0.669716
vt 0.534780 0.701150
vt 0.546428 0.684404
vt 0.533256 0.699943
vt 0.545606 0.684491
vt 0.489754 0.738373
vt 0.483671 0.734650
vt 0.474028 0.516366
vt 0.475406 0.517170
vt 0.475455 0.517975
vt 0.470012 0.517112
vt 0.471169 0.516507
vt 0.468318 0.519051
vt 0.469061 0.517921
vt 0.472851 0.516288
vt 0.465965 0.528878
vt 0.463837 0.528972
vt 0.464546 0.529000
vt 0.463024 0.528910
vt 0.553722 0.670419
vt 0.554492 0.670546
vt 0.478389 0.520417
vt 0.550631 0.676672
vt 0.553057 0.670107
vt 0.549874 0.676522
vt 0.467209 0.520990
vt 0.466545 0.522983
vt 0.464398 0.523855
vt 0.465100 0.523288
vt 0.552961 0.664847
vt 0.553432 0.665658
vt 0.553880 0.665590
vt 0.465680 0.522447
vt 0.554140 0.664740
vt 0.554044 0.663669
vt 0.343772 0.790037
vt 0.375198 0.778463
vt 0.373730 0.785890
vt 0.344509 0.794479
vt 0.032613 0.184669
vt 0.034969 0.196156
vt 0.021044 0.195544
vt 0.020086 0.188482
vt 0.056551 0.165600
vt 0.058725 0.179694
vt 0.029548 0.173049
vt 0.084029 0.176278
vt 0.084029 0.195272
vt 0.060766 0.195759
vt 0.015315 0.181836
vt 0.059085 0.211432
vt 0.034225 0.207054
vt 0.078984 0.214921
vt 0.042913 0.472625
vt 0.062314 0.481821
vt 0.059563 0.493167
vt 0.043791 0.493167
vt 0.029821 0.216772
vt 0.015989 0.206336
vt 0.018904 0.201904
vt 0.081500 0.225748
vt 0.057013 0.225630
vt 0.011435 0.197896
vt 0.013063 0.194867
vt 0.080337 0.162212
vt 0.009492 0.189066
vt 0.012447 0.191511
vt 0.008524 0.193369
vt 0.007022 0.191956
vt 0.009522 0.200058
vt 0.023150 0.394601
vt 0.025574 0.394845
vt 0.026072 0.397253
vt 0.023151 0.397492
vt 0.009175 0.194868
vt 0.007014 0.197575
vt 0.008399 0.196217
vt 0.683536 0.700667
vt 0.680293 0.705123
vt 0.105515 0.596428
vt 0.103854 0.598101
vt 0.674916 0.700526
vt 0.667889 0.696097
vt 0.669246 0.694777
vt 0.367718 0.051304
vt 0.369022 0.034464
vt 0.311758 0.810220
vt 0.311044 0.819155
vt 0.354935 0.023245
vt 0.361682 0.012038
vt 0.367722 0.017801
vt 0.364166 0.023353
vt 0.353603 0.042409
vt 0.354879 0.029499
vt 0.326914 0.807853
vt 0.325230 0.804484
vt 0.318162 0.801799
vt 0.321043 0.788667
vt 0.320537 0.795124
vt 0.321088 0.761077
vt 0.318475 0.758304
vt 0.318378 0.768876
vt 0.315433 0.755674
vt 0.312614 0.753472
vt 0.315258 0.763412
vt 0.312370 0.761504
vt 0.818382 0.529687
vt 0.819557 0.535302
vt 0.796996 0.526931
vt 0.796164 0.520182
vt 0.225706 0.605001
vt 0.226295 0.602760
vt 0.768450 0.502194
vt 0.768289 0.498303
vt 0.366289 0.610275
vt 0.345050 0.599670
vt 0.342628 0.595707
vt 0.364821 0.607115
vt 0.661806 0.498996
vt 0.685359 0.492028
vt 0.684976 0.495986
vt 0.660387 0.502620
vt 0.630666 0.506994
vt 0.630858 0.505047
vt 0.028376 0.542553
vt 0.029969 0.541689
vt 0.036022 0.560291
vt 0.669960 0.147098
vt 0.669100 0.138893
vt 0.679846 0.138448
vt 0.680190 0.146930
vt 0.655933 0.148411
vt 0.654377 0.140773
vt 0.661207 0.139489
vt 0.662526 0.147490
vt 0.667478 0.130640
vt 0.665394 0.121937
vt 0.676529 0.121489
vt 0.678311 0.130066
vt 0.652465 0.133123
vt 0.650200 0.125373
vt 0.657630 0.122854
vt 0.659569 0.131411
vt 0.662406 0.113423
vt 0.659482 0.105385
vt 0.671403 0.101501
vt 0.673878 0.112333
vt 0.646555 0.118311
vt 0.642897 0.110996
vt 0.652117 0.106919
vt 0.655022 0.114616
vt 0.654708 0.092028
vt 0.667406 0.086356
vt 0.638009 0.098575
vt 0.646575 0.094022
vt 0.926357 0.292915
vt 0.913884 0.285299
vt 0.946030 0.301242
vt 0.944082 0.307729
vt 0.931041 0.304896
vt 0.933697 0.298399
vt 0.670301 0.163392
vt 0.663345 0.163407
vt 0.657002 0.163715
vt 0.640887 0.136254
vt 0.643289 0.143256
vt 0.371700 0.954264
vt 0.376761 0.954031
vt 0.377254 0.968512
vt 0.371964 0.968846
vt 0.372555 0.913537
vt 0.377817 0.913421
vt 0.376936 0.937144
vt 0.371907 0.937096
vt 0.372669 0.900560
vt 0.378194 0.900620
vt 0.372859 0.883025
vt 0.378706 0.883530
vt 0.384022 0.901803
vt 0.384452 0.884535
vt 0.390680 0.886417
vt 0.390533 0.902301
vt 0.397104 0.916825
vt 0.390514 0.914766
vt 0.397522 0.904171
vt 0.384577 0.980590
vt 0.383843 0.967593
vt 0.390816 0.966656
vt 0.391098 0.979876
vt 0.396551 0.936446
vt 0.405901 0.914045
vt 0.403193 0.930890
vt 0.383340 0.937078
vt 0.384059 0.913879
vt 0.383235 0.953441
vt 0.389904 0.937160
vt 0.390438 0.952788
vt 0.398746 0.888498
vt 0.407602 0.890285
vt 0.405271 0.903865
vt 0.397405 0.951812
vt 0.403668 0.949806
vt 0.388897 0.826139
vt 0.394478 0.836423
vt 0.388716 0.840997
vt 0.383827 0.831480
vt 0.399167 0.850090
vt 0.400925 0.869312
vt 0.392584 0.868848
vt 0.392023 0.853044
vt 0.380116 0.835025
vt 0.383351 0.844006
vt 0.377856 0.846285
vt 0.376279 0.837836
vt 0.385465 0.855148
vt 0.386364 0.868034
vt 0.379222 0.867344
vt 0.378959 0.856459
vt 0.372837 0.856561
vt 0.372968 0.867110
vt 0.372446 0.847051
vt 0.371651 0.839251
vt 0.436073 0.910290
vt 0.419556 0.913940
vt 0.420967 0.902199
vt 0.436509 0.900375
vt 0.132312 0.837269
vt 0.136954 0.827329
vt 0.146452 0.829804
vt 0.142357 0.838617
vt 0.422986 0.888335
vt 0.434699 0.886116
vt 0.165997 0.840298
vt 0.163232 0.846979
vt 0.424279 0.874049
vt 0.430796 0.873200
vt 0.190665 0.849250
vt 0.188093 0.854860
vt 0.412186 0.869430
vt 0.132626 0.879068
vt 0.157405 0.880594
vt 0.229770 0.881079
vt 0.229116 0.883323
vt 0.207032 0.878090
vt 0.207578 0.875043
vt 0.248606 0.889180
vt 0.246625 0.889646
vt 0.915971 0.345414
vt 0.924488 0.345965
vt 0.184170 0.872470
vt 0.184483 0.868609
vt 0.936446 0.347802
vt 0.925116 0.332976
vt 0.936320 0.334692
vt 0.942437 0.314152
vt 0.929178 0.311492
vt 0.893994 0.341398
vt 0.893192 0.326225
vt 0.913722 0.328788
vt 0.731242 0.470560
vt 0.745097 0.468192
vt 0.327698 0.809577
vt 0.372455 0.981232
vt 0.378276 0.981159
vt 0.953281 0.316091
vt 0.955208 0.309819
vt 0.106527 0.878965
vt 0.106457 0.865046
vt 0.112755 0.865512
vt 0.112852 0.879240
vt 0.081416 0.875302
vt 0.081197 0.858982
vt 0.089366 0.860181
vt 0.089428 0.876142
vt 0.101889 0.835822
vt 0.093717 0.834901
vt 0.095081 0.826217
vt 0.104257 0.826160
vt 0.123422 0.809268
vt 0.131542 0.810300
vt 0.128543 0.826606
vt 0.121431 0.826160
vt 0.084192 0.818141
vt 0.096622 0.815311
vt 0.084062 0.826753
vt 0.781294 0.061777
vt 0.778113 0.071185
vt 0.773993 0.065727
vt 0.776118 0.058014
vt 0.268490 0.242800
vt 0.263100 0.209760
vt 0.266933 0.211565
vt 0.272809 0.242507
vt 0.251472 0.172726
vt 0.257156 0.174039
vt 0.276986 0.240352
vt 0.271767 0.213131
vt 0.278258 0.213529
vt 0.280689 0.236713
vt 0.261777 0.176799
vt 0.273242 0.179043
vt 0.286468 0.212585
vt 0.285443 0.238590
vt 0.659320 0.043495
vt 0.664082 0.043591
vt 0.576516 0.021280
vt 0.564058 0.018069
vt 0.560502 0.012467
vt 0.579013 0.007898
vt 0.614944 0.031881
vt 0.615175 0.018945
vt 0.642564 0.034513
vt 0.640871 0.023657
vt 0.655698 0.039030
vt 0.658516 0.036141
vt 0.256968 0.891669
vt 0.252244 0.883649
vt 0.253616 0.881333
vt 0.257983 0.890756
vt 0.279856 0.252622
vt 0.276512 0.256570
vt 0.282773 0.247370
vt 0.254923 0.143959
vt 0.269806 0.150671
vt 0.287247 0.179283
vt 0.287271 0.151159
vt 0.550867 0.050735
vt 0.555723 0.039621
vt 0.568510 0.038162
vt 0.563553 0.049769
vt 0.246856 0.141540
vt 0.230069 0.136393
vt 0.551911 0.016650
vt 0.559126 0.021620
vt 0.562818 0.027635
vt 0.252245 0.135465
vt 0.266853 0.139671
vt 0.596662 0.037756
vt 0.597461 0.046728
vt 0.620104 0.044862
vt 0.641801 0.044057
vt 0.106407 0.812848
vt 0.113183 0.810839
vt 0.110964 0.826157
vt 0.113703 0.837062
vt 0.107988 0.836575
vt 0.116933 0.826083
vt 0.094500 0.877199
vt 0.094536 0.862011
vt 0.098279 0.863548
vt 0.098245 0.878077
vt 0.717550 0.028769
vt 0.718460 0.022828
vt 0.722058 0.029135
vt 0.722815 0.023302
vt 0.732377 0.035881
vt 0.727246 0.030486
vt 0.728735 0.025279
vt 0.735733 0.032223
vt 0.716857 0.037843
vt 0.723663 0.038885
vt 0.720466 0.038044
vt 0.727222 0.041948
vt 0.716713 0.046673
vt 0.720878 0.047966
vt 0.718973 0.047236
vt 0.723600 0.049896
vt 0.765908 0.074646
vt 0.760330 0.073379
vt 0.762615 0.067595
vt 0.766590 0.069684
vt 0.770537 0.075788
vt 0.769787 0.070602
vt 0.778650 0.038789
vt 0.782487 0.038538
vt 0.782487 0.051256
vt 0.777657 0.048940
vt 0.781699 0.028820
vt 0.778756 0.031928
vt 0.453809 0.029408
vt 0.450481 0.036454
vt 0.773257 0.047529
vt 0.775141 0.038293
vt 0.401918 0.830204
vt 0.407317 0.846208
vt 0.395261 0.817317
vt 0.637888 0.129599
vt 0.464021 0.044985
vt 0.459230 0.030860
vt 0.469182 0.021325
vt 0.477720 0.045102
vt 0.466942 0.058315
vt 0.480825 0.063933
vt 0.466750 0.067784
vt 0.478118 0.077705
vt 0.663475 0.155331
vt 0.657046 0.155971
vt 0.670519 0.155281
vt 0.718270 0.019496
vt 0.722057 0.018918
vt 0.459379 0.063372
vt 0.458732 0.055949
vt 0.456290 0.046551
vt 0.453318 0.038741
vt 0.456204 0.021534
vt 0.456250 0.083344
vt 0.455137 0.074400
vt 0.458580 0.069793
vt 0.463833 0.076486
vt 0.458903 0.095267
vt 0.470637 0.088759
vt 0.776823 0.030173
vt 0.680309 0.155370
vt 0.770976 0.056172
vt 0.770631 0.061565
vt 0.102754 0.878642
vt 0.766974 0.057474
vt 0.947472 0.349243
vt 0.766274 0.060190
vt 0.764100 0.061788
vt 0.762945 0.063669
vt 0.779707 0.025411
vt 0.207181 0.886194
vt 0.184888 0.882275
vt 0.248188 0.893218
vt 0.228904 0.889280
vt 0.157464 0.868330
vt 0.132544 0.865429
vt 0.120638 0.865419
vt 0.120791 0.879170
vt 0.770760 0.065576
vt 0.769629 0.063210
vt 0.764681 0.064154
vt 0.764880 0.066219
vt 0.767242 0.063405
vt 0.768497 0.067441
vt 0.766325 0.067216
vt 0.765752 0.063836
vt 0.724849 0.017297
vt 0.721924 0.053331
vt 0.719744 0.052124
vt 0.718092 0.051582
vt 0.716525 0.051163
vt 0.719288 0.054409
vt 0.717746 0.054619
vt 0.716424 0.053591
vt 0.721100 0.055232
vt 0.009639 0.398177
vt 0.010551 0.394601
vt 0.011084 0.401870
vt 0.204452 0.064985
vt 0.182210 0.063240
vt 0.180266 0.034970
vt 0.207625 0.036929
vt 0.204440 0.090025
vt 0.188612 0.092037
vt 0.205011 0.113055
vt 0.196452 0.114831
vt 0.211418 0.111275
vt 0.215610 0.088447
vt 0.220588 0.064589
vt 0.227593 0.038352
vt 0.227821 0.021688
vt 0.245719 0.022720
vt 0.247775 0.039724
vt 0.165242 0.062147
vt 0.161519 0.032444
vt 0.177192 0.093272
vt 0.189760 0.113529
vt 0.378783 0.988476
vt 0.384932 0.988121
vt 0.372764 0.988309
vt 0.405036 0.963974
vt 0.404173 0.977740
vt 0.397592 0.979109
vt 0.397735 0.965586
vt 0.391174 0.987684
vt 0.177518 0.016229
vt 0.205229 0.020351
vt 0.409629 0.975340
vt 0.407789 0.961886
vt 0.411958 0.959103
vt 0.415196 0.971519
vt 0.406098 0.949760
vt 0.406763 0.938635
vt 0.408290 0.940285
vt 0.408521 0.948706
vt 0.410120 0.984142
vt 0.403619 0.986253
vt 0.632404 0.123640
vt 0.645112 0.150361
vt 0.646528 0.164515
vt 0.646370 0.157452
vt 0.397461 0.987015
vt 0.156914 0.004037
vt 0.957390 0.302972
vt 0.948158 0.335899
vt 0.083625 0.834598
vt 0.627023 0.107444
vt 0.627411 0.118377
vt 0.214846 0.236482
vt 0.251327 0.226386
vt 0.243258 0.245187
vt 0.214444 0.249845
vt 0.185000 0.242989
vt 0.184511 0.255861
vt 0.153261 0.245373
vt 0.150820 0.251194
vt 0.128328 0.240176
vt 0.127554 0.245653
vt 0.120884 0.239704
vt 0.120970 0.247622
vt 0.073599 0.010712
vt 0.099749 0.004152
vt 0.080191 0.037874
vt 0.065963 0.036877
vt 0.050761 0.013208
vt 0.043866 0.033640
vt 0.011460 0.014541
vt 0.031820 0.011386
vt 0.026825 0.033534
vt 0.005051 0.034316
vt 0.418173 0.922941
vt 0.436413 0.919946
vt 0.124726 0.837380
vt 0.024604 0.255860
vt 0.008957 0.248457
vt 0.012159 0.223262
vt 0.027911 0.235436
vt 0.118036 0.837269
vt 0.119094 0.809449
vt 0.102763 0.864503
vt 0.418446 0.931570
vt 0.106215 0.251560
vt 0.100230 0.248773
vt 0.101238 0.243279
vt 0.108101 0.241392
vt 0.112944 0.251297
vt 0.113797 0.242689
vt 0.052956 0.254463
vt 0.052169 0.242837
vt 0.078778 0.252763
vt 0.077978 0.244521
vt 0.038008 0.059179
vt 0.019844 0.060707
vt 0.059814 0.062901
vt 0.032575 0.087063
vt 0.017630 0.087179
vt 0.045523 0.088837
vt 0.069715 0.067296
vt 0.053378 0.094543
vt 0.006827 0.060379
vt 0.009602 0.086573
vt 0.038423 0.115841
vt 0.030746 0.117173
vt 0.022788 0.116767
vt 0.225558 0.088375
vt 0.235422 0.064932
vt 0.217169 0.108160
vt 0.016794 0.116128
vt 0.011876 0.110677
vt 0.706935 0.138397
vt 0.705691 0.129733
vt 0.718567 0.129590
vt 0.719665 0.138416
vt 0.704302 0.121054
vt 0.717337 0.120914
vt 0.706659 0.163520
vt 0.719284 0.163529
vt 0.706974 0.155564
vt 0.719646 0.155566
vt 0.702847 0.109255
vt 0.703985 0.084846
vt 0.716721 0.085830
vt 0.716550 0.109247
vt 0.707086 0.147183
vt 0.719754 0.147238
vt 0.736352 0.163702
vt 0.744193 0.163749
vt 0.736635 0.155704
vt 0.744377 0.155770
vt 0.733709 0.109571
vt 0.733708 0.087553
vt 0.742001 0.088627
vt 0.741291 0.109788
vt 0.736482 0.147143
vt 0.744036 0.147202
vt 0.736397 0.138279
vt 0.735338 0.129652
vt 0.742848 0.129682
vt 0.743807 0.138339
vt 0.734347 0.120798
vt 0.742043 0.120786
vt 0.758502 0.163826
vt 0.758797 0.155802
vt 0.776295 0.155916
vt 0.776088 0.163884
vt 0.755812 0.110591
vt 0.756308 0.093067
vt 0.773891 0.098144
vt 0.773458 0.112035
vt 0.758632 0.147242
vt 0.776199 0.147406
vt 0.758432 0.138345
vt 0.757461 0.129764
vt 0.775176 0.130048
vt 0.775958 0.138645
vt 0.756561 0.121080
vt 0.774377 0.121464
vt 0.796143 0.113484
vt 0.796835 0.101248
vt 0.820056 0.104705
vt 0.819142 0.115848
vt 0.798160 0.156122
vt 0.798108 0.147784
vt 0.820768 0.148252
vt 0.820866 0.156246
vt 0.797973 0.139295
vt 0.797461 0.130846
vt 0.820269 0.132157
vt 0.820774 0.140136
vt 0.796736 0.122544
vt 0.819598 0.124277
vt 0.797880 0.163991
vt 0.820650 0.163899
vt 0.841981 0.155956
vt 0.841955 0.148606
vt 0.862407 0.149106
vt 0.862382 0.155786
vt 0.841912 0.141347
vt 0.841430 0.134073
vt 0.862549 0.136044
vt 0.862855 0.142581
vt 0.840794 0.126928
vt 0.862236 0.129596
vt 0.841874 0.163234
vt 0.862024 0.162991
vt 0.839860 0.120034
vt 0.840599 0.110089
vt 0.862210 0.115319
vt 0.861642 0.123859
vt 0.975726 0.577889
vt 0.967976 0.592358
vt 0.960459 0.606139
vt 0.954685 0.622531
vt 0.949665 0.638838
vt 0.945967 0.651720
vt 0.419478 0.935776
vt 0.416065 0.982708
vt 0.688333 0.110473
vt 0.690283 0.121271
vt 0.693179 0.138398
vt 0.693406 0.147092
vt 0.693388 0.155521
vt 0.690052 0.087243
vt 0.680003 0.163430
vt 0.693090 0.163513
vt 0.691832 0.129866
vt 0.942906 0.662231
vt 0.940459 0.667883
vt 0.935161 0.679259
vt 0.931513 0.687924
vt 0.932683 0.698333
vt 0.924602 0.704628
vt 0.680393 0.077266
vt 0.068525 0.801002
vt 0.060561 0.791632
vt 0.437352 0.925698
vt 0.439034 0.928641
vt 0.426821 0.941422
vt 0.442884 0.932772
vt 0.450603 0.916759
vt 0.448787 0.907829
vt 0.444239 0.947812
vt 0.434161 0.945458
vt 0.448137 0.936724
vt 0.455845 0.941824
vt 0.952727 0.282319
vt 0.967350 0.282558
vt 0.960055 0.295489
vt 0.948590 0.294076
vt 0.544320 0.050495
vt 0.553946 0.030479
vt 0.554881 0.025412
vt 0.546806 0.019951
vt 0.547930 0.038163
vt 0.454781 0.953947
vt 0.465442 0.947326
vt 0.440763 0.884879
vt 0.434615 0.871780
vt 0.446443 0.898929
vt 0.937432 0.291293
vt 0.943188 0.279114
vt 0.937222 0.272853
vt 0.929527 0.285617
vt 0.920482 0.276769
vt 0.930141 0.260646
vt 0.910469 0.267715
vt 0.916817 0.251835
vt 0.143906 0.813570
vt 0.154262 0.821025
vt 0.171072 0.834286
vt 0.189603 0.842586
vt 0.286602 0.139274
vt 0.233276 0.126508
vt 0.245194 0.133911
vt 0.451746 0.922388
vt 0.453027 0.925169
vt 0.455453 0.928717
vt 0.458743 0.932478
vt 0.463926 0.937450
vt 0.470838 0.943293
vt 0.902312 0.278578
vt 0.053418 0.784964
vt 0.874220 0.325002
vt 0.874620 0.341545
vt 0.859908 0.341527
vt 0.861203 0.323182
vt 0.827350 0.321634
vt 0.824366 0.340986
vt 0.809756 0.340985
vt 0.809012 0.326152
vt 0.767036 0.329266
vt 0.770664 0.344661
vt 0.751666 0.346359
vt 0.751213 0.329699
vt 0.770524 0.368432
vt 0.729633 0.331901
vt 0.731595 0.348711
vt 0.711459 0.350128
vt 0.708806 0.333502
vt 0.697516 0.333194
vt 0.700644 0.350139
vt 0.689791 0.350742
vt 0.685920 0.334480
vt 0.731643 0.316661
vt 0.708124 0.317786
vt 0.706307 0.307918
vt 0.730259 0.309273
vt 0.765117 0.313878
vt 0.750750 0.315665
vt 0.749466 0.307685
vt 0.765428 0.303137
vt 0.827235 0.300620
vt 0.809436 0.300787
vt 0.808403 0.291809
vt 0.826573 0.291799
vt 0.874840 0.319526
vt 0.861413 0.317802
vt 0.894098 0.320069
vt 0.885831 0.291547
vt 0.044167 0.772673
vt 0.043433 0.753820
vt 0.040532 0.660449
vt 0.025919 0.663655
vt 0.025630 0.646023
vt 0.039251 0.643603
vt 0.784170 0.307015
vt 0.783706 0.297494
vt 0.786926 0.344605
vt 0.786273 0.328032
vt 0.062681 0.679915
vt 0.060117 0.669356
vt 0.070849 0.707069
vt 0.065473 0.691808
vt 0.861297 0.304378
vt 0.842796 0.301957
vt 0.841960 0.293456
vt 0.860357 0.295482
vt 0.841786 0.340613
vt 0.842832 0.322355
vt 0.042122 0.717609
vt 0.036468 0.700554
vt 0.049410 0.696272
vt 0.054631 0.712724
vt 0.031092 0.688235
vt 0.027176 0.677350
vt 0.042698 0.673567
vt 0.045455 0.684347
vt 0.058159 0.657383
vt 0.055907 0.641634
vt 0.057724 0.725753
vt 0.044359 0.730178
vt 0.057023 0.736540
vt 0.044361 0.740847
vt 0.070157 0.729221
vt 0.073257 0.717013
vt 0.054162 0.631248
vt 0.038144 0.632439
vt 0.024642 0.635203
vt 0.696961 0.329686
vt 0.708649 0.329341
vt 0.052337 0.620055
vt 0.050019 0.603604
vt 0.960099 0.498717
vt 0.961607 0.500142
vt 0.937802 0.515559
vt 0.041445 0.555326
vt 0.044285 0.552971
vt 0.056407 0.565770
vt 0.052518 0.568355
vt 0.986728 0.473256
vt 0.985750 0.479530
vt 0.982650 0.479412
vt 0.982563 0.476628
vt 0.031614 0.540197
vt 0.030798 0.536236
vt 0.035403 0.536736
vt 0.037075 0.541485
vt 0.569326 0.279240
vt 0.596549 0.289611
vt 0.594830 0.294671
vt 0.567248 0.282585
vt 0.623711 0.299288
vt 0.619512 0.305230
vt 0.645327 0.311180
vt 0.636977 0.318402
vt 0.570440 0.290626
vt 0.593586 0.305963
vt 0.948519 0.136230
vt 0.941967 0.132255
vt 0.951232 0.118057
vt 0.955816 0.120465
vt 0.974820 0.487923
vt 0.973050 0.486477
vt 0.042102 0.577654
vt 0.075615 0.585506
vt 0.046478 0.589681
vt 0.034175 0.607270
vt 0.036847 0.621641
vt 0.032791 0.594185
vt 0.031029 0.581654
vt 0.029053 0.561517
vt 0.022795 0.609905
vt 0.023320 0.624444
vt 0.024771 0.597054
vt 0.025781 0.583910
vt 0.024545 0.563558
vt 0.623902 0.294672
vt 0.596746 0.285984
vt 0.596385 0.281371
vt 0.623188 0.288517
vt 0.643467 0.302008
vt 0.640994 0.292113
vt 0.623445 0.331697
vt 0.611594 0.320587
vt 0.030991 0.534847
vt 0.035874 0.534417
vt 0.631509 0.356489
vt 0.656106 0.349602
vt 0.656443 0.326210
vt 0.660745 0.332433
vt 0.627195 0.336218
vt 0.643138 0.325026
vt 0.645931 0.328123
vt 0.628237 0.340187
vt 0.693014 0.314777
vt 0.709084 0.322909
vt 0.694808 0.322084
vt 0.842890 0.310752
vt 0.827436 0.309542
vt 0.827343 0.306003
vt 0.842845 0.307234
vt 0.861466 0.312758
vt 0.861382 0.309542
vt 0.809785 0.309943
vt 0.784138 0.315873
vt 0.784029 0.312476
vt 0.809699 0.306209
vt 0.926818 0.321697
vt 0.916369 0.317008
vt 0.917767 0.313257
vt 0.927754 0.317484
vt 0.898538 0.308155
vt 0.878514 0.308826
vt 0.881275 0.302078
vt 0.765133 0.320158
vt 0.750310 0.320286
vt 0.750408 0.318321
vt 0.764932 0.317888
vt 0.730134 0.322079
vt 0.709002 0.325412
vt 0.730783 0.319745
vt 0.118547 0.850854
vt 0.112040 0.850620
vt 0.114466 0.845237
vt 0.121088 0.845380
vt 0.108146 0.850232
vt 0.110424 0.844952
vt 0.128817 0.845125
vt 0.126356 0.850583
vt 0.103138 0.849424
vt 0.098234 0.848140
vt 0.099763 0.843210
vt 0.105150 0.844285
vt 0.091585 0.846545
vt 0.082621 0.845650
vt 0.083085 0.841171
vt 0.092495 0.841847
vt 0.255696 0.893102
vt 0.256411 0.892411
vt 0.250331 0.887221
vt 0.251186 0.885883
vt 0.950772 0.325022
vt 0.939801 0.323563
vt 0.940961 0.319736
vt 0.951768 0.321388
vt 0.212052 0.863654
vt 0.210280 0.867930
vt 0.186793 0.859659
vt 0.232297 0.876165
vt 0.233911 0.873182
vt 0.160277 0.856894
vt 0.161497 0.852916
vt 0.185899 0.863003
vt 0.137261 0.851299
vt 0.139449 0.846213
vt 0.896818 0.312328
vt 0.660199 0.306782
vt 0.658277 0.295507
vt 0.677697 0.300119
vt 0.678978 0.310936
vt 0.664997 0.320368
vt 0.662303 0.314978
vt 0.681319 0.319910
vt 0.682866 0.324869
vt 0.664081 0.346864
vt 0.674659 0.346967
vt 0.673672 0.334774
vt 0.928333 0.160442
vt 0.934769 0.159277
vt 0.932192 0.151925
vt 0.939029 0.153327
vt 0.934399 0.146998
vt 0.941898 0.149059
vt 0.482481 0.522107
vt 0.489897 0.523710
vt 0.550361 0.507677
vt 0.561026 0.500046
vt 0.570015 0.493027
vt 0.600039 0.506408
vt 0.578773 0.498008
vt 0.578920 0.493503
vt 0.600166 0.503847
vt 0.754058 0.482383
vt 0.748063 0.460566
vt 0.755880 0.475897
vt 0.478589 0.519951
vt 0.528053 0.519236
vt 0.541024 0.513729
vt 0.706791 0.480700
vt 0.709624 0.477748
vt 0.734427 0.464308
vt 0.508796 0.522813
vt 0.912289 0.530742
vt 0.879796 0.540135
vt 0.878333 0.537771
vt 0.910723 0.528462
vt 0.844044 0.541533
vt 0.842523 0.537027
vt 0.980419 0.078433
vt 0.984512 0.078182
vt 0.968752 0.101062
vt 0.961944 0.100994
vt 0.981484 0.557189
vt 0.984426 0.537970
vt 0.938447 0.138001
vt 0.946434 0.141553
vt 0.944197 0.145075
vt 0.936192 0.142712
vt 0.671065 0.328318
vt 0.668101 0.324637
vt 0.683973 0.328236
vt 0.685108 0.331135
vt 0.913917 0.323202
vt 0.895417 0.315962
vt 0.915119 0.320065
vt 0.122225 0.859464
vt 0.124270 0.855107
vt 0.135459 0.855541
vt 0.133803 0.859692
vt 0.159233 0.860259
vt 0.158252 0.863523
vt 0.185169 0.865885
vt 0.937709 0.329794
vt 0.925545 0.327998
vt 0.926123 0.325043
vt 0.938820 0.326724
vt 0.949115 0.331002
vt 0.949951 0.328041
vt 0.095580 0.856111
vt 0.089968 0.854219
vt 0.090783 0.850422
vt 0.096922 0.852181
vt 0.252992 0.894180
vt 0.249524 0.888231
vt 0.254637 0.893749
vt 0.104298 0.858664
vt 0.099672 0.857682
vt 0.101412 0.853629
vt 0.106232 0.854542
vt 0.255402 0.898824
vt 0.253546 0.898795
vt 0.081645 0.853031
vt 0.082173 0.849371
vt 0.114365 0.859606
vt 0.116442 0.855323
vt 0.108027 0.859194
vt 0.110031 0.855004
vt 0.729596 0.326299
vt 0.708687 0.327431
vt 0.729822 0.324069
vt 0.765719 0.324271
vt 0.750622 0.324089
vt 0.750415 0.322034
vt 0.765364 0.322111
vt 0.827600 0.315266
vt 0.809678 0.316925
vt 0.809780 0.313241
vt 0.827522 0.312430
vt 0.784915 0.321776
vt 0.784442 0.318693
vt 0.842956 0.316383
vt 0.842929 0.313611
vt 0.861491 0.315314
vt 0.650985 0.318925
vt 0.653654 0.322895
vt 0.695773 0.325733
vt 0.696326 0.327854
vt 0.875706 0.316467
vt 0.876819 0.313145
vt 0.209186 0.870733
vt 0.208351 0.872962
vt 0.230513 0.879659
vt 0.231274 0.878154
vt 0.880188 0.164545
vt 0.882176 0.155687
vt 0.249169 0.898778
vt 0.883091 0.149256
vt 0.884435 0.142966
vt 0.884887 0.137244
vt 0.885569 0.131292
vt 0.888298 0.124923
vt 0.932938 0.122250
vt 0.925574 0.131491
vt 0.907862 0.131709
vt 0.913279 0.123637
vt 0.922678 0.137425
vt 0.905805 0.137640
vt 0.921209 0.142348
vt 0.904820 0.142758
vt 0.919672 0.147148
vt 0.903667 0.147820
vt 0.917761 0.152920
vt 0.902062 0.153906
vt 0.913748 0.162402
vt 0.898412 0.163592
vt 0.891617 0.115618
vt 0.917583 0.113553
vt 0.971163 0.508759
vt 0.982823 0.518840
vt 0.988797 0.523920
vt 0.937174 0.111803
vt 0.986497 0.498779
vt 0.988515 0.480090
vt 0.990639 0.481892
vt 0.991823 0.503955
vt 0.980814 0.493734
vt 0.033013 0.530830
vt 0.039015 0.529406
vt 0.989217 0.473293
vt 0.991823 0.479023
vt 0.546802 0.149485
vt 0.553316 0.156826
vt 0.520598 0.153583
vt 0.521280 0.147674
vt 0.553359 0.171927
vt 0.551783 0.177510
vt 0.512047 0.171293
vt 0.517302 0.167349
vt 0.559794 0.136317
vt 0.558497 0.143202
vt 0.520766 0.139807
vt 0.522247 0.135193
vt 0.558196 0.131600
vt 0.516021 0.131929
vt 0.514430 0.128009
vt 0.557188 0.126628
vt 0.547136 0.145969
vt 0.521325 0.143215
vt 0.553537 0.166534
vt 0.518502 0.163618
vt 0.552847 0.162314
vt 0.519358 0.159667
vt 0.569385 0.276451
vt 0.023801 0.543042
vt 0.026213 0.543089
vt 0.467838 0.136662
vt 0.468484 0.133200
vt 0.468860 0.161994
vt 0.468617 0.159015
vt 0.468761 0.139661
vt 0.468672 0.156375
vt 0.464205 0.167910
vt 0.469100 0.150649
vt 0.469179 0.144378
vt 0.459447 0.130458
vt 0.461983 0.126629
vt 0.438000 0.184677
vt 0.435867 0.175077
vt 0.431136 0.154862
vt 0.429213 0.148650
vt 0.432143 0.161694
vt 0.427574 0.125444
vt 0.428958 0.116873
vt 0.428094 0.143144
vt 0.426871 0.137484
vt 0.427962 0.131701
vt 0.433447 0.168740
vt 0.421152 0.177626
vt 0.419738 0.171945
vt 0.413107 0.145214
vt 0.411185 0.138644
vt 0.420880 0.186682
vt 0.417328 0.158898
vt 0.414594 0.151717
vt 0.419743 0.165821
vt 0.411501 0.123284
vt 0.411294 0.112937
vt 0.411597 0.130924
vt 0.408601 0.152498
vt 0.407120 0.147096
vt 0.403677 0.139580
vt 0.403997 0.130802
vt 0.412748 0.172358
vt 0.412106 0.168109
vt 0.412350 0.178100
vt 0.410516 0.184372
vt 0.409008 0.160602
vt 0.402974 0.123121
vt 0.401903 0.118097
vt 0.025053 0.463521
vt 0.010075 0.464614
vt 0.020855 0.456656
vt 0.025195 0.457356
vt 0.005131 0.450401
vt 0.017478 0.452755
vt 0.040681 0.443311
vt 0.037185 0.447777
vt 0.031759 0.449304
vt 0.031564 0.444709
vt 0.035457 0.463132
vt 0.032782 0.457627
vt 0.052517 0.449442
vt 0.050126 0.464614
vt 0.039685 0.456884
vt 0.044294 0.452023
vt 0.010021 0.443806
vt 0.021267 0.449914
vt 0.020069 0.442034
vt 0.024073 0.449157
vt 0.569660 0.273695
vt 0.235778 0.870469
vt 0.213972 0.860043
vt 0.691954 0.304267
vt 0.548597 0.656423
vt 0.467651 0.520107
vt 0.078294 0.582600
vt 0.682466 0.686173
vt 0.684586 0.686260
vt 0.683433 0.681080
vt 0.681437 0.681148
vt 0.663008 0.008283
vt 0.663001 0.207555
vt 0.638704 0.206656
vt 0.630540 0.007081
vt 0.131452 0.232601
vt 0.125714 0.436310
vt 0.097188 0.444951
vt 0.094301 0.237451
vt 0.711733 0.007081
vt 0.711733 0.214503
vt 0.691749 0.220271
vt 0.686279 0.010549
vt 0.656614 0.345992
vt 0.647742 0.345664
vt 0.678263 0.010990
vt 0.683722 0.220713
vt 0.488495 0.347768
vt 0.495903 0.138136
vt 0.516153 0.143476
vt 0.514706 0.350712
vt 0.671139 0.008482
vt 0.671139 0.208817
vt 0.138763 0.232017
vt 0.132926 0.434667
vt 0.543495 0.152165
vt 0.550356 0.355619
vt 0.423599 0.373120
vt 0.420808 0.393247
vt 0.418148 0.390865
vt 0.416502 0.379945
vt 0.533337 0.007081
vt 0.540592 0.009619
vt 0.550356 0.013732
vt 0.136177 0.575264
vt 0.125980 0.579359
vt 0.659582 0.346663
vt 0.693574 0.352909
vt 0.690643 0.353070
vt 0.138763 0.574459
vt 0.700853 0.350209
vt 0.426536 0.373120
vt 0.429797 0.393247
vt 0.433792 0.379945
vt 0.432402 0.390865
vt 0.276660 0.064668
vt 0.339653 0.056557
vt 0.297239 0.127852
vt 0.209863 0.036112
vt 0.269535 0.072776
vt 0.217586 0.098990
vt 0.100972 0.630896
vt 0.156510 0.586516
vt 0.144492 0.662436
vt 0.209864 0.172146
vt 0.269536 0.152736
vt 0.229944 0.225308
vt 0.156510 0.743699
vt 0.094301 0.704167
vt 0.153526 0.216416
vt 0.340082 0.187515
vt 0.283295 0.194645
vt 0.376932 0.128765
vt 0.412241 0.196123
vt 0.145888 0.138347
vt 0.412241 0.066221
vt 0.145888 0.058388
vt 0.314645 0.007081
vt 0.153524 0.007081
vt 0.794846 0.522510
vt 0.751061 0.524535
vt 0.763693 0.379844
vt 0.794846 0.362776
vt 0.753515 0.715105
vt 0.795696 0.723377
vt 0.795696 0.853959
vt 0.764673 0.835200
vt 0.220526 0.948116
vt 0.248952 0.928969
vt 0.248952 0.985953
vt 0.236389 0.992013
vt 0.084825 0.669768
vt 0.042546 0.676060
vt 0.023522 0.514594
vt 0.051374 0.532370
vt 0.192193 0.942486
vt 0.143467 0.938041
vt 0.143466 0.886094
vt 0.192193 0.890539
vt 0.514698 0.706953
vt 0.488495 0.727292
vt 0.500782 0.585317
vt 0.544204 0.587642
vt 0.422935 0.720573
vt 0.408031 0.721715
vt 0.408032 0.705894
vt 0.422935 0.704752
vt 0.544204 0.770094
vt 0.535205 0.781096
vt 0.074856 0.456982
vt 0.084825 0.467102
vt 0.853740 0.895931
vt 0.889100 0.896636
vt 0.889100 0.963813
vt 0.874564 0.965723
vt 0.349458 0.783001
vt 0.305261 0.784395
vt 0.318071 0.639270
vt 0.349458 0.622513
vt 0.437666 0.714552
vt 0.481371 0.721550
vt 0.481371 0.852815
vt 0.449577 0.834839
vt 0.603577 0.089096
vt 0.585197 0.081477
vt 0.616998 0.016123
vt 0.623416 0.021435
vt 0.623416 0.219840
vt 0.582461 0.230650
vt 0.557480 0.066439
vt 0.613920 0.951466
vt 0.564751 0.947507
vt 0.564751 0.895664
vt 0.613920 0.899622
vt 0.744605 0.134893
vt 0.718857 0.153427
vt 0.731335 0.007081
vt 0.774161 0.012404
vt 0.408112 0.730069
vt 0.422935 0.728872
vt 0.422935 0.744722
vt 0.408112 0.745918
vt 0.774161 0.199109
vt 0.765363 0.209351
vt 0.606999 0.007081
vt 0.930976 0.320156
vt 0.964527 0.323657
vt 0.964527 0.389293
vt 0.950758 0.389996
vt 0.400907 0.782429
vt 0.356582 0.783595
vt 0.369447 0.638306
vt 0.400907 0.621658
vt 0.637450 0.709458
vt 0.681654 0.715970
vt 0.681654 0.847574
vt 0.649615 0.829878
vt 0.243916 0.315051
vt 0.225034 0.306033
vt 0.256904 0.241160
vt 0.263539 0.247071
vt 0.263539 0.444450
vt 0.223007 0.456515
vt 0.197557 0.291823
vt 0.846616 0.951357
vt 0.797372 0.947371
vt 0.797372 0.895705
vt 0.846616 0.899691
vt 0.714368 0.492281
vt 0.688778 0.510041
vt 0.701319 0.362776
vt 0.743937 0.369227
vt 0.408148 0.754295
vt 0.422935 0.753076
vt 0.422935 0.768929
vt 0.408147 0.770150
vt 0.743937 0.556657
vt 0.735208 0.566566
vt 0.247000 0.232465
vt 0.946358 0.119414
vt 0.979068 0.123960
vt 0.979068 0.189111
vt 0.965654 0.189366
vt 0.884988 0.503550
vt 0.846115 0.504180
vt 0.857426 0.377120
vt 0.884988 0.362776
vt 0.504846 0.788253
vt 0.544204 0.793083
vt 0.544204 0.908611
vt 0.515868 0.893634
vt 0.729654 0.646333
vt 0.712324 0.636202
vt 0.740229 0.580639
vt 0.746391 0.586761
vt 0.746391 0.756193
vt 0.711779 0.768942
vt 0.688778 0.625389
vt 0.846115 0.511337
vt 0.889097 0.515134
vt 0.889097 0.559723
vt 0.846115 0.555927
vt 0.590469 0.709540
vt 0.568403 0.723563
vt 0.579446 0.594363
vt 0.616285 0.601971
vt 0.641190 0.868568
vt 0.628359 0.869681
vt 0.628359 0.855844
vt 0.641190 0.854731
vt 0.616285 0.765682
vt 0.608783 0.773684
vt 0.731760 0.573723
vt 0.992936 0.852415
vt 0.968390 0.840077
vt 0.982429 0.785739
vt 0.992936 0.789029
vt 0.681654 0.702301
vt 0.649334 0.702301
vt 0.653095 0.502327
vt 0.677281 0.502327
vt 0.481371 0.356586
vt 0.445827 0.352913
vt 0.447326 0.146084
vt 0.474583 0.153784
vt 0.419366 0.346769
vt 0.426882 0.138232
vt 0.662245 0.363393
vt 0.671077 0.363393
vt 0.473350 0.705945
vt 0.473340 0.496145
vt 0.481371 0.496371
vt 0.481371 0.706171
vt 0.447568 0.707395
vt 0.453021 0.500323
vt 0.190432 0.232465
vt 0.184571 0.433885
vt 0.177286 0.436446
vt 0.183049 0.233966
vt 0.641117 0.702248
vt 0.644893 0.501211
vt 0.145888 0.239013
vt 0.148748 0.445238
vt 0.286721 0.622514
vt 0.293813 0.629340
vt 0.292263 0.640262
vt 0.289641 0.642644
vt 0.467170 0.365861
vt 0.474586 0.363743
vt 0.187820 0.573406
vt 0.177618 0.577557
vt 0.471638 0.010535
vt 0.481370 0.014284
vt 0.190432 0.572266
vt 0.477518 0.363825
vt 0.659259 0.362776
vt 0.464311 0.007081
vt 0.283808 0.622513
vt 0.280723 0.642644
vt 0.276660 0.629339
vt 0.278121 0.640262
vt 0.276660 0.335998
vt 0.294534 0.272607
vt 0.337166 0.343502
vt 0.071880 0.044162
vt 0.068169 0.114388
vt 0.007064 0.073818
vt 0.022187 0.411702
vt 0.070302 0.381516
vt 0.084825 0.449825
vt 0.022187 0.270161
vt 0.070302 0.298321
vt 0.007064 0.340648
vt 0.084825 0.232017
vt 0.071880 0.185684
vt 0.007065 0.157003
vt 0.283155 0.205975
vt 0.336849 0.212549
vt 0.372544 0.270941
vt 0.409378 0.203280
vt 0.138763 0.156326
vt 0.121289 0.224860
vt 0.409378 0.333164
vt 0.138763 0.073141
vt 0.316758 0.393247
vt 0.121290 0.007081
vt 0.843822 0.577904
vt 0.843822 0.738476
vt 0.817261 0.719691
vt 0.807775 0.573723
vt 0.887983 0.573723
vt 0.887983 0.694827
vt 0.860852 0.717349
vt 0.850946 0.586995
vt 0.616684 0.504017
vt 0.633992 0.572754
vt 0.625359 0.579402
vt 0.593244 0.514675
vt 0.633993 0.377992
vt 0.568403 0.526673
vt 0.598010 0.362776
vt 0.746391 0.889116
vt 0.746391 0.941085
vt 0.697402 0.945188
vt 0.697403 0.893219
vt 0.399826 0.482318
vt 0.429299 0.605419
vt 0.390269 0.614501
vt 0.376894 0.466495
vt 0.838781 0.550930
vt 0.838781 0.566566
vt 0.823779 0.565466
vt 0.823779 0.549830
vt 0.421711 0.408776
vt 0.429299 0.417852
vt 0.616499 0.587206
vt 0.356582 0.451129
vt 0.414767 0.400404
vt 0.817886 0.183173
vt 0.817886 0.342985
vt 0.790988 0.324025
vt 0.781286 0.178548
vt 0.846616 0.745633
vt 0.846615 0.866346
vt 0.818597 0.888548
vt 0.807775 0.758645
vt 0.962391 0.655087
vt 0.978838 0.586320
vt 0.990656 0.583516
vt 0.990656 0.654356
vt 0.256076 0.807694
vt 0.271635 0.669518
vt 0.293402 0.656482
vt 0.293402 0.820360
vt 0.554106 0.915768
vt 0.554106 0.967348
vt 0.504846 0.971371
vt 0.504847 0.919791
vt 0.531881 0.444299
vt 0.561279 0.565117
vt 0.522978 0.578160
vt 0.509477 0.431658
vt 0.191721 0.727953
vt 0.191721 0.743690
vt 0.176747 0.742585
vt 0.176747 0.726847
vt 0.553914 0.372578
vt 0.561279 0.380283
vt 0.962391 0.724848
vt 0.977534 0.662244
vt 0.988695 0.665050
vt 0.988695 0.738239
vt 0.488495 0.412900
vt 0.546683 0.362776
vt 0.818102 0.011835
vt 0.818102 0.171391
vt 0.791072 0.152387
vt 0.781286 0.007081
vt 0.864699 0.007081
vt 0.864699 0.127718
vt 0.836376 0.149776
vt 0.825226 0.019927
vt 0.958592 0.272260
vt 0.975522 0.203893
vt 0.987733 0.200909
vt 0.987733 0.271094
vt 0.801970 0.510819
vt 0.817435 0.374562
vt 0.838991 0.362776
vt 0.838991 0.524984
vt 0.979110 0.520862
vt 0.979110 0.572161
vt 0.929839 0.576359
vt 0.929839 0.525060
vt 0.320093 0.481458
vt 0.349458 0.600886
vt 0.311437 0.615356
vt 0.297891 0.470048
vt 0.013176 0.840381
vt 0.013175 0.824616
vt 0.028135 0.825728
vt 0.028135 0.841492
vt 0.342177 0.410661
vt 0.349458 0.417832
vt 0.408031 0.684795
vt 0.423795 0.621658
vt 0.435447 0.624202
vt 0.435447 0.697595
vt 0.276660 0.450193
vt 0.334841 0.400404
vt 0.886256 0.749960
vt 0.886256 0.888774
vt 0.862433 0.872139
vt 0.853740 0.745633
vt 0.248952 0.797616
vt 0.248952 0.902840
vt 0.223739 0.921812
vt 0.213459 0.808455
vt 0.363509 0.992919
vt 0.379068 0.934223
vt 0.390365 0.931422
vt 0.390365 0.991411
vt 0.892112 0.489261
vt 0.905431 0.374441
vt 0.923852 0.366404
vt 0.923852 0.504180
vt 0.440389 0.925993
vt 0.440389 0.970090
vt 0.397489 0.974325
vt 0.397490 0.930228
vt 0.237981 0.533173
vt 0.263539 0.634263
vt 0.230872 0.649325
vt 0.218974 0.525432
vt 0.028135 0.849634
vt 0.028135 0.863427
vt 0.015112 0.862441
vt 0.015112 0.848649
vt 0.257340 0.473324
vt 0.263539 0.478608
vt 0.967025 0.915642
vt 0.981731 0.859572
vt 0.992652 0.861328
vt 0.992652 0.925774
vt 0.200008 0.506402
vt 0.250749 0.463673
vt 0.445201 0.184596
vt 0.443090 0.187819
vt 0.453422 0.192366
vt 0.453892 0.190994
vt 0.444033 0.212877
vt 0.444427 0.213459
vt 0.443544 0.215509
vt 0.442757 0.214452
vt 0.442940 0.191215
vt 0.453350 0.192803
vt 0.445068 0.189394
vt 0.453746 0.192053
vt 0.453423 0.192783
vt 0.443236 0.192589
vt 0.445278 0.186557
vt 0.453920 0.191216
vt 0.446097 0.181604
vt 0.456111 0.183581
vt 0.456004 0.184251
vt 0.445951 0.184307
vt 0.446126 0.182933
vt 0.456135 0.183721
vt 0.456241 0.183145
vt 0.446268 0.180095
vt 0.443211 0.213104
vt 0.442623 0.213884
vt 0.456358 0.186321
vt 0.455471 0.183843
vt 0.465344 0.186234
vt 0.465521 0.187046
vt 0.449624 0.211175
vt 0.450213 0.211020
vt 0.450507 0.211690
vt 0.450108 0.212511
vt 0.455426 0.185830
vt 0.464784 0.188296
vt 0.464910 0.187683
vt 0.455436 0.183960
vt 0.457640 0.185198
vt 0.465829 0.186548
vt 0.465690 0.185822
vt 0.456923 0.183099
vt 0.456842 0.186671
vt 0.465258 0.188509
vt 0.465123 0.188907
vt 0.456735 0.188222
vt 0.456802 0.184838
vt 0.465272 0.187878
vt 0.455604 0.187506
vt 0.464814 0.188749
vt 0.449397 0.211864
vt 0.449651 0.212472
vt 0.447114 0.186478
vt 0.446787 0.183579
vt 0.449051 0.182014
vt 0.449145 0.185048
vt 0.447733 0.187352
vt 0.448392 0.185152
vt 0.448430 0.182079
vt 0.446682 0.180452
vt 0.447469 0.187298
vt 0.445873 0.183154
vt 0.447841 0.189194
vt 0.446160 0.193103
vt 0.455702 0.193933
vt 0.456095 0.191735
vt 0.449757 0.204258
vt 0.449144 0.203819
vt 0.449289 0.201453
vt 0.450454 0.202205
vt 0.450398 0.180247
vt 0.458759 0.182970
vt 0.458709 0.183885
vt 0.448946 0.183796
vt 0.448686 0.186543
vt 0.456156 0.191418
vt 0.455914 0.192261
vt 0.447208 0.190842
vt 0.449445 0.183678
vt 0.458294 0.184159
vt 0.458576 0.183333
vt 0.450530 0.180380
vt 0.448664 0.186447
vt 0.458226 0.184615
vt 0.455801 0.192853
vt 0.446541 0.193134
vt 0.450507 0.203734
vt 0.450800 0.202725
vt 0.446027 0.195706
vt 0.444513 0.202512
vt 0.456465 0.198969
vt 0.456219 0.197132
vt 0.451442 0.203738
vt 0.450706 0.208400
vt 0.456579 0.206970
vt 0.456456 0.204725
vt 0.450955 0.197818
vt 0.449488 0.198338
vt 0.449163 0.196670
vt 0.450873 0.196364
vt 0.446832 0.194401
vt 0.456278 0.197215
vt 0.456095 0.198636
vt 0.445601 0.201532
vt 0.453317 0.175748
vt 0.461226 0.181489
vt 0.461163 0.183271
vt 0.450462 0.182637
vt 0.459758 0.179058
vt 0.463838 0.181874
vt 0.463525 0.183764
vt 0.458174 0.183447
vt 0.451935 0.203043
vt 0.456620 0.204699
vt 0.456589 0.206095
vt 0.451262 0.207448
vt 0.449408 0.190895
vt 0.447555 0.191393
vt 0.447104 0.189319
vt 0.449167 0.189560
vt 0.449528 0.184008
vt 0.460381 0.183226
vt 0.460904 0.181759
vt 0.452146 0.176645
vt 0.457316 0.184110
vt 0.462742 0.183720
vt 0.463436 0.181925
vt 0.458972 0.179532
vt 0.451740 0.210496
vt 0.451697 0.214926
vt 0.457443 0.213939
vt 0.457405 0.211883
vt 0.461901 0.177839
vt 0.467095 0.180874
vt 0.466834 0.182561
vt 0.461515 0.182121
vt 0.453052 0.209885
vt 0.457551 0.211768
vt 0.457469 0.213036
vt 0.451217 0.213536
vt 0.449237 0.184139
vt 0.447517 0.184512
vt 0.447212 0.182556
vt 0.449085 0.182890
vt 0.460038 0.182769
vt 0.466153 0.182655
vt 0.466757 0.181007
vt 0.462339 0.178855
vt 0.453099 0.222168
vt 0.453467 0.217003
vt 0.457452 0.218366
vt 0.456910 0.220898
vt 0.464145 0.181868
vt 0.468452 0.181844
vt 0.468822 0.180376
vt 0.465136 0.178013
vt 0.452471 0.222003
vt 0.456930 0.221053
vt 0.457185 0.219489
vt 0.453176 0.218518
vt 0.446448 0.175504
vt 0.447997 0.175174
vt 0.448504 0.177719
vt 0.446718 0.177066
vt 0.466481 0.177453
vt 0.469096 0.180179
vt 0.468705 0.181708
vt 0.464747 0.180985
vt 0.450292 0.229123
vt 0.450014 0.223236
vt 0.457835 0.225663
vt 0.457451 0.227480
vt 0.462779 0.181176
vt 0.470799 0.182047
vt 0.471345 0.180520
vt 0.464394 0.175188
vt 0.450148 0.229509
vt 0.457431 0.227325
vt 0.457589 0.226187
vt 0.450142 0.223398
vt 0.444992 0.169815
vt 0.446453 0.169214
vt 0.447030 0.170973
vt 0.445314 0.170905
vt 0.466430 0.175203
vt 0.471483 0.180595
vt 0.470971 0.182084
vt 0.464533 0.181441
vt 0.463866 0.174728
vt 0.461140 0.179313
vt 0.448492 0.221575
vt 0.449710 0.216489
vt 0.460675 0.179849
vt 0.461449 0.175650
vt 0.449287 0.223439
vt 0.449481 0.215640
vt 0.447235 0.227944
vt 0.446957 0.222057
vt 0.460968 0.175242
vt 0.459977 0.179143
vt 0.461732 0.179408
vt 0.463004 0.175257
vt 0.447085 0.222219
vt 0.447091 0.228330
vt 0.454413 0.181248
vt 0.457921 0.176703
vt 0.448554 0.208001
vt 0.444965 0.214037
vt 0.456707 0.174804
vt 0.456685 0.180046
vt 0.446075 0.209109
vt 0.445950 0.215914
vt 0.458131 0.184402
vt 0.458668 0.189525
vt 0.446197 0.187823
vt 0.446432 0.185500
vt 0.454555 0.210638
vt 0.455166 0.210209
vt 0.455023 0.207854
vt 0.453850 0.208612
vt 0.458746 0.186782
vt 0.447444 0.183059
vt 0.447993 0.181819
vt 0.460316 0.184021
vt 0.456344 0.185364
vt 0.446141 0.185933
vt 0.446108 0.186997
vt 0.456589 0.190590
vt 0.456610 0.186553
vt 0.447051 0.182862
vt 0.446900 0.183399
vt 0.455112 0.189482
vt 0.458405 0.183487
vt 0.447411 0.182229
vt 0.456902 0.189545
vt 0.447162 0.183475
vt 0.453808 0.210107
vt 0.453506 0.209124
vt 0.458360 0.190658
vt 0.459638 0.197410
vt 0.447439 0.194725
vt 0.447703 0.193077
vt 0.457813 0.197470
vt 0.459174 0.204463
vt 0.447178 0.202377
vt 0.447320 0.200371
vt 0.455726 0.201868
vt 0.457203 0.202362
vt 0.457504 0.200537
vt 0.455731 0.200492
vt 0.456368 0.193461
vt 0.447407 0.193938
vt 0.447540 0.195348
vt 0.457427 0.200273
vt 0.461783 0.185720
vt 0.452111 0.180076
vt 0.452328 0.178387
vt 0.464929 0.179731
vt 0.464115 0.183335
vt 0.454330 0.177688
vt 0.455138 0.175782
vt 0.467294 0.177331
vt 0.455804 0.200221
vt 0.446865 0.201315
vt 0.446875 0.202597
vt 0.456948 0.207283
vt 0.456227 0.194152
vt 0.458075 0.194664
vt 0.458470 0.192487
vt 0.456416 0.192811
vt 0.461336 0.180714
vt 0.451881 0.179116
vt 0.451484 0.180318
vt 0.458221 0.187268
vt 0.463522 0.178396
vt 0.454424 0.176633
vt 0.453803 0.178133
vt 0.460369 0.184968
vt 0.452792 0.207070
vt 0.451779 0.211344
vt 0.446275 0.209617
vt 0.446776 0.207739
vt 0.462190 0.178218
vt 0.456472 0.175395
vt 0.457062 0.173572
vt 0.462987 0.173895
vt 0.451103 0.208261
vt 0.446444 0.208413
vt 0.446230 0.209619
vt 0.452016 0.212215
vt 0.457030 0.186660
vt 0.458772 0.186897
vt 0.458895 0.184825
vt 0.457060 0.185377
vt 0.462400 0.174966
vt 0.456798 0.174254
vt 0.456220 0.175745
vt 0.459986 0.178581
vt 0.451665 0.221324
vt 0.451008 0.216273
vt 0.445946 0.216105
vt 0.446766 0.218549
vt 0.464658 0.172935
vt 0.459880 0.171700
vt 0.458759 0.173291
vt 0.462850 0.176706
vt 0.452906 0.219251
vt 0.446918 0.217851
vt 0.446521 0.216335
vt 0.451903 0.215553
vt 0.459708 0.176510
vt 0.458146 0.176247
vt 0.457752 0.178574
vt 0.459499 0.177975
vt 0.465390 0.175464
vt 0.460488 0.172699
vt 0.460842 0.171328
vt 0.466858 0.172634
vt 0.450771 0.230107
vt 0.451111 0.224794
vt 0.443867 0.224691
vt 0.444258 0.226261
vt 0.466012 0.174713
vt 0.460109 0.171708
vt 0.459295 0.173143
vt 0.464559 0.179860
vt 0.451910 0.227121
vt 0.444517 0.225326
vt 0.444359 0.224332
vt 0.451932 0.221760
vt 0.457370 0.169016
vt 0.455890 0.168459
vt 0.455428 0.170058
vt 0.457108 0.170046
vt 0.466449 0.177721
vt 0.460346 0.172504
vt 0.460686 0.171302
vt 0.468309 0.172329
vt 0.456564 0.224098
vt 0.458079 0.219896
vt 0.456274 0.214906
vt 0.467868 0.176169
vt 0.466941 0.180122
vt 0.456071 0.216441
vt 0.453945 0.228801
vt 0.454286 0.223488
vt 0.467075 0.180757
vt 0.467999 0.177377
vt 0.472636 0.175694
vt 0.468964 0.178618
vt 0.454774 0.221565
vt 0.457093 0.227628
vt 0.467595 0.177121
vt 0.463751 0.181417
vt 0.455762 0.208110
vt 0.457802 0.214811
vt 0.467909 0.181041
vt 0.468505 0.175662
vt 0.458597 0.207187
vt 0.457074 0.213858
vt 0.452269 0.183234
vt 0.454507 0.177138
vt 0.447250 0.201387
vt 0.445934 0.208801
vt 0.455679 0.176241
vt 0.453202 0.181863
vt 0.446427 0.202751
vt 0.444832 0.209831
vt 0.456902 0.200324
vt 0.457846 0.196160
vt 0.443291 0.192211
vt 0.443645 0.193995
vt 0.446933 0.224684
vt 0.446933 0.225396
vt 0.448939 0.226442
vt 0.449029 0.225127
vt 0.457557 0.192430
vt 0.443709 0.191841
vt 0.457348 0.195349
vt 0.443802 0.192856
vt 0.443826 0.191934
vt 0.457788 0.191205
vt 0.457218 0.198397
vt 0.443788 0.193819
vt 0.464115 0.176223
vt 0.449670 0.173863
vt 0.449558 0.174539
vt 0.463078 0.178814
vt 0.461946 0.177311
vt 0.449208 0.173949
vt 0.449241 0.173357
vt 0.462899 0.174581
vt 0.447795 0.224335
vt 0.448806 0.224592
s 1
usemtl frost_bat
f 1530/1/1530 1549/2/1549 1097/3/1097 407/4/407
f 1588/5/1588 1598/6/1598 1096/7/1096 408/8/408
f 1089/9/1089 168/10/168 446/11/446 1099/12/1099
f 1276/13/1276 1087/14/1087 170/15/170 1264/16/1264
f 1220/17/1220 58/18/58 279/19/279 1248/20/1248
f 1558/21/1558 50/22/50 277/23/277 1579/24/1579
f 1488/25/1488 12/26/12 280/27/280 1520/28/1520
f 1412/29/1412 55/30/55 278/31/278 1439/32/1439
f 1005/33/1005 1163/34/1163 1165/35/1165 1112/36/1112
f 1039/37/1039 9/38/9 275/39/275 1050/40/1050
f 1415/41/1415 53/42/53 14/43/14 1402/44/1402
f 1499/45/1499 10/46/10 5/47/5 1483/48/1483
f 1563/49/1563 15/50/15 6/51/6 1554/52/1554
f 1252/53/1252 56/54/56 13/55/13 1254/56/1254
f 1653/57/1653 1221/58/1221 23/59/23 1631/60/1631
f 1222/61/1222 1224/62/1224 24/63/24 25/64/25
f 1623/65/1623 1222/61/1222 25/64/25 1602/66/1602
f 1658/67/1658 1567/68/1567 27/69/27 1629/70/1629
f 1561/71/1561 1566/72/1566 28/73/28 29/74/29
f 1628/75/1628 1561/71/1561 29/74/29 1600/76/1600
f 1657/77/1657 1493/78/1493 31/79/31 1632/80/1632
f 1492/81/1492 1482/82/1482 32/83/32 33/84/33
f 1627/85/1627 1492/81/1492 33/84/33 1603/86/1603
f 1041/87/1041 7/88/7 4/89/4 1038/90/1038
f 1650/91/1650 1075/92/1075 35/93/35 1630/94/1630
f 1072/95/1072 1076/96/1076 36/97/36 37/98/37
f 1578/99/1578 1557/100/1557 42/101/42 201/102/201
f 1234/103/1234 1226/104/1226 43/105/43 202/106/202
f 1508/107/1508 1491/108/1491 41/109/41 203/110/203
f 1620/111/1620 1072/95/1072 37/98/37 1601/112/1601
f 1439/32/1439 1442/113/1442 295/114/295 280/27/280
f 1520/28/1520 1523/115/1523 296/116/296 277/23/277
f 1579/24/1579 1581/117/1581 297/118/297 279/19/279
f 1221/58/1221 1225/119/1225 47/120/47 23/59/23
f 1567/68/1567 1569/121/1569 46/122/46 27/69/27
f 1493/78/1493 1496/123/1496 45/124/45 31/79/31
f 1079/125/1079 1074/126/1074 192/127/192 212/128/212
f 1427/129/1427 1418/130/1418 40/131/40 205/132/205
f 1269/133/1269 524/134/524 58/18/58 1220/17/1220
f 1254/56/1254 13/55/13 57/135/57 1253/136/1253
f 1256/137/1256 328/138/328 56/54/56 1252/53/1252
f 1593/139/1593 522/140/522 50/22/50 1558/21/1558
f 1554/52/1554 6/51/6 49/141/49 1562/142/1562
f 1582/143/1582 326/144/326 15/50/15 1563/49/1563
f 1538/145/1538 521/146/521 12/26/12 1488/25/1488
f 1483/48/1483 5/47/5 11/147/11 1498/148/1498
f 1524/149/1524 309/150/309 10/46/10 1499/45/1499
f 1465/151/1465 523/152/523 55/30/55 1412/29/1412
f 36/97/36 65/153/65 64/154/64 37/98/37
f 1630/94/1630 1636/155/1636 65/153/65 36/97/36
f 281/156/281 291/157/291 293/158/293 275/39/275
f 207/159/207 63/160/63 69/161/69 208/162/208
f 61/163/61 67/164/67 66/165/66 35/93/35
f 1634/166/1634 1636/155/1636 66/165/66 72/167/72
f 66/165/66 67/164/67 73/168/73 72/167/72
f 1085/169/1085 167/170/167 168/10/168 1089/9/1089
f 1601/112/1601 1605/171/1605 63/160/63 38/172/38
f 64/154/64 65/153/65 71/173/71 70/174/70
f 204/175/204 207/159/207 62/176/62 39/177/39
f 208/162/208 206/178/206 74/179/74 68/180/68
f 1606/181/1606 1604/182/1604 75/183/75 69/161/69
f 71/173/71 77/184/77 76/185/76 70/174/70
f 1634/166/1634 1635/186/1635 77/184/77 71/173/71
f 73/168/73 79/187/79 78/188/78 72/167/72
f 219/189/219 221/190/221 79/187/79 73/168/73
f 1606/181/1606 1605/171/1605 64/154/64 70/174/70
f 1450/191/1450 1416/192/1416 85/193/85 150/194/150
f 1417/195/1417 1420/196/1420 86/197/86 87/198/87
f 1419/199/1419 1417/195/1417 87/198/87 88/200/88
f 1462/201/1462 1419/199/1419 88/200/88 437/202/437
f 1507/203/1507 1489/204/1489 90/205/90 155/206/155
f 1502/207/1502 1500/208/1500 91/209/91 92/210/92
f 1497/211/1497 1502/207/1502 92/210/92 93/212/93
f 1534/213/1534 1497/211/1497 93/212/93 439/214/439
f 1577/215/1577 1571/216/1571 95/217/95 157/218/157
f 1556/219/1556 1573/220/1573 96/221/96 97/222/97
f 1574/223/1574 1556/219/1556 97/222/97 98/224/98
f 1592/225/1592 1574/223/1574 98/224/98 441/226/441
f 1372/227/1372 939/228/939 540/229/540 1387/230/1387
f 157/218/157 95/217/95 100/231/100 156/232/156
f 97/222/97 96/221/96 101/233/101 102/234/102
f 98/224/98 97/222/97 102/234/102 103/235/103
f 1233/236/1233 1229/237/1229 105/238/105 149/239/149
f 1230/240/1230 1227/241/1227 106/242/106 107/243/107
f 1231/244/1231 1230/240/1230 107/243/107 108/245/108
f 1267/246/1267 1231/244/1231 108/245/108 442/247/442
f 441/226/441 98/224/98 103/235/103 438/248/438
f 39/177/39 1074/126/1074 1079/125/1079 204/175/204
f 1228/249/1228 1232/250/1232 114/251/114 104/252/104
f 1570/253/1570 1575/254/1575 112/255/112 94/256/94
f 1490/257/1490 1504/258/1504 111/259/111 89/260/89
f 281/156/281 282/261/282 290/262/290 291/157/291
f 117/263/117 116/264/116 127/265/127 128/266/128
f 130/267/130 128/268/128 139/269/139 141/270/141
f 104/252/104 114/251/114 113/271/113 99/272/99
f 312/273/312 119/274/119 130/275/130 314/276/314
f 122/277/122 121/278/121 132/279/132 133/280/133
f 123/281/123 122/277/122 133/280/133 134/282/134
f 124/283/124 123/281/123 134/282/134 135/284/135
f 125/285/125 124/283/124 135/284/135 136/286/136
f 445/287/445 125/285/125 136/286/136 443/288/443
f 128/268/128 127/289/127 138/290/138 139/269/139
f 1489/204/1489 1505/291/1505 355/292/355 90/205/90
f 1571/216/1571 1584/293/1584 17/294/17 95/217/95
f 314/295/314 130/267/130 141/270/141 313/296/313
f 133/297/133 132/298/132 143/299/143 144/300/144
f 134/301/134 133/297/133 144/300/144 145/302/145
f 135/303/135 134/301/134 145/302/145 146/304/146
f 136/305/136 135/303/135 146/304/146 147/306/147
f 443/307/443 136/305/136 147/306/147 444/308/444
f 139/269/139 138/290/138 18/309/18 51/310/51
f 119/274/119 117/263/117 128/266/128 130/275/130
f 1229/237/1229 1257/311/1257 129/312/129 105/238/105
f 313/296/313 141/270/141 59/313/59 310/314/310
f 144/300/144 143/299/143 80/315/80 151/316/151
f 145/302/145 144/300/144 151/316/151 81/317/81
f 146/304/146 145/302/145 81/317/81 82/318/82
f 147/306/147 146/304/146 82/318/82 83/319/83
f 444/308/444 147/306/147 83/319/83 440/320/440
f 1227/241/1227 1233/236/1233 149/239/149 106/242/106
f 95/217/95 17/294/17 118/321/118 100/231/100
f 1573/220/1573 1577/215/1577 157/218/157 96/221/96
f 1500/208/1500 1507/203/1507 155/206/155 91/209/91
f 1420/196/1420 1450/191/1450 150/194/150 86/197/86
f 1478/322/1478 1098/323/1098 406/324/406 1455/325/1455
f 1637/326/1637 1651/327/1651 1100/328/1100 159/329/159
f 1042/330/1042 166/331/166 167/170/167 1085/169/1085
f 1045/332/1045 165/333/165 171/334/171 1086/335/1086
f 1046/336/1046 169/337/169 170/15/170 1087/14/1087
f 1094/338/1094 315/339/315 154/340/154 1088/341/1088
f 338/342/338 303/343/303 300/344/300 337/345/337
f 1044/346/1044 160/347/160 159/329/159 1100/328/1100
f 1093/348/1093 299/349/299 284/350/284 1092/351/1092
f 1092/351/1092 284/350/284 152/352/152 1043/353/1043
f 1086/335/1086 171/334/171 166/331/166 1042/330/1042
f 1099/12/1099 446/11/446 169/337/169 1046/336/1046
f 337/345/337 300/344/300 292/354/292 283/355/283
f 173/356/173 179/357/179 178/358/178 172/359/172
f 1638/360/1638 1640/361/1640 179/357/179 173/356/173
f 175/362/175 181/363/181 180/364/180 174/365/174
f 1609/366/1609 1610/367/1610 181/363/181 175/362/175
f 211/368/211 209/369/209 182/370/182 176/371/176
f 210/372/210 206/373/206 75/374/75 188/375/188
f 185/376/185 78/377/78 79/378/79 184/379/184
f 76/380/76 77/381/77 186/382/186 187/383/187
f 339/384/339 301/385/301 303/343/303 338/342/338
f 199/386/199 197/387/197 178/358/178 179/357/179
f 195/388/195 187/383/187 186/382/186 196/389/196
f 213/390/213 198/391/198 182/370/182 209/369/209
f 1642/392/1642 199/386/199 179/357/179 1640/361/1640
f 340/393/340 302/394/302 301/385/301 339/384/339
f 1639/395/1639 1635/396/1635 78/377/78 185/376/185
f 1612/397/1612 195/388/195 181/363/181 1610/367/1610
f 1080/398/1080 1078/399/1078 44/400/44 214/401/214
f 1625/402/1625 1406/403/1406 190/404/190 1611/405/1611
f 1406/403/1406 1426/406/1426 194/407/194 190/404/190
f 1655/408/1655 1424/409/1424 193/410/193 1641/411/1641
f 1411/412/1411 1424/409/1424 31/79/31 45/124/45
f 1078/399/1078 1075/92/1075 193/410/193 44/400/44
f 1604/413/1604 76/380/76 187/383/187 1608/414/1608
f 1608/414/1608 187/383/187 195/388/195 1612/397/1612
f 1671/415/1671 1670/416/1670 285/417/285 307/418/307
f 1639/395/1639 185/376/185 199/386/199 1642/392/1642
f 210/372/210 188/375/188 198/391/198 213/390/213
f 181/363/181 195/388/195 196/389/196 180/364/180
f 185/376/185 184/379/184 197/387/197 199/386/199
f 189/419/189 210/372/210 213/390/213 200/420/200
f 200/420/200 213/390/213 209/369/209 183/421/183
f 189/419/189 74/422/74 206/373/206 210/372/210
f 177/423/177 183/421/183 209/369/209 211/368/211
f 69/161/69 75/183/75 206/178/206 208/162/208
f 38/172/38 63/160/63 207/159/207 204/175/204
f 62/176/62 207/159/207 208/162/208 68/180/68
f 1422/424/1422 1427/129/1427 205/132/205 34/425/34
f 1073/426/1073 1079/125/1079 212/128/212 191/427/191
f 1494/428/1494 1508/107/1508 203/110/203 30/429/30
f 1223/430/1223 1234/103/1234 202/106/202 22/431/22
f 1565/432/1565 1578/99/1578 201/102/201 26/433/26
f 178/358/178 197/387/197 227/434/227 225/435/225
f 1081/436/1081 1080/398/1080 214/401/214 294/437/294
f 197/387/197 184/379/184 224/438/224 227/434/227
f 184/379/184 79/378/79 221/439/221 224/438/224
f 172/359/172 178/358/178 225/435/225 226/440/226
f 1090/441/1090 153/442/153 164/443/164 1047/444/1047
f 290/262/290 292/445/292 221/190/221 219/189/219
f 61/163/61 222/446/222 220/447/220 67/164/67
f 67/164/67 220/447/220 219/189/219 73/168/73
f 1225/119/1225 1235/448/1235 217/449/217 47/120/47
f 1569/121/1569 1576/450/1576 216/451/216 46/122/46
f 1496/123/1496 1506/452/1506 215/453/215 45/124/45
f 1411/412/1411 1425/454/1425 214/401/214 44/400/44
f 1622/455/1622 1237/456/1237 231/457/231 1613/458/1613
f 1236/459/1236 1240/460/1240 232/461/232 252/462/252
f 1238/463/1238 1241/464/1241 233/465/233 257/466/257
f 341/467/341 336/468/336 302/394/302 340/393/340
f 1684/469/1684 1662/470/1662 235/471/235 1614/472/1614
f 1663/473/1663 1660/474/1660 236/475/236 250/476/250
f 1664/477/1664 1661/478/1661 237/479/237 255/480/255
f 1441/481/1441 1435/482/1435 288/483/288 308/484/308
f 1626/485/1626 1509/486/1509 238/487/238 1617/488/1617
f 1513/489/1513 1511/490/1511 239/491/239 247/492/247
f 1510/493/1510 1501/494/1501 240/495/240 258/496/258
f 1249/497/1249 1247/498/1247 284/350/284 299/349/299
f 1624/499/1624 1430/500/1430 241/501/241 1616/502/1616
f 1432/503/1432 1428/504/1428 242/505/242 249/506/249
f 1429/507/1429 1423/508/1423 243/509/243 253/510/253
f 289/511/289 500/512/500 504/513/504 306/514/306
f 1619/515/1619 498/516/498 244/517/244 1615/518/1615
f 501/519/501 497/520/497 245/521/245 248/522/248
f 502/523/502 499/524/499 246/525/246 256/526/256
f 1649/527/1649 501/519/501 248/522/248 1644/528/1644
f 1654/529/1654 1432/503/1432 249/506/249 1645/530/1645
f 1656/531/1656 1513/489/1513 247/492/247 1643/532/1643
f 1685/533/1685 1663/473/1663 250/476/250 1646/534/1646
f 1652/535/1652 1236/459/1236 252/462/252 1647/536/1647
f 503/537/503 502/523/502 256/526/256 251/538/251
f 1436/539/1436 1429/507/1429 253/510/253 254/540/254
f 1517/541/1517 1510/493/1510 258/496/258 229/542/229
f 1668/543/1668 1664/477/1664 255/480/255 230/544/230
f 1242/545/1242 1238/463/1238 257/466/257 228/546/228
f 1440/547/1440 1431/548/1431 264/549/264 317/550/317
f 1438/551/1438 1433/552/1433 263/553/263 268/554/268
f 1464/555/1464 1434/556/1434 262/557/262 513/558/513
f 1521/559/1521 1512/560/1512 272/561/272 319/562/319
f 1519/563/1519 1514/564/1514 271/565/271 274/566/274
f 1537/567/1537 1515/568/1515 270/569/270 515/570/515
f 1672/571/1672 1665/572/1665 267/573/267 318/574/318
f 1669/575/1669 1666/576/1666 266/577/266 273/578/273
f 1673/579/1673 1667/580/1667 265/581/265 514/582/514
f 1251/583/1251 1244/584/1244 261/585/261 316/586/316
f 1246/587/1246 1239/588/1239 260/589/260 269/590/269
f 1268/591/1268 1243/592/1243 259/593/259 512/594/512
f 1249/497/1249 1242/545/1242 228/546/228 307/418/307
f 1671/415/1671 1668/543/1668 230/544/230 305/595/305
f 1522/596/1522 1517/541/1517 229/542/229 308/484/308
f 1441/481/1441 1436/539/1436 254/540/254 304/597/304
f 504/513/504 503/537/503 251/538/251 306/514/306
f 1244/584/1244 1246/587/1246 269/590/269 261/585/261
f 1665/572/1665 1669/575/1669 273/578/273 267/573/267
f 1512/560/1512 1519/563/1519 274/566/274 272/561/272
f 1431/548/1431 1438/551/1438 268/554/268 264/549/264
f 1434/556/1434 1435/482/1435 286/598/286 262/557/262
f 1515/568/1515 1516/599/1516 288/483/288 270/569/270
f 1667/580/1667 1670/416/1670 287/600/287 265/581/265
f 1243/592/1243 1247/498/1247 285/417/285 259/593/259
f 290/262/290 282/261/282 283/601/283 292/445/292
f 1522/596/1522 1516/599/1516 287/600/287 305/595/305
f 225/435/225 227/434/227 303/343/303 301/385/301
f 227/434/227 224/438/224 300/344/300 303/343/303
f 224/438/224 221/439/221 292/354/292 300/344/300
f 226/440/226 225/435/225 301/385/301 302/394/302
f 1048/602/1048 162/603/162 223/604/223 1091/605/1091
f 222/446/222 293/158/293 291/157/291 220/447/220
f 220/447/220 291/157/291 290/262/290 219/189/219
f 1235/448/1235 1250/606/1250 297/118/297 217/449/217
f 1576/450/1576 1581/117/1581 296/116/296 216/451/216
f 1506/452/1506 1523/115/1523 295/114/295 215/453/215
f 1425/454/1425 1442/113/1442 294/437/294 214/401/214
f 1245/607/1245 1251/583/1251 316/586/316 234/608/234
f 1672/571/1672 347/609/347 234/608/234 316/586/316
f 1440/547/1440 317/550/317 485/610/485 1463/611/1463
f 1091/605/1091 223/604/223 299/349/299 1093/348/1093
f 142/612/142 313/296/313 310/314/310 16/613/16
f 131/614/131 314/295/314 313/296/313 142/612/142
f 120/615/120 312/273/312 314/276/314 131/616/131
f 1402/44/1402 14/43/14 54/617/54 1414/618/1414
f 1443/619/1443 327/620/327 53/42/53 1415/41/1415
f 222/446/222 1080/398/1080 1081/436/1081 293/158/293
f 1102/621/1102 520/622/520 9/38/9 1039/37/1039
f 1038/90/1038 4/89/4 8/623/8 1040/624/1040
f 1082/625/1082 329/626/329 7/88/7 1041/87/1041
f 1437/627/1437 322/628/322 327/620/327 1443/619/1443
f 1518/629/1518 324/630/324 309/150/309 1524/149/1524
f 1568/631/1568 323/632/323 326/144/326 1582/143/1582
f 1255/633/1255 321/634/321 328/138/328 1256/137/1256
f 342/635/342 289/511/289 341/467/341 506/636/506
f 1618/637/1618 1615/518/1615 244/517/244 330/638/330
f 332/639/332 248/522/248 245/521/245 331/640/331
f 1648/641/1648 1644/528/1644 248/522/248 332/639/332
f 334/642/334 256/526/256 246/525/246 333/643/333
f 335/644/335 251/538/251 256/526/256 334/642/334
f 302/394/302 336/468/336 335/644/335 226/440/226
f 226/440/226 335/644/335 334/642/334 172/359/172
f 172/359/172 334/642/334 333/643/333 173/356/173
f 1638/360/1638 1648/641/1648 332/639/332 174/365/174
f 174/365/174 332/639/332 331/640/331 175/362/175
f 1609/366/1609 1618/637/1618 330/638/330 176/371/176
f 336/468/336 306/514/306 251/538/251 335/644/335
f 317/550/317 342/635/342 506/636/506 485/610/485
f 336/468/336 341/467/341 289/511/289 306/514/306
f 9/38/9 344/645/344 281/156/281 275/39/275
f 1051/646/1051 325/647/325 329/626/329 1082/625/1082
f 329/626/329 325/647/325 320/648/320 346/649/346
f 96/221/96 157/218/157 156/232/156 101/233/101
f 1047/444/1047 164/443/164 315/339/315 1094/338/1094
f 1257/311/1257 1255/633/1255 1/650/1 129/312/129
f 325/647/325 18/309/18 138/290/138 320/648/320
f 1437/627/1437 1444/651/1444 352/652/352 322/628/322
f 1463/611/1463 1407/653/1407 349/654/349 484/655/484
f 1536/656/1536 1487/657/1487 348/658/348 486/659/486
f 1568/631/1568 1583/660/1583 353/661/353 323/632/323
f 348/658/348 1559/662/1559 347/609/347 486/659/486
f 318/574/318 486/659/486 347/609/347 1672/571/1672
f 1584/293/1584 1583/660/1583 351/663/351 17/294/17
f 1505/291/1505 1526/664/1526 353/661/353 355/292/355
f 17/294/17 351/663/351 321/634/321 118/321/118
f 141/270/141 139/269/139 51/310/51 59/313/59
f 1053/665/1053 1088/341/1088 154/340/154 140/666/140
f 1445/667/1445 1444/651/1444 354/668/354 356/669/356
f 1054/670/1054 1052/671/1052 352/652/352 357/672/357
f 482/673/482 467/674/467 461/675/461 483/676/483
f 16/613/16 358/677/358 361/678/361 142/612/142
f 142/612/142 361/678/361 360/679/360 131/614/131
f 131/616/131 360/680/360 359/681/359 120/615/120
f 143/299/143 361/678/361 358/677/358 80/315/80
f 132/298/132 360/679/360 361/678/361 143/299/143
f 121/278/121 359/681/359 360/680/360 132/279/132
f 1449/682/1449 363/683/363 362/684/362 1410/685/1410
f 1448/686/1448 1410/685/1410 362/684/362 365/687/365
f 362/684/362 363/683/363 364/688/364 365/687/365
f 1447/689/1447 364/688/364 363/683/363 1449/682/1449
f 1056/690/1056 368/691/368 367/692/367 1083/693/1083
f 1057/694/1057 1055/695/1055 366/696/366 369/697/369
f 1083/693/1083 367/692/367 366/696/366 1055/695/1055
f 310/314/310 1083/693/1083 1055/695/1055 16/613/16
f 1445/667/1445 1447/689/1447 368/691/368 357/672/357
f 85/193/85 365/687/365 364/688/364 356/669/356
f 1062/698/1062 1077/699/1077 376/700/376 374/701/374
f 1413/702/1413 1421/703/1421 375/704/375 370/705/370
f 1084/706/1084 1061/707/1061 373/708/373 447/709/447
f 1061/707/1061 1060/710/1060 372/711/372 373/708/373
f 1060/710/1060 1062/698/1062 374/701/374 372/711/372
f 1077/699/1077 1059/712/1059 371/713/371 376/700/376
f 1416/192/1416 1448/686/1448 365/687/365 85/193/85
f 1059/712/1059 1057/694/1057 369/697/369 371/713/371
f 1460/714/1460 411/715/411 386/716/386 1446/717/1446
f 1451/718/1451 388/719/388 387/720/387 1454/721/1454
f 1453/722/1453 389/723/389 388/719/388 1451/718/1451
f 1461/724/1461 448/725/448 389/723/389 1453/722/1453
f 1532/726/1532 413/727/413 391/728/391 1503/729/1503
f 1529/730/1529 393/731/393 392/732/392 1486/733/1486
f 1485/734/1485 394/735/394 393/731/393 1529/730/1529
f 1533/736/1533 450/737/450 394/735/394 1485/734/1485
f 1589/738/1589 415/739/415 396/740/396 1585/741/1585
f 1560/742/1560 398/743/398 397/744/397 1586/745/1586
f 1587/746/1587 399/747/399 398/743/398 1560/742/1560
f 1591/748/1591 451/749/451 399/747/399 1587/746/1587
f 358/677/358 1057/694/1057 1059/712/1059 80/315/80
f 415/739/415 414/750/414 401/751/401 396/740/396
f 398/743/398 403/752/403 402/753/402 397/744/397
f 399/747/399 404/754/404 403/752/403 398/743/398
f 1261/755/1261 171/334/171 165/333/165 1265/756/1265
f 1258/757/1258 167/170/167 166/331/166 1263/758/1263
f 1259/759/1259 168/10/168 167/170/167 1258/757/1258
f 1266/760/1266 446/11/446 168/10/168 1259/759/1259
f 451/749/451 449/761/449 404/754/404 399/747/399
f 1262/762/1262 405/763/405 409/764/409 1264/16/1264
f 1564/765/1564 395/766/395 407/4/407 1588/5/1588
f 1525/767/1525 390/768/390 406/324/406 1530/1/1530
f 405/763/405 400/769/400 408/8/408 409/764/409
f 1503/729/1503 391/728/391 417/770/417 1531/771/1531
f 1585/741/1585 396/740/396 378/772/378 1590/773/1590
f 1265/756/1265 165/333/165 140/666/140 1260/774/1260
f 1263/758/1263 166/331/166 171/334/171 1261/755/1261
f 396/740/396 401/751/401 410/775/410 378/772/378
f 1586/745/1586 397/744/397 415/739/415 1589/738/1589
f 1486/733/1486 392/732/392 413/727/413 1532/726/1532
f 1454/721/1454 387/720/387 411/715/411 1460/714/1460
f 1260/774/1260 1245/607/1245 234/608/234 410/775/410
f 397/744/397 402/753/402 414/750/414 415/739/415
f 1531/771/1531 417/770/417 348/658/348 1487/657/1487
f 1456/776/1456 418/777/418 349/654/349 1407/653/1407
f 419/778/419 350/779/350 489/780/489 492/781/492
f 1459/782/1459 1452/783/1452 421/784/421 422/785/422
f 1458/786/1458 424/787/424 421/784/421 1452/783/1452
f 421/784/421 424/787/424 423/788/423 422/785/422
f 1457/789/1457 1459/782/1459 422/785/422 423/788/423
f 381/790/381 416/791/416 426/792/426 427/793/427
f 420/794/420 428/795/428 425/796/425 377/797/377
f 416/791/416 377/797/377 425/796/425 426/792/426
f 419/778/419 380/798/380 381/790/381 427/793/427
f 1456/776/1456 419/778/419 427/793/427 1457/789/1457
f 386/716/386 418/777/418 423/788/423 424/787/424
f 383/799/383 433/800/433 435/801/435 412/802/412
f 1409/803/1409 429/804/429 434/805/434 1455/325/1455
f 384/806/384 124/283/124 125/285/125 385/807/385
f 385/807/385 432/808/432 431/809/431 384/806/384
f 384/806/384 431/809/431 433/800/433 383/799/383
f 412/802/412 435/801/435 430/810/430 382/811/382
f 1446/717/1446 386/716/386 424/787/424 1458/786/1458
f 382/811/382 430/810/430 428/795/428 420/794/420
f 1559/662/1559 1590/773/1590 378/772/378 347/609/347
f 1276/812/1276 1232/250/1232 115/813/115 1087/814/1087
f 347/609/347 378/772/378 410/775/410 234/608/234
f 1598/815/1598 1575/254/1575 113/271/113 1096/816/1096
f 1549/817/1549 1504/258/1504 112/255/112 1097/818/1097
f 383/799/383 123/281/123 124/283/124 384/806/384
f 412/802/412 122/277/122 123/281/123 383/799/383
f 382/811/382 121/278/121 122/277/122 412/802/412
f 420/794/420 359/681/359 121/278/121 382/811/382
f 377/797/377 120/615/120 359/681/359 420/794/420
f 416/791/416 312/273/312 120/615/120 377/797/377
f 381/790/381 119/274/119 312/273/312 416/791/416
f 1262/762/1262 169/337/169 446/11/446 1266/760/1266
f 1096/816/1096 113/271/113 114/251/114 1095/819/1095
f 1564/765/1564 400/769/400 451/749/451 1591/748/1591
f 1525/767/1525 395/766/395 450/737/450 1533/736/1533
f 1409/803/1409 390/768/390 448/725/448 1461/724/1461
f 1058/820/1058 1084/706/1084 447/709/447 370/705/370
f 406/324/406 1098/323/1098 1549/2/1549 1530/1/1530
f 148/821/148 444/308/444 440/320/440 84/822/84
f 137/823/137 443/307/443 444/308/444 148/821/148
f 126/824/126 445/287/445 443/288/443 137/825/137
f 1228/249/1228 1267/246/1267 442/247/442 109/826/109
f 400/769/400 405/763/405 449/761/449 451/749/451
f 1570/253/1570 1592/225/1592 441/226/441 99/272/99
f 1490/257/1490 1534/213/1534 439/214/439 94/256/94
f 1413/702/1413 1462/201/1462 437/202/437 89/260/89
f 453/827/453 385/807/385 125/285/125 445/287/445
f 445/287/445 126/824/126 436/828/436 453/827/453
f 453/827/453 452/829/452 432/808/432 385/807/385
f 436/828/436 429/804/429 452/829/452 453/827/453
f 440/320/440 1084/706/1084 1058/820/1058 84/822/84
f 99/272/99 441/226/441 438/248/438 104/252/104
f 500/512/500 286/598/286 304/597/304 504/513/504
f 1478/830/1478 1063/831/1063 375/704/375 1421/703/1421
f 148/821/148 455/832/455 454/833/454 137/823/137
f 126/824/126 456/834/456 457/835/457 436/828/436
f 126/824/126 137/825/137 454/836/454 456/834/456
f 84/822/84 110/837/110 455/832/455 148/821/148
f 455/838/455 457/835/457 456/834/456 454/836/454
f 434/805/434 457/835/457 455/838/455 110/839/110
f 429/804/429 436/828/436 457/835/457 434/805/434
f 380/798/380 117/263/117 119/274/119 381/790/381
f 379/840/379 490/841/490 493/842/493 491/843/491
f 459/844/459 471/845/471 473/846/473 458/847/458
f 466/848/466 469/849/469 459/844/459 460/850/460
f 460/850/460 462/851/462 463/852/463 461/853/461
f 469/849/469 470/854/470 471/845/471 459/844/459
f 462/851/462 458/847/458 468/855/468 464/856/464
f 462/851/462 464/856/464 465/857/465 463/852/463
f 463/858/463 461/859/461 467/860/467 465/861/465
f 468/855/468 472/862/472 470/863/470 469/864/469
f 464/856/464 466/865/466 467/866/467 465/857/465
f 473/846/473 477/867/477 476/868/476 472/862/472
f 464/856/464 468/855/468 469/864/469 466/865/466
f 466/848/466 460/850/460 461/853/461 467/869/467
f 460/850/460 459/844/459 458/847/458 462/851/462
f 458/847/458 473/846/473 472/862/472 468/855/468
f 474/870/474 478/871/478 479/872/479 475/873/475
f 470/854/470 474/870/474 475/873/475 471/845/471
f 471/845/471 475/873/475 477/867/477 473/846/473
f 472/862/472 476/868/476 474/874/474 470/863/470
f 479/875/479 478/876/478 480/877/480 481/878/481
f 475/873/475 479/872/479 481/879/481 477/867/477
f 476/868/476 480/880/480 478/881/478 474/874/474
f 477/867/477 481/879/481 480/880/480 476/868/476
f 343/882/343 282/261/282 281/156/281 344/645/344
f 483/883/483 283/601/283 282/261/282 343/882/343
f 1621/884/1621 1607/885/1607 160/347/160 1044/346/1044
f 320/648/320 345/886/345 487/887/487 482/888/482
f 488/889/488 483/676/483 461/675/461 463/890/463
f 337/345/337 283/355/283 483/891/483 488/892/488
f 487/893/487 465/894/465 467/895/467 482/896/482
f 490/841/490 116/264/116 117/263/117 493/842/493
f 489/780/489 379/840/379 491/843/491 492/781/492
f 493/842/493 117/263/117 380/798/380 491/843/491
f 380/798/380 419/778/419 492/781/492 491/843/491
f 463/890/463 494/897/494 495/898/495 488/889/488
f 487/893/487 494/897/494 463/890/463 465/894/465
f 487/899/487 116/264/116 490/841/490 494/900/494
f 379/840/379 495/901/495 494/900/494 490/841/490
f 495/901/495 338/342/338 337/345/337 488/892/488
f 506/636/506 496/902/496 350/779/350 485/610/485
f 350/779/350 496/902/496 505/903/505 489/780/489
f 1521/559/1521 319/562/319 484/655/484 1536/656/1536
f 304/597/304 254/540/254 503/537/503 504/513/504
f 254/540/254 253/510/253 502/523/502 503/537/503
f 1645/530/1645 249/506/249 501/519/501 1649/527/1649
f 253/510/253 243/509/243 499/524/499 502/523/502
f 249/506/249 242/505/242 497/520/497 501/519/501
f 1616/502/1616 241/501/241 498/516/498 1619/515/1619
f 496/902/496 340/393/340 339/384/339 505/903/505
f 489/780/489 505/903/505 495/901/495 379/840/379
f 505/903/505 339/384/339 338/342/338 495/901/495
f 506/636/506 341/467/341 340/393/340 496/902/496
f 263/553/263 508/904/508 510/905/510 268/554/268
f 268/554/268 510/905/510 509/906/509 264/549/264
f 513/558/513 516/907/516 508/904/508 263/553/263
f 509/906/509 342/635/342 317/550/317 264/549/264
f 500/512/500 507/908/507 262/557/262 286/598/286
f 110/837/110 1063/831/1063 1478/830/1478
f 509/906/509 500/512/500 289/511/289 342/635/342
f 262/557/262 507/908/507 516/907/516 513/558/513
f 1239/588/1239 1268/591/1268 512/594/512 260/589/260
f 1666/576/1666 1673/579/1673 514/582/514 266/577/266
f 1514/564/1514 1537/567/1537 515/570/515 271/565/271
f 1433/552/1433 1464/555/1464 513/558/513 263/553/263
f 516/907/516 518/909/518 517/910/517 508/904/508
f 509/906/509 510/905/510 508/904/508 517/910/517
f 509/906/509 517/910/517 518/909/518 500/512/500
f 507/908/507 500/512/500 518/909/518 516/907/516
f 1651/911/1651 1101/912/1101 19/913/19 1633/914/1633
f 162/603/162 1048/602/1048 1101/915/1101 158/916/158
f 1101/912/1101 1048/917/1048 48/918/48 19/913/19
f 163/919/163 1103/920/1103 1064/921/1064 511/922/511
f 1414/618/1414 54/617/54 523/152/523 1465/151/1465
f 1498/148/1498 11/147/11 521/146/521 1538/145/1538
f 1562/142/1562 49/141/49 522/140/522 1593/139/1593
f 1253/136/1253 57/135/57 524/134/524 1269/133/1269
f 1103/923/1103 52/924/52 519/925/519 1064/926/1064
f 1064/921/1064 1043/353/1043 152/352/152 511/922/511
f 153/442/153 1090/441/1090 1103/920/1103 163/919/163
f 1103/923/1103 1090/927/1090 2/928/2 52/924/52
f 1316/929/1316 981/930/981 978/931/978
f 947/932/947 665/933/665 528/934/528 941/935/941
f 664/936/664 666/937/666 529/938/529 530/939/530
f 945/940/945 636/941/636 531/942/531 943/943/943
f 638/944/638 637/945/637 532/946/532 533/947/533
f 949/948/949 849/949/849 534/950/534 940/951/940
f 850/952/850 851/953/851 535/954/535 536/955/536
f 940/951/940 534/950/534 537/956/537 938/957/938
f 536/955/536 535/954/535 538/958/538 539/959/539
f 951/960/951 903/961/903 540/229/540 939/228/939
f 902/962/902 904/963/904 541/964/541 542/965/542
f 946/966/946 648/967/648 2241/968/2241 2718/969/2718
f 648/967/648 650/970/650 2242/971/2242 2241/968/2241
f 765/972/765 763/973/763 530/939/530 638/944/638
f 806/974/806 651/975/651 543/976/543 803/977/803
f 655/978/655 652/979/652 544/980/544 545/981/545
f 653/982/653 655/978/655 545/981/545 546/983/546
f 654/984/654 653/982/653 546/983/546 547/985/547
f 667/986/667 551/987/551 552/988/552 668/989/668
f 643/990/643 641/991/641 551/987/551 550/992/550
f 756/993/756 751/994/751 548/995/548 671/996/671
f 642/997/642 554/998/554 555/999/555 643/990/643
f 669/1000/669 670/1001/670 545/981/545 544/980/544
f 670/1001/670 667/986/667 546/983/546 545/981/545
f 807/1002/807 804/1003/804 549/1004/549 669/1000/669
f 641/991/641 556/1005/556 557/1006/557 640/1007/640
f 805/1008/805 802/1009/802 554/998/554 642/997/642
f 645/1010/645 565/1011/565 564/1012/564 644/1013/644
f 646/1014/646 563/1015/563 562/1016/562 647/1017/647
f 647/1017/647 562/1016/562 552/988/552 640/1007/640
f 673/1018/673 569/1019/569 568/1020/568 672/1021/672
f 675/1022/675 567/1023/567 566/1024/566 674/1025/674
f 656/1026/656 2275/1027/2275 2274/1028/2274 658/1029/658
f 657/1030/657 2276/1031/2276 2275/1027/2275 656/1026/656
f 659/1032/659 2277/1033/2277 2276/1031/2276 657/1030/657
f 672/1021/672 568/1020/568 567/1023/567 675/1022/675
f 658/1029/658 2274/1028/2274 2246/1034/2246 654/984/654
f 674/1025/674 566/1024/566 547/985/547 668/989/668
f 644/1013/644 564/1012/564 563/1015/563 646/1014/646
f 900/1035/900 889/1036/889 573/1037/573 784/1038/784
f 1382/1039/1382 1381/1040/1381 574/1041/574 785/1042/785
f 889/1036/889 888/1043/888 576/1044/576 573/1037/573
f 1381/1040/1381 1380/1045/1380 577/1046/577 574/1041/574
f 888/1043/888 887/1047/887 579/1048/579 576/1044/576
f 1380/1045/1380 1383/1049/1383 580/1050/580 577/1046/577
f 576/1044/576 579/1048/579 558/1051/558 557/1006/557
f 573/1037/573 576/1044/576 557/1006/557 556/1005/556
f 784/1038/784 573/1037/573 556/1005/556 555/999/555
f 2400/1052/2400 684/1053/684 683/1054/683 2399/1055/2399
f 1153/1056/1153 1154/1057/1154 585/1058/585 586/1059/586
f 1152/1060/1152 1153/1056/1153 586/1059/586 587/1061/587
f 948/1062/948 2723/1063/2723 2403/1064/2403 691/1065/691
f 1154/1057/1154 1151/1066/1151 581/1067/581 585/1058/585
f 690/1068/690 588/1069/588 589/1070/589 691/1065/691
f 1389/1071/1389 542/965/542 541/964/541 1388/1072/1388
f 948/1062/948 944/1073/944 590/1074/590 689/1075/689
f 1248/20/1248 1250/606/1250 298/1076/298 276/1077/276
f 1518/629/1518 1526/664/1526 354/668/354 324/630/324
f 127/289/127 345/886/345 320/648/320 138/290/138
f 127/265/127 116/264/116 487/899/487 345/1078/345
f 755/1079/755 752/1080/752 543/976/543 651/975/651
f 1366/1081/1366 769/1082/769 542/965/542 1389/1071/1389
f 853/1083/853 682/1084/682 572/1085/572 859/1086/859
f 770/1087/770 692/1088/692 593/1089/593 768/1090/768
f 1367/1091/1367 779/1092/779 592/1093/592 1363/1094/1363
f 916/1095/916 852/1096/852 571/1097/571 908/1098/908
f 912/1099/912 769/1100/769 592/1093/592 917/1101/917
f 677/1102/677 676/1103/676 632/1104/632 626/1105/626
f 584/1106/584 597/1107/597 596/1108/596 583/1109/583
f 583/1109/583 596/1108/596 595/1110/595 582/1111/582
f 602/1112/602 600/1113/600 599/1114/599 601/1115/601
f 601/1115/601 599/1114/599 598/1116/598 603/1117/603
f 694/1118/694 696/1119/696 2409/1120/2409 2408/1121/2408
f 2410/1122/2410 2406/1123/2406 693/1124/693 697/1125/697
f 596/1108/596 601/1115/601 603/1117/603 595/1110/595
f 597/1107/597 602/1112/602 601/1115/601 596/1108/596
f 605/1126/605 558/1127/558 579/1128/579 604/1129/604
f 606/1130/606 559/1131/559 558/1127/558 605/1126/605
f 607/1132/607 560/1133/560 559/1131/559 606/1130/606
f 608/1134/608 561/1135/561 560/1133/560 607/1132/607
f 697/1125/697 693/1124/693 561/1135/561 608/1134/608
f 1365/1136/1365 698/1137/698 584/1138/584 1384/1139/1384
f 699/1140/699 597/1107/597 584/1106/584 698/1141/698
f 700/1142/700 602/1112/602 597/1107/597 699/1140/699
f 598/1116/598 610/1143/610 609/1144/609 603/1117/603
f 695/1145/695 701/1146/701 610/1143/610 598/1116/598
f 896/1147/896 702/1148/702 611/1149/611 892/1150/892
f 612/1151/612 580/1152/580 582/1111/582 595/1110/595
f 887/1153/887 893/1154/893 604/1129/604 579/1128/579
f 612/1151/612 595/1110/595 603/1117/603 609/1144/609
f 894/1155/894 605/1126/605 604/1129/604 893/1154/893
f 910/1156/910 609/1144/609 610/1143/610 918/1157/918
f 613/1158/613 606/1130/606 605/1126/605 611/1149/611
f 702/1148/702 703/1159/703 613/1158/613 611/1149/611
f 704/1160/704 606/1130/606 613/1158/613 703/1159/703
f 705/1161/705 607/1132/607 606/1130/606 704/1160/704
f 705/1161/705 697/1125/697 608/1134/608 607/1132/607
f 700/1142/700 696/1119/696 600/1113/600 602/1112/602
f 913/1162/913 779/1092/779 615/1163/615 911/1164/911
f 1368/1165/1368 789/1166/789 615/1163/615 1364/1167/1364
f 780/1168/780 706/1169/706 616/1170/616 778/1171/778
f 618/1172/618 620/1173/620 2332/1174/2332 2328/1175/2328
f 720/1176/720 721/1177/721 620/1173/620 618/1172/618
f 2325/1178/2325 2329/1179/2329 619/1180/619 617/1181/617
f 2328/1175/2328 1691/1182/1691 622/1183/622 618/1172/618
f 720/1176/720 722/1184/722 621/1185/621 617/1181/617
f 617/1181/617 621/1185/621 2333/1186/2333 2325/1178/2325
f 1691/1182/1691 2339/1187/2339 624/1188/624 622/1183/622
f 722/1184/722 723/1189/723 623/1190/623 621/1185/621
f 621/1185/621 623/1190/623 2336/1191/2336 2333/1186/2333
f 724/1192/724 725/1193/725 630/1194/630 635/1195/635
f 626/1105/626 632/1104/632 631/1196/631 625/1197/625
f 633/1198/633 594/1199/594 627/1200/627 628/1201/628
f 629/1202/629 634/1203/634 633/1198/633 628/1201/628
f 2420/1204/2420 708/1205/708 709/1206/709 2422/1207/2422
f 710/1208/710 711/1209/711 2424/1210/2424 2423/1211/2423
f 560/1212/560 644/1013/644 646/1014/646 559/1213/559
f 558/1051/558 647/1017/647 640/1007/640 557/1006/557
f 559/1213/559 646/1014/646 647/1017/647 558/1051/558
f 561/1214/561 645/1010/645 644/1013/644 560/1212/560
f 804/1003/804 805/1008/805 642/997/642 549/1004/549
f 551/987/551 641/991/641 640/1007/640 552/988/552
f 549/1004/549 642/997/642 643/990/643 550/992/550
f 555/999/555 556/1005/556 641/991/641 643/990/643
f 764/1215/764 765/972/765 638/944/638 533/947/533
f 530/939/530 529/938/529 637/945/637 638/944/638
f 941/935/941 528/934/528 636/941/636 945/940/945
f 661/1216/661 645/1217/645 561/1218/561 660/1219/660
f 662/1220/662 565/1221/565 645/1217/645 661/1216/661
f 678/1222/678 673/1223/673 565/1221/565 662/1220/662
f 2505/1224/2505 755/1079/755 651/975/651 2243/1225/2243
f 566/1024/566 658/1029/658 654/984/654 547/985/547
f 569/1019/569 659/1032/659 657/1030/657 568/1020/568
f 568/1020/568 657/1030/657 656/1026/656 567/1023/567
f 567/1023/567 656/1026/656 658/1029/658 566/1024/566
f 2246/1034/2246 2245/1226/2245 653/982/653 654/984/654
f 2245/1226/2245 1690/1227/1690 655/978/655 653/982/653
f 1690/1227/1690 2244/1228/2244 652/979/652 655/978/655
f 2560/1229/2560 2243/1225/2243 651/975/651 806/974/806
f 526/1230/526 527/1231/527 650/970/650 648/967/648
f 942/1232/942 526/1230/526 648/967/648 946/966/946
f 721/1177/721 724/1233/724 635/1234/635 620/1173/620
f 677/1235/677 678/1222/678 662/1220/662 627/1236/627
f 627/1236/627 662/1220/662 661/1216/661 628/1237/628
f 628/1237/628 661/1216/661 660/1219/660 629/1238/629
f 2422/1207/2422 709/1206/709 693/1239/693 2406/1240/2406
f 619/1241/619 663/1242/663 626/1243/626 625/1244/625
f 659/1245/659 569/1246/569 663/1242/663 619/1241/619
f 659/1245/659 619/1241/619 2329/1247/2329 2277/1248/2277
f 2379/1249/2379 2332/1174/2332 620/1173/620 635/1234/635
f 630/1194/630 2380/1250/2380 2379/1251/2379 635/1195/635
f 707/1252/707 2421/1253/2421 2424/1210/2424 711/1209/711
f 707/1252/707 711/1209/711 633/1198/633 634/1203/634
f 626/1243/626 663/1242/663 678/1222/678 677/1235/677
f 663/1242/663 569/1246/569 673/1223/673 678/1222/678
f 627/1200/627 594/1199/594 676/1103/676 677/1102/677
f 562/1016/562 674/1025/674 668/989/668 552/988/552
f 564/1012/564 672/1021/672 675/1022/675 563/1015/563
f 563/1015/563 675/1022/675 674/1025/674 562/1016/562
f 565/1011/565 673/1018/673 672/1021/672 564/1012/564
f 803/977/803 807/1002/807 669/1000/669 544/980/544
f 550/992/550 551/987/551 667/986/667 670/1001/670
f 549/1004/549 550/992/550 670/1001/670 669/1000/669
f 752/1080/752 756/993/756 671/996/671 543/976/543
f 546/983/546 667/986/667 668/989/668 547/985/547
f 527/1231/527 526/1230/526 666/937/666 664/936/664
f 942/1232/942 525/1254/525 665/933/665 947/932/947
f 712/1255/712 676/1103/676 594/1199/594 710/1208/710
f 712/1255/712 713/1256/713 632/1104/632 676/1103/676
f 706/1169/706 2419/1257/2419 2547/1258/2547 791/1259/791
f 710/1208/710 2423/1211/2423 2425/1260/2425 712/1255/712
f 699/1140/699 2412/1261/2412 2413/1262/2413 700/1142/700
f 695/1145/695 2407/1263/2407 2414/1264/2414 701/1146/701
f 2425/1260/2425 3448/1265/3448 1659/1266/1659 712/1255/712
f 703/1159/703 2416/1267/2416 2417/1268/2417 704/1160/704
f 896/1147/896 2662/1269/2662 2415/1270/2415 702/1148/702
f 780/1168/780 2535/1271/2535 2419/1257/2419 706/1169/706
f 691/1065/691 2403/1064/2403 2402/1272/2402 690/1068/690
f 770/1273/770 690/1068/690 2402/1272/2402 2524/1274/2524
f 1365/1136/1365 3175/1275/3175 2411/1276/2411 698/1137/698
f 704/1160/704 2417/1268/2417 2418/1277/2418 705/1161/705
f 702/1148/702 2415/1270/2415 2416/1267/2416 703/1159/703
f 698/1141/698 2411/1278/2411 2412/1261/2412 699/1140/699
f 705/1161/705 2418/1277/2418 2410/1122/2410 697/1125/697
f 700/1142/700 2413/1262/2413 2409/1120/2409 696/1119/696
f 2473/1279/2473 726/1280/726 679/1281/679 2426/1282/2426
f 2427/1283/2427 2380/1250/2380 630/1194/630 680/1284/680
f 712/1255/712 1659/1266/1659 679/1281/679 713/1256/713
f 633/1198/633 711/1209/711 710/1208/710 594/1199/594
f 629/1238/629 660/1219/660 709/1206/709 708/1205/708
f 660/1219/660 561/1218/561 693/1239/693 709/1206/709
f 629/1202/629 708/1285/708 707/1252/707 634/1203/634
f 600/1113/600 696/1119/696 694/1118/694 599/1114/599
f 599/1114/599 694/1118/694 695/1145/695 598/1116/598
f 585/1058/585 581/1067/581 685/1286/685 687/1287/687
f 587/1061/587 586/1059/586 688/1288/688 686/1289/686
f 586/1059/586 585/1058/585 687/1287/687 688/1288/688
f 578/1290/578 684/1053/684 685/1286/685 581/1067/581
f 575/1291/575 683/1054/683 684/1053/684 578/1290/578
f 786/1292/786 787/1293/787 683/1054/683 575/1291/575
f 713/1256/713 719/1294/719 716/1295/716 632/1104/632
f 630/1194/630 714/1296/714 718/1297/718 680/1284/680
f 679/1281/679 717/1298/717 719/1294/719 713/1256/713
f 632/1104/632 716/1295/716 715/1299/715 631/1196/631
f 725/1193/725 727/1300/727 714/1296/714 630/1194/630
f 726/1280/726 728/1301/728 717/1298/717 679/1281/679
f 717/1298/717 715/1299/715 716/1295/716 719/1294/719
f 728/1301/728 727/1300/727 715/1299/715 717/1298/717
f 718/1297/718 714/1296/714 727/1300/727 728/1301/728
f 680/1284/680 718/1297/718 728/1301/728 726/1280/726
f 631/1196/631 715/1299/715 727/1300/727 725/1193/725
f 2427/1283/2427 680/1284/680 726/1280/726 2473/1279/2473
f 619/1180/619 625/1302/625 724/1233/724 721/1177/721
f 625/1197/625 631/1196/631 725/1193/725 724/1192/724
f 622/1183/622 624/1188/624 723/1189/723 722/1184/722
f 618/1172/618 622/1183/622 722/1184/722 720/1176/720
f 617/1181/617 619/1180/619 721/1177/721 720/1176/720
f 623/1190/623 729/1303/729 2476/1304/2476 2336/1191/2336
f 624/1188/624 730/1305/730 731/1306/731 723/1189/723
f 2339/1187/2339 2479/1307/2479 730/1305/730 624/1188/624
f 723/1189/723 731/1306/731 729/1303/729 623/1190/623
f 731/1306/731 734/1308/734 732/1309/732 729/1303/729
f 730/1305/730 733/1310/733 734/1308/734 731/1306/731
f 2479/1307/2479 2484/1311/2484 733/1310/733 730/1305/730
f 729/1303/729 732/1309/732 2481/1312/2481 2476/1304/2476
f 2486/1313/2486 2481/1314/2481 732/1315/732 734/1316/734
f 2484/1317/2484 2486/1313/2486 734/1316/734 733/1318/733
f 740/1319/740 739/1320/739 743/1321/743 744/1322/744
f 741/1323/741 740/1319/740 744/1322/744 745/1324/745
f 742/1325/742 741/1323/741 745/1324/745 746/1326/746
f 809/1327/809 808/1328/808 741/1323/741 742/1325/742
f 810/1329/810 811/1330/811 739/1320/739 740/1319/740
f 812/1331/812 811/1330/811 735/1332/735 758/1333/758
f 744/1322/744 743/1321/743 747/1334/747 748/1335/748
f 745/1324/745 744/1322/744 748/1335/748 749/1336/749
f 746/1326/746 745/1324/745 749/1336/749 750/1337/750
f 808/1328/808 810/1329/810 740/1319/740 741/1323/741
f 760/1338/760 762/1339/762 756/993/756 752/1080/752
f 2514/1340/2514 761/1341/761 755/1079/755 2505/1224/2505
f 553/1342/553 639/1343/639 754/1344/754 753/1345/753
f 761/1341/761 760/1338/760 752/1080/752 755/1079/755
f 762/1339/762 763/1346/763 751/994/751 756/993/756
f 639/1343/639 548/995/548 751/994/751 754/1344/754
f 759/1347/759 743/1321/743 739/1320/739 757/1348/757
f 855/1349/855 759/1350/759 757/1351/757 854/1352/854
f 860/1353/860 812/1354/812 758/1355/758 856/1356/856
f 857/1357/857 855/1349/855 753/1345/753 764/1358/764
f 850/952/850 857/1359/857 764/1215/764 533/947/533
f 664/936/664 530/939/530 763/973/763 762/1360/762
f 650/970/650 527/1231/527 760/1361/760 761/1362/761
f 2242/971/2242 650/970/650 761/1362/761 2514/1363/2514
f 527/1231/527 664/936/664 762/1360/762 760/1361/760
f 753/1345/753 754/1344/754 765/1364/765 764/1358/764
f 754/1344/754 751/994/751 763/1346/763 765/1364/765
f 747/1334/747 743/1321/743 759/1347/759 766/1365/766
f 780/1168/780 692/1088/692 2405/1366/2405 2535/1271/2535
f 902/962/902 542/965/542 769/1082/769 912/1367/912
f 690/1068/690 770/1273/770 768/1368/768 588/1069/588
f 1363/1094/1363 592/1093/592 769/1100/769 1366/1369/1366
f 767/1370/767 766/1371/766 536/955/536 539/959/539
f 771/1372/771 747/1373/747 766/1374/766 767/1375/767
f 772/1376/772 748/1377/748 747/1373/747 771/1372/771
f 773/1378/773 749/1379/749 748/1377/748 772/1376/772
f 774/1380/774 750/1381/750 749/1379/749 773/1378/773
f 775/1382/775 746/1383/746 750/1381/750 774/1380/774
f 591/1384/591 776/1385/776 771/1386/771 767/1387/767
f 695/1145/695 694/1118/694 2408/1121/2408 2407/1263/2407
f 692/1088/692 780/1168/780 778/1171/778 593/1089/593
f 917/1101/917 592/1093/592 779/1092/779 913/1162/913
f 1364/1167/1364 615/1163/615 779/1092/779 1367/1091/1367
f 777/1388/777 781/1389/781 776/1385/776 591/1384/591
f 707/1252/707 708/1285/708 2420/1390/2420 2421/1253/2421
f 788/1391/788 783/1392/783 782/1393/782 614/1394/614
f 555/999/555 554/998/554 570/1395/570 784/1038/784
f 890/1396/890 900/1035/900 784/1038/784 570/1395/570
f 1390/1397/1390 1382/1039/1382 785/1042/785 571/1097/571
f 682/1084/682 787/1293/787 786/1292/786 572/1085/572
f 853/1083/853 791/1259/791 2547/1258/2547 2623/1398/2623
f 2399/1055/2399 683/1054/683 787/1293/787 2689/1399/2689
f 735/1400/735 783/1401/783 788/1402/788 758/1403/758
f 1369/1404/1369 852/1096/852 789/1166/789 1368/1165/1368
f 911/1164/911 615/1163/615 789/1166/789 914/1405/914
f 706/1169/706 791/1259/791 790/1406/790 616/1170/616
f 856/1356/856 858/1407/858 570/1395/570 554/998/554
f 782/1393/782 781/1389/781 777/1388/777 614/1394/614
f 809/1408/809 813/1409/813 792/1410/792 738/1411/738
f 775/1382/775 793/1412/793 742/1413/742 746/1383/746
f 736/1414/736 794/1415/794 783/1401/783 735/1400/735
f 737/1416/737 795/1417/795 794/1415/794 736/1414/736
f 792/1410/792 795/1417/795 737/1416/737 738/1411/738
f 782/1393/782 798/1418/798 797/1419/797 781/1389/781
f 781/1389/781 797/1419/797 796/1420/796 776/1385/776
f 798/1418/798 801/1421/801 800/1422/800 797/1419/797
f 797/1419/797 800/1422/800 799/1423/799 796/1420/796
f 796/1420/796 772/1424/772 771/1386/771 776/1385/776
f 799/1423/799 773/1425/773 772/1424/772 796/1420/796
f 794/1426/794 798/1418/798 782/1393/782 783/1392/783
f 795/1427/795 801/1421/801 798/1418/798 794/1426/794
f 799/1423/799 775/1428/775 774/1429/774 773/1425/773
f 800/1422/800 793/1430/793 775/1428/775 799/1423/799
f 742/1413/742 793/1412/793 813/1409/813 809/1408/809
f 854/1352/854 757/1351/757 812/1354/812 860/1353/860
f 737/1431/737 736/1432/736 810/1329/810 808/1328/808
f 757/1348/757 739/1320/739 811/1330/811 812/1331/812
f 736/1432/736 735/1332/735 811/1330/811 810/1329/810
f 738/1433/738 737/1431/737 808/1328/808 809/1327/809
f 543/976/543 671/996/671 807/1002/807 803/977/803
f 2244/1228/2244 2560/1229/2560 806/974/806 652/979/652
f 548/995/548 639/1343/639 805/1008/805 804/1003/804
f 639/1343/639 553/1342/553 802/1009/802 805/1008/805
f 671/996/671 548/995/548 804/1003/804 807/1002/807
f 652/979/652 806/974/806 803/977/803 544/980/544
f 813/1434/813 801/1421/801 795/1427/795 792/1435/792
f 793/1430/793 800/1422/800 801/1421/801 813/1434/813
f 868/1436/868 815/1437/815 818/1438/818 867/1439/867
f 867/1439/867 818/1438/818 816/1440/816 871/1441/871
f 2638/1442/2638 2576/1443/2576 819/1444/819 873/1445/873
f 873/1445/873 819/1444/819 814/1446/814 875/1447/875
f 881/1448/881 861/1449/861 817/1450/817 877/1451/877
f 875/1447/875 814/1446/814 820/1452/820 879/1453/879
f 879/1453/879 820/1452/820 815/1437/815 868/1436/868
f 2885/1454/2885 2584/1455/2584 826/1456/826 1065/1457/1065
f 1065/1457/1065 826/1456/826 821/1458/821 1066/1459/1066
f 1070/1460/1070 862/1461/862 824/1462/824 1067/1463/1067
f 1066/1459/1066 821/1458/821 827/1464/827 1068/1465/1068
f 1105/1466/1105 822/1467/822 825/1468/825 1069/1469/1069
f 1068/1465/1068 827/1464/827 822/1467/822 1105/1466/1105
f 1069/1469/1069 825/1468/825 823/1470/823 1104/1471/1104
f 1467/1472/1467 833/1473/833 828/1474/828 1405/1475/1405
f 1473/1476/1473 863/1477/863 831/1478/831 1404/1479/1404
f 1405/1475/1405 828/1474/828 834/1480/834 1469/1481/1469
f 1472/1482/1472 829/1483/829 832/1484/832 1470/1485/1470
f 1469/1481/1469 834/1480/834 829/1483/829 1472/1482/1472
f 1470/1485/1470 832/1484/832 830/1486/830 1466/1487/1466
f 3192/1488/3192 2592/1489/2592 833/1473/833 1467/1472/1467
f 1544/1490/1544 864/1491/864 838/1492/838 1528/1493/1528
f 1540/1494/1540 835/1495/835 841/1496/841 1539/1497/1539
f 1542/1498/1542 836/1499/836 839/1500/839 1541/1501/1541
f 1539/1497/1539 841/1496/841 836/1499/836 1542/1498/1542
f 1541/1501/1541 839/1500/839 837/1502/837 1535/1503/1535
f 3274/1504/3274 2600/1505/2600 840/1506/840 1543/1507/1543
f 1543/1507/1543 840/1506/840 835/1495/835 1540/1494/1540
f 1594/1508/1594 842/1509/842 848/1510/848 1572/1511/1572
f 1595/1512/1595 843/1513/843 846/1514/846 1580/1515/1580
f 1572/1511/1572 848/1510/848 843/1513/843 1595/1512/1595
f 1580/1515/1580 846/1514/846 844/1516/844 1555/1517/1555
f 3347/1518/3347 2608/1519/2608 847/1520/847 1596/1521/1596
f 1596/1521/1596 847/1520/847 842/1509/842 1594/1508/1594
f 1597/1522/1597 865/1523/865 845/1524/845 1553/1525/1553
f 1557/100/1557 1553/1526/1553 845/1527/845 42/101/42
f 1491/108/1491 1528/1528/1528 838/1529/838 41/109/41
f 1418/130/1418 1404/1530/1404 831/1531/831 40/131/40
f 1555/1517/1555 844/1516/844 865/1523/865 1597/1522/1597
f 1535/1503/1535 837/1502/837 864/1491/864 1544/1490/1544
f 1466/1487/1466 830/1486/830 863/1477/863 1473/1476/1473
f 1104/1471/1104 823/1470/823 862/1461/862 1070/1460/1070
f 871/1441/871 816/1440/816 861/1449/861 881/1448/881
f 553/1342/553 854/1352/854 860/1353/860 802/1009/802
f 758/1355/758 788/1532/788 858/1407/858 856/1356/856
f 1390/1397/1390 571/1097/571 852/1096/852 1369/1404/1369
f 536/955/536 766/1371/766 857/1359/857 850/952/850
f 766/1533/766 759/1350/759 855/1349/855 857/1357/857
f 802/1009/802 860/1353/860 856/1356/856 554/998/554
f 753/1345/753 855/1349/855 854/1352/854 553/1342/553
f 853/1083/853 2623/1398/2623 2398/1534/2398 682/1084/682
f 914/1405/914 789/1166/789 852/1096/852 916/1095/916
f 791/1259/791 853/1083/853 859/1086/859 790/1406/790
f 533/947/533 532/946/532 851/953/851 850/952/850
f 943/943/943 531/942/531 849/949/849 949/948/949
f 531/942/531 870/1535/870 880/1536/880 849/949/849
f 870/1535/870 871/1441/871 881/1448/881 880/1536/880
f 665/933/665 878/1537/878 869/1538/869 528/934/528
f 878/1537/878 879/1453/879 868/1436/868 869/1538/869
f 525/1254/525 874/1539/874 878/1537/878 665/933/665
f 874/1539/874 875/1447/875 879/1453/879 878/1537/878
f 849/949/849 880/1536/880 876/1540/876 534/950/534
f 880/1536/880 881/1448/881 877/1451/877 876/1540/876
f 649/1541/649 872/1542/872 874/1539/874 525/1254/525
f 872/1542/872 873/1445/873 875/1447/875 874/1539/874
f 2240/1543/2240 2639/1544/2639 872/1542/872 649/1541/649
f 2639/1544/2639 2638/1442/2638 873/1445/873 872/1542/872
f 636/941/636 866/1545/866 870/1535/870 531/942/531
f 866/1545/866 867/1439/867 871/1441/871 870/1535/870
f 528/934/528 869/1538/869 866/1545/866 636/941/636
f 869/1538/869 868/1436/868 867/1439/867 866/1545/866
f 1074/126/1074 1067/1546/1067 824/1547/824 192/127/192
f 62/176/62 877/1548/877 817/1549/817 39/177/39
f 68/180/68 876/1550/876 877/1548/877 62/176/62
f 74/179/74 882/1551/882 876/1550/876 68/180/68
f 537/956/537 534/950/534 876/1540/876 882/1552/882
f 189/419/189 883/1553/883 882/1554/882 74/422/74
f 788/1532/788 899/1555/899 901/1556/901 858/1407/858
f 687/1287/687 685/1286/685 1692/1557/1692 2401/1558/2401
f 770/1087/770 2524/1559/2524 2405/1366/2405 692/1088/692
f 1692/1557/1692 685/1286/685 684/1053/684 2400/1052/2400
f 614/1560/614 895/1561/895 899/1555/899 788/1532/788
f 908/1562/908 915/1563/915 900/1035/900 890/1396/890
f 591/1564/591 891/1565/891 898/1566/898 777/1567/777
f 539/1568/539 884/1569/884 897/1570/897 767/1571/767
f 919/1572/919 1693/1573/1693 2662/1269/2662 896/1147/896
f 777/1567/777 898/1566/898 895/1561/895 614/1560/614
f 605/1126/605 894/1155/894 892/1150/892 611/1149/611
f 910/1574/910 894/1155/894 893/1154/893 909/1575/909
f 905/1576/905 909/1575/909 893/1154/893 887/1153/887
f 919/1572/919 896/1147/896 892/1150/892 918/1577/918
f 767/1578/767 897/1579/897 891/1565/891 591/1564/591
f 858/1407/858 901/1556/901 890/1396/890 570/1395/570
f 906/1580/906 905/1581/905 887/1047/887 888/1043/888
f 907/1582/907 906/1580/906 888/1043/888 889/1036/889
f 915/1563/915 907/1582/907 889/1036/889 900/1035/900
f 539/1568/539 538/1583/538 886/1584/886 884/1569/884
f 938/1585/938 537/1586/537 885/1587/885 950/1588/950
f 883/1589/883 885/1587/885 537/1586/537 882/1590/882
f 785/1042/785 574/1041/574 907/1591/907 915/1592/915
f 574/1041/574 577/1046/577 906/1593/906 907/1591/907
f 577/1046/577 580/1050/580 905/1594/905 906/1593/906
f 701/1146/701 919/1595/919 918/1157/918 610/1143/610
f 580/1152/580 612/1151/612 909/1596/909 905/1597/905
f 609/1144/609 910/1156/910 909/1596/909 612/1151/612
f 701/1146/701 2414/1264/2414 1693/1598/1693 919/1595/919
f 571/1097/571 785/1042/785 915/1592/915 908/1098/908
f 899/1555/899 914/1599/914 916/1600/916 901/1556/901
f 895/1561/895 911/1601/911 914/1599/914 899/1555/899
f 891/1565/891 917/1602/917 913/1603/913 898/1566/898
f 884/1569/884 902/962/902 912/1367/912 897/1570/897
f 898/1566/898 913/1603/913 911/1601/911 895/1561/895
f 894/1155/894 910/1574/910 918/1577/918 892/1150/892
f 897/1579/897 912/1604/912 917/1602/917 891/1565/891
f 901/1556/901 916/1600/916 908/1562/908 890/1396/890
f 884/1569/884 886/1584/886 904/963/904 902/962/902
f 950/1588/950 885/1587/885 903/961/903 951/960/951
f 883/1589/883 920/1605/920 903/961/903 885/1587/885
f 200/420/200 920/1606/920 883/1553/883 189/419/189
f 787/1293/787 682/1084/682 2398/1534/2398 2689/1399/2689
f 936/1607/936 921/1608/921 922/1609/922 935/1610/935
f 935/1610/935 922/1609/922 2691/1611/2691 1694/1612/1694
f 957/1613/957 923/1614/923 924/1615/924 956/1616/956
f 956/1616/956 924/1615/924 2694/1617/2694 2736/1618/2736
f 1474/1619/1474 925/1620/925 926/1621/926 1471/1622/1471
f 1471/1622/1471 926/1621/926 2697/1623/2697 1408/1624/1408
f 1545/1625/1545 927/1626/927 928/1627/928 1527/1628/1527
f 1527/1628/1527 928/1627/928 2700/1629/2700 3276/1630/3276
f 1675/1631/1675 929/1632/929 930/1633/930 1674/1634/1674
f 1674/1634/1674 930/1633/930 2703/1635/2703 3450/1636/3450
f 1552/1637/1552 1484/1638/1484 934/1639/934 1370/1640/1370
f 1481/1641/1481 1468/1642/1468 933/1643/933 1391/1644/1391
f 1375/1645/1375 959/1646/959 932/1647/932 1392/1648/1392
f 1175/1649/1175 1162/1650/1162 921/1608/921 936/1607/936
f 1155/1651/1155 1175/1649/1175 936/1607/936 590/1074/590
f 689/1075/689 935/1610/935 1694/1612/1694 2404/1652/2404
f 590/1074/590 936/1607/936 935/1610/935 689/1075/689
f 920/1605/920 937/1653/937 540/229/540 903/961/903
f 183/421/183 937/1654/937 920/1606/920 200/420/200
f 177/423/177 931/1655/931 937/1654/937 183/421/183
f 886/1584/886 950/1588/950 951/960/951 904/963/904
f 538/1583/538 938/1585/938 950/1588/950 886/1584/886
f 532/946/532 943/943/943 949/948/949 851/953/851
f 526/1230/526 942/1232/942 947/932/947 666/937/666
f 525/1254/525 942/1232/942 946/966/946 649/1541/649
f 529/938/529 941/935/941 945/940/945 637/945/637
f 691/1065/691 589/1070/589 944/1073/944 948/1062/948
f 689/1075/689 2404/1652/2404 2723/1063/2723 948/1062/948
f 649/1541/649 946/966/946 2718/969/2718 2240/1543/2240
f 904/963/904 951/960/951 939/228/939 541/964/541
f 535/954/535 940/951/940 938/957/938 538/958/538
f 851/953/851 949/948/949 940/951/940 535/954/535
f 637/945/637 945/940/945 943/943/943 532/946/532
f 666/937/666 947/932/947 941/935/941 529/938/529
f 1388/1072/1388 541/964/541 939/228/939 1372/227/1372
f 1548/1656/1548 962/1657/962 934/1658/934 1484/1659/1484
f 1392/1648/1392 932/1647/932 954/1660/954 1373/1661/1373
f 924/1615/924 952/1662/952 1695/1663/1695 2694/1617/2694
f 923/1614/923 953/1664/953 952/1662/952 924/1615/924
f 1477/1665/1477 1430/500/1430 238/487/238 963/1666/963
f 967/1667/967 498/516/498 241/501/241 965/1668/965
f 1393/1669/1393 931/1670/931 960/1671/960 1374/1672/1374
f 1374/1672/1374 960/1671/960 959/1646/959 1375/1645/1375
f 922/1609/922 955/1673/955 2735/1674/2735 2691/1611/2691
f 955/1673/955 956/1616/956 2736/1618/2736 2735/1674/2735
f 921/1608/921 958/1675/958 955/1673/955 922/1609/922
f 958/1675/958 957/1613/957 956/1616/956 955/1673/955
f 932/1676/932 968/1677/968 966/1678/966 954/1679/954
f 968/1677/968 967/1667/967 965/1668/965 966/1678/966
f 1468/1680/1468 1475/1681/1475 964/1682/964 933/1683/933
f 1475/1681/1475 1477/1665/1477 963/1666/963 964/1682/964
f 1509/486/1509 235/471/235 961/1684/961 1546/1685/1546
f 1546/1685/1546 961/1684/961 962/1657/962 1548/1656/1548
f 969/1686/969 968/1677/968 932/1676/932 959/1687/959
f 970/1688/970 969/1686/969 959/1687/959 960/1689/960
f 177/423/177 970/1688/970 960/1689/960 931/1655/931
f 972/1690/972 971/1691/971 969/1686/969 970/1688/970
f 971/1691/971 967/1667/967 968/1677/968 969/1686/969
f 211/368/211 972/1690/972 970/1688/970 177/423/177
f 330/638/330 244/517/244 971/1691/971 972/1690/972
f 244/517/244 498/516/498 967/1667/967 971/1691/971
f 176/371/176 330/638/330 972/1690/972 211/368/211
f 1662/470/1662 1676/1692/1676 961/1684/961 235/471/235
f 1677/1693/1677 962/1657/962 961/1684/961 1676/1692/1676
f 1678/1694/1678 934/1658/934 962/1657/962 1677/1693/1677
f 1681/1695/1681 1675/1631/1675 927/1626/927 1174/1696/1174
f 1237/456/1237 1270/1697/1270 973/1698/973 231/457/231
f 1111/1699/1111 1049/1700/1049 22/431/22 993/1701/993
f 996/1702/996 995/1703/995 1111/1704/1111 1110/1705/1110
f 1300/1706/1300 1106/1707/1106 977/1708/977 1298/1709/1298
f 979/1710/979 1106/1711/1106 1300/1712/1300 1299/1713/1299
f 982/1714/982 983/1715/983 986/1716/986 985/1717/985
f 985/1717/985 986/1716/986 988/1718/988 987/1719/987
f 987/1719/987 988/1718/988 990/1720/990 989/1721/989
f 1107/1722/1107 1108/1723/1108 986/1716/986 983/1715/983
f 1109/1724/1109 1071/1725/1071 991/1726/991 992/1727/992
f 233/465/233 1647/536/1647 1685/533/1685 1661/478/1661
f 1106/1707/1106 1110/1728/1110 994/1729/994 977/1708/977
f 1110/1728/1110 1111/1699/1111 993/1701/993 994/1729/994
f 997/1730/997 976/1731/976 161/1732/161 995/1703/995
f 996/1702/996 981/930/981 997/1730/997 995/1703/995
f 1271/1733/1271 974/1734/974 973/1698/973 1270/1697/1270
f 997/1730/997 999/1735/999 998/1736/998 976/1731/976
f 981/930/981 1000/1737/1000 999/1735/999 997/1730/997
f 1272/1738/1272 975/1739/975 974/1734/974 1271/1733/1271
f 999/1735/999 1002/1740/1002 1001/1741/1001 998/1736/998
f 1000/1737/1000 1003/1742/1003 1002/1740/1002 999/1735/999
f 1378/1743/1378 1002/1744/1002 1003/1745/1003 1377/1746/1377
f 1379/1747/1379 1001/1748/1001 1002/1744/1002 1378/1743/1378
f 981/930/981 996/1702/996 979/1710/979 978/931/978
f 988/1718/988 1071/1749/1071 1109/1750/1109 990/1720/990
f 1108/1723/1108 1071/1749/1071 988/1718/988 986/1716/986
f 817/1549/817 1067/1546/1067 1074/126/1074 39/177/39
f 816/1440/816 1104/1471/1104 1070/1460/1070 861/1449/861
f 818/1438/818 1069/1469/1069 1104/1471/1104 816/1440/816
f 820/1452/820 1068/1465/1068 1105/1466/1105 815/1437/815
f 815/1437/815 1105/1466/1105 1069/1469/1069 818/1438/818
f 814/1446/814 1066/1459/1066 1068/1465/1068 820/1452/820
f 861/1449/861 1070/1460/1070 1067/1463/1067 817/1450/817
f 819/1444/819 1065/1457/1065 1066/1459/1066 814/1446/814
f 2576/1443/2576 2885/1454/2885 1065/1457/1065 819/1444/819
f 407/4/407 1097/3/1097 1598/6/1598 1588/5/1588
f 1303/1751/1303 1299/1713/1299 1300/1712/1300 1304/1752/1304
f 80/315/80 1059/712/1059 1077/699/1077 151/316/151
f 81/317/81 1062/698/1062 1060/710/1060 82/318/82
f 82/318/82 1060/710/1060 1061/707/1061 83/319/83
f 83/319/83 1061/707/1061 1084/706/1084 440/320/440
f 151/316/151 1077/699/1077 1062/698/1062 81/317/81
f 1054/670/1054 1056/690/1056 59/313/59 51/310/51
f 16/613/16 1055/695/1055 1057/694/1057 358/677/358
f 59/313/59 1056/690/1056 1083/693/1083 310/314/310
f 18/309/18 1052/671/1052 1054/670/1054 51/310/51
f 1040/624/1040 8/623/8 520/622/520 1102/621/1102
f 204/175/204 1079/125/1079 1073/426/1073 38/172/38
f 35/93/35 1075/92/1075 1078/399/1078 61/163/61
f 61/163/61 1078/399/1078 1080/398/1080 222/446/222
f 1058/820/1058 1063/831/1063 110/837/110 84/822/84
f 1050/40/1050 275/39/275 293/158/293 1081/436/1081
f 1113/1753/1113 1037/1754/1037 1005/33/1005 1112/36/1112
f 1163/34/1163 1005/33/1005 1004/1755/1004 1164/1756/1164
f 2896/1757/2896 2818/1758/2818 1037/1754/1037 1113/1753/1113
f 1212/1759/1212 1147/1760/1147 1131/1761/1131 1210/1762/1210
f 1683/1763/1683 1679/1764/1679 1026/1765/1026 1370/1640/1370
f 1193/1766/1193 1033/1767/1033 1034/1768/1034 1194/1769/1194
f 1209/1770/1209 1029/1771/1029 1033/1767/1033 1193/1766/1193
f 1208/1772/1208 1028/1773/1028 1032/1774/1032 1192/1775/1192
f 1204/1776/1204 1016/1777/1016 1031/1778/1031 1191/1779/1191
f 1387/230/1387 1371/1780/1371 1030/1781/1030 1015/1782/1015
f 1371/1780/1371 1393/1669/1393 1029/1771/1029 1030/1781/1030
f 1194/1769/1194 1034/1768/1034 1028/1773/1028 1208/1772/1208
f 1480/1783/1480 1476/1784/1476 1027/1785/1027 1207/1786/1207
f 1551/1787/1551 1547/1788/1547 1026/1765/1026 1189/1789/1189
f 1206/1790/1206 1023/1791/1023 1025/1792/1025 1188/1793/1188
f 1188/1793/1188 1025/1792/1025 1024/1794/1024 1187/1795/1187
f 1206/1790/1206 1198/1796/1198 1010/1797/1010 1023/1791/1023
f 1183/1798/1183 1019/1799/1019 1022/1800/1022 1186/1801/1186
f 1182/1802/1182 1018/1803/1018 1021/1804/1021 1185/1805/1185
f 1184/1806/1184 2987/1807/2987 2798/1808/2798 1020/1809/1020
f 1187/1795/1187 1024/1794/1024 1019/1799/1019 1183/1798/1183
f 1184/1806/1184 1020/1809/1020 1012/1810/1012 1200/1811/1200
f 1186/1801/1186 1022/1800/1022 1018/1803/1018 1182/1802/1182
f 1185/1812/1185 1021/1813/1021 1017/1814/1017 1205/1815/1205
f 1205/1815/1205 1017/1814/1017 1016/1777/1016 1204/1776/1204
f 1386/1816/1386 1383/1049/1383 1011/1817/1011 1014/1818/1014
f 1384/1139/1384 1385/1819/1385 1013/1820/1013 1012/1810/1012
f 1385/1819/1385 1386/1816/1386 1014/1818/1014 1013/1820/1013
f 1196/1821/1196 1199/1822/1199 1011/1817/1011 1008/1823/1008
f 1197/1824/1197 1196/1821/1196 1008/1823/1008 1009/1825/1009
f 1198/1796/1198 1197/1824/1197 1009/1825/1009 1010/1797/1010
f 1191/1779/1191 1031/1778/1031 1015/1782/1015 1203/1826/1203
f 1394/1827/1394 1376/1828/1376 975/1829/975 1272/1830/1272
f 1280/1831/1280 1195/1832/1195 1035/1833/1035 1274/1834/1274
f 1005/33/1005 1037/1754/1037 1036/1835/1036 1004/1755/1004
f 1037/1754/1037 2818/1758/2818 2817/1836/2817 1036/1835/1036
f 1275/1837/1275 930/1633/930 929/1632/929 1273/1838/1273
f 3059/1839/3059 2703/1635/2703 930/1633/930 1275/1837/1275
f 1007/1840/1007 1696/1841/1696 2896/1842/2896 1113/1843/1113
f 1006/1844/1006 1007/1840/1007 1113/1843/1113 1112/1845/1112
f 1166/1846/1166 1006/1844/1006 1112/1845/1112 1165/1847/1165
f 55/30/55 1039/37/1039 1050/40/1050 278/31/278
f 53/42/53 1041/87/1041 1038/90/1038 14/43/14
f 1641/411/1641 193/410/193 1075/92/1075 1650/91/1650
f 190/404/190 194/407/194 1076/96/1076 1072/95/1072
f 1611/405/1611 190/404/190 1072/95/1072 1620/111/1620
f 278/31/278 1050/40/1050 1081/436/1081 294/437/294
f 370/705/370 375/704/375 1063/831/1063 1058/820/1058
f 523/152/523 1102/621/1102 1039/37/1039 55/30/55
f 14/43/14 1038/90/1038 1040/624/1040 54/617/54
f 327/620/327 1082/625/1082 1041/87/1041 53/42/53
f 322/628/322 1051/646/1051 1082/625/1082 327/620/327
f 54/617/54 1040/624/1040 1102/621/1102 523/152/523
f 357/672/357 368/691/368 1056/690/1056 1054/670/1054
f 322/628/322 352/652/352 1052/671/1052 1051/646/1051
f 108/245/108 1089/1848/1089 1099/1849/1099 442/247/442
f 105/238/105 129/312/129 1053/1850/1053 1045/1851/1045
f 129/312/129 1/650/1 1088/1852/1088 1053/1850/1053
f 60/1853/60 1047/1854/1047 1094/1855/1094 311/1856/311
f 218/1857/218 1091/1858/1091 1093/1859/1093 298/1076/298
f 48/918/48 1048/917/1048 1091/1858/1091 218/1857/218
f 2/928/2 1090/927/1090 1047/1854/1047 60/1853/60
f 442/247/442 1099/1849/1099 1046/1860/1046 109/826/109
f 149/239/149 1086/1861/1086 1042/1862/1042 106/242/106
f 276/1077/276 1092/1863/1092 1043/1864/1043 3/1865/3
f 107/243/107 1085/1866/1085 1089/1848/1089 108/245/108
f 311/1856/311 1094/1855/1094 1088/1852/1088 1/650/1
f 109/826/109 1046/1860/1046 1087/814/1087 115/813/115
f 105/238/105 1045/1851/1045 1086/1861/1086 149/239/149
f 106/242/106 1042/1862/1042 1085/1866/1085 107/243/107
f 298/1076/298 1093/1859/1093 1092/1863/1092 276/1077/276
f 1599/1867/1599 1621/1868/1621 1044/1869/1044 21/1870/21
f 21/1870/21 1044/1869/1044 1100/1871/1100 20/1872/20
f 519/925/519 3/1865/3 1043/1864/1043 1064/926/1064
f 980/1873/980 984/1874/984 1108/1875/1108 1107/1876/1107
f 984/1874/984 991/1726/991 1071/1725/1071 1108/1875/1108
f 1277/1877/1277 1114/1878/1114 43/105/43 1226/104/1226
f 1181/1879/1181 1130/1880/1130 1147/1881/1147 1212/1882/1212
f 1279/1883/1279 1180/1884/1180 1146/1885/1146 1278/1886/1278
f 1176/1887/1176 1142/1888/1142 1122/1889/1122 1155/1651/1155
f 1150/1890/1150 1149/1891/1149 1116/1892/1116 1117/1893/1117
f 1149/1891/1149 1148/1894/1148 1115/1895/1115 1116/1892/1116
f 1148/1894/1148 1151/1066/1151 1118/1896/1118 1115/1895/1115
f 1157/1897/1157 1124/1898/1124 1123/1899/1123 1156/1900/1156
f 1170/1901/1170 1136/1902/1136 1124/1898/1124 1157/1897/1157
f 1171/1903/1171 1137/1904/1137 1133/1905/1133 1167/1906/1167
f 1169/1907/1169 1135/1908/1135 1119/1909/1119 1152/1060/1152
f 1172/1910/1172 1138/1911/1138 1134/1912/1134 1168/1913/1168
f 1169/1907/1169 1158/1914/1158 1125/1915/1125 1135/1908/1135
f 1167/1906/1167 1133/1905/1133 1136/1916/1136 1170/1917/1170
f 1168/1913/1168 1134/1912/1134 1137/1904/1137 1171/1903/1171
f 1159/1918/1159 1150/1890/1150 1117/1893/1117 1126/1919/1126
f 1173/1920/1173 1139/1921/1139 1138/1911/1138 1172/1910/1172
f 1159/1918/1159 1126/1919/1126 1139/1921/1139 1173/1920/1173
f 1550/1922/1550 1495/1923/1495 1140/1924/1140 1174/1696/1174
f 1479/1925/1479 1403/1926/1403 1127/1927/1127 1160/1928/1160
f 1179/1929/1179 1145/1930/1145 1128/1931/1128 1161/1932/1161
f 1156/1900/1156 1123/1899/1123 1142/1888/1142 1176/1887/1176
f 1161/1932/1161 1128/1931/1128 1143/1933/1143 1177/1934/1177
f 1162/1650/1162 1129/1935/1129 1144/1936/1144 1178/1937/1178
f 1178/1937/1178 1144/1936/1144 1145/1930/1145 1179/1929/1179
f 1210/1762/1210 1131/1761/1131 1132/1938/1132 1211/1939/1211
f 1147/1760/1147 1165/35/1165 1163/34/1163 1131/1761/1131
f 1682/1940/1682 1680/1941/1680 1140/1924/1140 1189/1789/1189
f 1203/1826/1203 1190/1942/1190 1141/1943/1141 1122/1889/1122
f 1190/1942/1190 1209/1770/1209 1129/1935/1129 1141/1943/1141
f 1202/1944/1202 1199/1822/1199 1118/1896/1118 1121/1945/1121
f 1200/1811/1200 1201/1946/1201 1120/1947/1120 1119/1909/1119
f 1201/1946/1201 1202/1944/1202 1121/1945/1121 1120/1947/1120
f 1281/1948/1281 847/1520/847 2608/1519/2608 3065/1949/3065
f 1282/1950/1282 842/1509/842 847/1520/847 1281/1948/1281
f 958/1675/958 1178/1937/1178 1179/1929/1179 957/1613/957
f 921/1608/921 1162/1650/1162 1178/1937/1178 958/1675/958
f 923/1614/923 1161/1932/1161 1177/1934/1177 953/1664/953
f 589/1070/589 1156/1900/1156 1176/1887/1176 944/1073/944
f 957/1613/957 1179/1929/1179 1161/1932/1161 923/1614/923
f 1474/1619/1474 1479/1925/1479 1160/1928/1160 925/1620/925
f 1545/1625/1545 1550/1922/1550 1174/1696/1174 927/1626/927
f 572/1085/572 1159/1918/1159 1173/1920/1173 859/1086/859
f 859/1086/859 1173/1920/1173 1172/1910/1172 790/1406/790
f 572/1085/572 786/1292/786 1150/1890/1150 1159/1918/1159
f 616/1170/616 1168/1913/1168 1171/1903/1171 778/1171/778
f 593/1089/593 1167/1906/1167 1170/1917/1170 768/1090/768
f 686/1289/686 681/1951/681 1158/1914/1158 1169/1907/1169
f 790/1406/790 1172/1910/1172 1168/1913/1168 616/1170/616
f 686/1289/686 1169/1907/1169 1152/1060/1152 587/1061/587
f 778/1171/778 1171/1903/1171 1167/1906/1167 593/1089/593
f 768/1368/768 1170/1901/1170 1157/1897/1157 588/1069/588
f 588/1069/588 1157/1897/1157 1156/1900/1156 589/1070/589
f 578/1290/578 581/1067/581 1151/1066/1151 1148/1894/1148
f 575/1291/575 578/1290/578 1148/1894/1148 1149/1891/1149
f 786/1292/786 575/1291/575 1149/1891/1149 1150/1890/1150
f 944/1073/944 1176/1887/1176 1155/1651/1155 590/1074/590
f 1273/1838/1273 929/1632/929 1180/1884/1180 1279/1883/1279
f 1130/1880/1130 1166/1846/1166 1165/1847/1165 1147/1881/1147
f 1131/1761/1131 1163/34/1163 1164/1756/1164 1132/1938/1132
f 1212/1759/1212 1210/1762/1210 990/1720/990 1109/1750/1109
f 1680/1941/1680 1681/1695/1681 1174/1696/1174 1140/1924/1140
f 1122/1889/1122 1141/1943/1141 1175/1649/1175 1155/1651/1155
f 1141/1943/1141 1129/1935/1129 1162/1650/1162 1175/1649/1175
f 1121/1945/1121 1118/1896/1118 1151/1066/1151 1154/1057/1154
f 1119/1909/1119 1120/1947/1120 1153/1056/1153 1152/1060/1152
f 1120/1947/1120 1121/1945/1121 1154/1057/1154 1153/1056/1153
f 1283/1952/1283 848/1510/848 842/1509/842 1282/1950/1282
f 1284/1953/1284 843/1513/843 848/1510/848 1283/1952/1283
f 1013/1820/1013 1014/1818/1014 1202/1944/1202 1201/1946/1201
f 1012/1810/1012 1013/1820/1013 1201/1946/1201 1200/1811/1200
f 1014/1818/1014 1011/1817/1011 1199/1822/1199 1202/1944/1202
f 1030/1781/1030 1029/1771/1029 1209/1770/1209 1190/1942/1190
f 1015/1782/1015 1030/1781/1030 1190/1942/1190 1203/1826/1203
f 1679/1764/1679 1682/1940/1682 1189/1789/1189 1026/1765/1026
f 990/1720/990 1210/1762/1210 1211/1939/1211 989/1721/989
f 992/1727/992 1181/1879/1181 1212/1882/1212 1109/1724/1109
f 1278/1886/1278 1146/1885/1146 1195/1832/1195 1280/1831/1280
f 1142/1888/1142 1191/1779/1191 1203/1826/1203 1122/1889/1122
f 1117/1893/1117 1116/1892/1116 1197/1824/1197 1198/1796/1198
f 1116/1892/1116 1115/1895/1115 1196/1821/1196 1197/1824/1197
f 1115/1895/1115 1118/1896/1118 1199/1822/1199 1196/1821/1196
f 1124/1898/1124 1205/1815/1205 1204/1776/1204 1123/1899/1123
f 1136/1902/1136 1185/1812/1185 1205/1815/1205 1124/1898/1124
f 1137/1904/1137 1186/1801/1186 1182/1802/1182 1133/1905/1133
f 1135/1908/1135 1184/1806/1184 1200/1811/1200 1119/1909/1119
f 1138/1911/1138 1187/1795/1187 1183/1798/1183 1134/1912/1134
f 1135/1908/1135 1125/1915/1125 2987/1807/2987 1184/1806/1184
f 1133/1905/1133 1182/1802/1182 1185/1805/1185 1136/1916/1136
f 1134/1912/1134 1183/1798/1183 1186/1801/1186 1137/1904/1137
f 1126/1919/1126 1117/1893/1117 1198/1796/1198 1206/1790/1206
f 1139/1921/1139 1188/1793/1188 1187/1795/1187 1138/1911/1138
f 1126/1919/1126 1206/1790/1206 1188/1793/1188 1139/1921/1139
f 1495/1923/1495 1551/1787/1551 1189/1789/1189 1140/1924/1140
f 1403/1926/1403 1480/1783/1480 1207/1786/1207 1127/1927/1127
f 1145/1930/1145 1194/1769/1194 1208/1772/1208 1128/1931/1128
f 1123/1899/1123 1204/1776/1204 1191/1779/1191 1142/1888/1142
f 1128/1931/1128 1208/1772/1208 1192/1775/1192 1143/1933/1143
f 1129/1935/1129 1209/1770/1209 1193/1766/1193 1144/1936/1144
f 1144/1936/1144 1193/1766/1193 1194/1769/1194 1145/1930/1145
f 1285/1954/1285 846/1514/846 843/1513/843 1284/1953/1284
f 1286/1955/1286 844/1516/844 846/1514/846 1285/1954/1285
f 1287/1956/1287 865/1523/865 844/1516/844 1286/1955/1286
f 1294/1957/1294 1219/1958/1219 1218/1959/1218 1293/1960/1293
f 1293/1960/1293 1218/1959/1218 1217/1961/1217 1292/1962/1292
f 1292/1962/1292 1217/1961/1217 1216/1963/1216 1291/1964/1291
f 1291/1964/1291 1216/1963/1216 1215/1965/1215 1290/1966/1290
f 1290/1966/1290 1215/1965/1215 1214/1967/1214 1289/1968/1289
f 1289/1968/1289 1214/1967/1214 1213/1969/1213 1288/1970/1288
f 1288/1970/1288 1213/1969/1213 2995/1971/2995 1697/1972/1697
f 1287/1956/1287 1277/1973/1277 845/1524/845 865/1523/865
f 1219/1958/1219 1114/1974/1114 1277/1973/1277 1287/1956/1287
f 1219/1958/1219 1287/1956/1287 1286/1955/1286 1218/1959/1218
f 1218/1959/1218 1286/1955/1286 1285/1954/1285 1217/1961/1217
f 1217/1961/1217 1285/1954/1285 1284/1953/1284 1216/1963/1216
f 1132/1938/1132 1278/1886/1278 1280/1831/1280 1211/1939/1211
f 1216/1963/1216 1284/1953/1284 1283/1952/1283 1215/1965/1215
f 1215/1965/1215 1283/1952/1283 1282/1950/1282 1214/1967/1214
f 1004/1755/1004 1273/1838/1273 1279/1883/1279 1164/1756/1164
f 1214/1967/1214 1282/1950/1282 1281/1948/1281 1213/1969/1213
f 1213/1969/1213 1281/1948/1281 3065/1949/3065 2995/1971/2995
f 1164/1756/1164 1279/1883/1279 1278/1886/1278 1132/1938/1132
f 845/1527/845 1277/1877/1277 1226/104/1226 42/101/42
f 1051/646/1051 1052/671/1052 18/309/18 325/647/325
f 2817/1836/2817 3059/1839/3059 1275/1837/1275 1036/1835/1036
f 1036/1835/1036 1275/1837/1275 1273/1838/1273 1004/1755/1004
f 1211/1939/1211 1280/1831/1280 1274/1834/1274 989/1721/989
f 1379/1747/1379 1394/1827/1394 1272/1830/1272 1001/1748/1001
f 1001/1741/1001 1272/1738/1272 1271/1733/1271 998/1736/998
f 998/1736/998 1271/1733/1271 1270/1697/1270 976/1731/976
f 161/1732/161 976/1731/976 1270/1697/1270 1237/456/1237
f 279/19/279 297/118/297 1250/606/1250 1248/20/1248
f 52/924/52 1253/136/1253 1269/133/1269 519/925/519
f 163/919/163 511/922/511 1268/591/1268 1239/588/1239
f 1045/332/1045 1053/665/1053 140/666/140 165/333/165
f 104/252/104 438/248/438 1267/246/1267 1228/249/1228
f 405/763/405 1262/762/1262 1266/760/1266 449/761/449
f 1095/819/1095 114/251/114 1232/250/1232 1276/812/1276
f 140/666/140 154/340/154 1245/607/1245 1260/774/1260
f 402/753/402 1263/758/1263 1261/755/1261 414/750/414
f 401/751/401 1265/756/1265 1260/774/1260 410/775/410
f 169/337/169 1262/762/1262 1264/16/1264 170/15/170
f 449/761/449 1266/760/1266 1259/759/1259 404/754/404
f 404/754/404 1259/759/1259 1258/757/1258 403/752/403
f 403/752/403 1258/757/1258 1263/758/1263 402/753/402
f 414/750/414 1261/755/1261 1265/756/1265 401/751/401
f 118/321/118 321/634/321 1255/633/1255 1257/311/1257
f 1/650/1 1255/633/1255 1256/137/1256 311/1856/311
f 154/340/154 315/339/315 1251/583/1251 1245/607/1245
f 218/1857/218 298/1076/298 1250/606/1250 1235/448/1235
f 152/352/152 284/350/284 1247/498/1247 1243/592/1243
f 164/443/164 153/442/153 1246/587/1246 1244/584/1244
f 299/349/299 223/604/223 1242/545/1242 1249/497/1249
f 511/922/511 152/352/152 1243/592/1243 1268/591/1268
f 153/442/153 163/919/163 1239/588/1239 1246/587/1246
f 315/339/315 164/443/164 1244/584/1244 1251/583/1251
f 223/604/223 162/603/162 1238/463/1238 1242/545/1242
f 1637/326/1637 159/329/159 1236/459/1236 1652/535/1652
f 307/418/307 285/417/285 1247/498/1247 1249/497/1249
f 162/603/162 158/916/158 1241/464/1241 1238/463/1238
f 159/329/159 160/347/160 1240/460/1240 1236/459/1236
f 1607/885/1607 161/1732/161 1237/456/1237 1622/455/1622
f 48/918/48 218/1857/218 1235/448/1235 1225/119/1225
f 26/433/26 201/102/201 1234/103/1234 1223/430/1223
f 101/233/101 156/232/156 1233/236/1233 1227/241/1227
f 100/231/100 118/321/118 1257/311/1257 1229/237/1229
f 109/826/109 115/813/115 1232/250/1232 1228/249/1228
f 438/248/438 103/235/103 1231/244/1231 1267/246/1267
f 103/235/103 102/234/102 1230/240/1230 1231/244/1231
f 102/234/102 101/233/101 1227/241/1227 1230/240/1230
f 156/232/156 100/231/100 1229/237/1229 1233/236/1233
f 311/1856/311 1256/137/1256 1252/53/1252 60/1853/60
f 2/928/2 1254/56/1254 1253/136/1253 52/924/52
f 519/925/519 1269/133/1269 1220/17/1220 3/1865/3
f 19/913/19 48/918/48 1225/119/1225 1221/58/1221
f 201/102/201 42/101/42 1226/104/1226 1234/103/1234
f 1599/1867/1599 21/1870/21 1222/61/1222 1623/65/1623
f 21/1870/21 20/1872/20 1224/62/1224 1222/61/1222
f 1633/914/1633 19/913/19 1221/58/1221 1653/57/1653
f 60/1853/60 1252/53/1252 1254/56/1254 2/928/2
f 3/1865/3 1220/17/1220 1248/20/1248 276/1077/276
f 1007/1840/1007 1288/1970/1288 1697/1972/1697 1696/1841/1696
f 1006/1844/1006 1289/1968/1289 1288/1970/1288 1007/1840/1007
f 1166/1846/1166 1290/1966/1290 1289/1968/1289 1006/1844/1006
f 1130/1880/1130 1291/1964/1291 1290/1966/1290 1166/1846/1166
f 1181/1879/1181 1292/1962/1292 1291/1964/1291 1130/1880/1130
f 992/1727/992 1293/1960/1293 1292/1962/1292 1181/1879/1181
f 991/1726/991 1294/1957/1294 1293/1960/1293 992/1727/992
f 43/105/43 1295/1975/1295 1296/1976/1296 202/106/202
f 1114/1878/1114 1297/1977/1297 1295/1975/1295 43/105/43
f 1294/1957/1294 1297/1978/1297 1114/1974/1114 1219/1958/1219
f 1296/1976/1296 993/1701/993 22/431/22 202/106/202
f 984/1874/984 1297/1978/1297 1294/1957/1294 991/1726/991
f 1305/1979/1305 984/1980/984 980/1981/980 1302/1982/1302
f 994/1729/994 1301/1983/1301 1298/1709/1298 977/1708/977
f 1303/1751/1303 1304/1752/1304 1107/1984/1107 983/1985/983
f 1304/1986/1304 1300/1706/1300 1298/1709/1298 1302/1982/1302
f 1296/1976/1296 1301/1983/1301 994/1729/994 993/1701/993
f 1107/1987/1107 1304/1986/1304 1302/1982/1302 980/1981/980
f 1301/1983/1301 1305/1979/1305 1302/1982/1302 1298/1709/1298
f 1295/1975/1295 1305/1979/1305 1301/1983/1301 1296/1976/1296
f 1297/1977/1297 984/1980/984 1305/1979/1305 1295/1975/1295
f 1299/1988/1299 1312/1989/1312 1309/1990/1309 979/1991/979
f 1306/1992/1306 1314/1993/1314 1315/1994/1315 1307/1995/1307
f 982/1996/982 1310/1997/1310 1311/1998/1311 983/1999/983
f 1395/2000/1395 1307/2001/1307 1315/2002/1315 1396/2003/1396
f 1303/2004/1303 1313/2005/1313 1312/1989/1312 1299/1988/1299
f 983/1999/983 1311/1998/1311 1313/2005/1313 1303/2004/1303
f 1316/2006/1316 1317/2007/1317 1314/1993/1314 1306/1992/1306
f 979/1991/979 1309/1990/1309 1308/2008/1308 978/2009/978
f 1377/1746/1377 1395/2010/1395 982/1714/982 985/1717/985
f 1000/1737/1000 1306/2011/1306 1307/2012/1307 1003/1742/1003
f 978/2009/978 1308/2008/1308 1317/2007/1317 1316/2006/1316
f 232/461/232 1613/458/1613 1684/469/1684 1660/474/1660
f 1306/2011/1306 1000/1737/1000 981/930/981 1316/929/1316
f 1310/1997/1310 1320/2013/1320 1321/2014/1321 1311/1998/1311
f 1317/2007/1317 1326/2015/1326 1324/2016/1324 1314/1993/1314
f 1311/1998/1311 1321/2014/1321 1323/2017/1323 1313/2005/1313
f 1308/2008/1308 1318/2018/1318 1326/2015/1326 1317/2007/1317
f 1314/1993/1314 1324/2016/1324 1325/2019/1325 1315/1994/1315
f 1312/1989/1312 1322/2020/1322 1319/2021/1319 1309/1990/1309
f 1309/1990/1309 1319/2021/1319 1318/2018/1318 1308/2008/1308
f 1396/2003/1396 1315/2002/1315 1325/2022/1325 1397/2023/1397
f 1313/2005/1313 1323/2017/1323 1322/2020/1322 1312/1989/1312
f 1324/2016/1324 1333/2024/1333 1334/2025/1334 1325/2019/1325
f 1322/2020/1322 1331/2026/1331 1328/2027/1328 1319/2021/1319
f 1319/2021/1319 1328/2027/1328 1327/2028/1327 1318/2018/1318
f 1397/2023/1397 1325/2022/1325 1334/2029/1334 1398/2030/1398
f 1323/2017/1323 1332/2031/1332 1331/2026/1331 1322/2020/1322
f 1320/2013/1320 1329/2032/1329 1330/2033/1330 1321/2014/1321
f 1318/2018/1318 1327/2028/1327 1335/2034/1335 1326/2015/1326
f 1326/2015/1326 1335/2034/1335 1333/2024/1333 1324/2016/1324
f 1321/2014/1321 1330/2033/1330 1332/2031/1332 1323/2017/1323
f 1335/2034/1335 1344/2035/1344 1342/2036/1342 1333/2024/1333
f 1330/2033/1330 1339/2037/1339 1341/2038/1341 1332/2031/1332
f 1333/2024/1333 1342/2036/1342 1343/2039/1343 1334/2025/1334
f 1331/2026/1331 1340/2040/1340 1337/2041/1337 1328/2027/1328
f 1328/2027/1328 1337/2041/1337 1336/2042/1336 1327/2028/1327
f 1398/2030/1398 1334/2029/1334 1343/2043/1343 1399/2044/1399
f 1332/2031/1332 1341/2038/1341 1340/2040/1340 1331/2026/1331
f 1329/2032/1329 1338/2045/1338 1339/2037/1339 1330/2033/1330
f 1327/2028/1327 1336/2042/1336 1344/2035/1344 1335/2034/1335
f 1341/2038/1341 1350/2046/1350 1349/2047/1349 1340/2040/1340
f 1338/2045/1338 1347/2048/1347 1348/2049/1348 1339/2037/1339
f 1336/2042/1336 1345/2050/1345 1353/2051/1353 1344/2035/1344
f 1344/2035/1344 1353/2051/1353 1351/2052/1351 1342/2036/1342
f 1339/2037/1339 1348/2049/1348 1350/2046/1350 1341/2038/1341
f 1342/2036/1342 1351/2052/1351 1352/2053/1352 1343/2039/1343
f 1340/2040/1340 1349/2047/1349 1346/2054/1346 1337/2041/1337
f 1337/2041/1337 1346/2054/1346 1345/2050/1345 1336/2042/1336
f 1399/2044/1399 1343/2043/1343 1352/2055/1352 1400/2056/1400
f 1349/2057/1349 1358/2058/1358 1355/2059/1355 1346/2060/1346
f 1346/2060/1346 1355/2059/1355 1354/2061/1354 1345/2062/1345
f 1400/2063/1400 1352/2064/1352 1361/2065/1361 1401/2066/1401
f 1350/2067/1350 1359/2068/1359 1358/2058/1358 1349/2057/1349
f 1347/2069/1347 1356/2070/1356 1357/2071/1357 1348/2072/1348
f 1345/2062/1345 1354/2061/1354 1362/2073/1362 1353/2074/1353
f 1353/2074/1353 1362/2073/1362 1360/2075/1360 1351/2076/1351
f 1348/2072/1348 1357/2071/1357 1359/2068/1359 1350/2067/1350
f 1351/2076/1351 1360/2075/1360 1361/2065/1361 1352/2064/1352
f 1357/2071/1357 1356/2070/1356 1401/2066/1401 1361/2065/1361
f 1362/2073/1362 1358/2058/1358 1359/2068/1359 1360/2075/1360
f 1359/2068/1359 1357/2071/1357 1361/2065/1361 1360/2075/1360
f 1347/2069/1347 1400/2063/1400 1401/2066/1401 1356/2070/1356
f 1338/2045/1338 1399/2044/1399 1400/2056/1400 1347/2048/1347
f 1329/2032/1329 1398/2030/1398 1399/2044/1399 1338/2045/1338
f 1320/2013/1320 1397/2023/1397 1398/2030/1398 1329/2032/1329
f 1310/1997/1310 1396/2003/1396 1397/2023/1397 1320/2013/1320
f 1003/1745/1003 1307/2077/1307 1395/2010/1395 1377/1746/1377
f 982/1996/982 1395/2000/1395 1396/2003/1396 1310/1997/1310
f 989/1721/989 1274/1834/1274 1394/1827/1394 1379/1747/1379
f 1274/1834/1274 1035/1833/1035 1376/1828/1376 1394/1827/1394
f 583/2078/583 582/2079/582 1386/1816/1386 1385/1819/1385
f 584/1138/584 583/2078/583 1385/1819/1385 1384/1139/1384
f 582/2079/582 580/1050/580 1383/1049/1383 1386/1816/1386
f 937/1653/937 931/1670/931 1393/1669/1393 1371/1780/1371
f 540/229/540 937/1653/937 1371/1780/1371 1387/230/1387
f 1678/2080/1678 1683/1763/1683 1370/1640/1370 934/1639/934
f 989/1721/989 1379/1747/1379 1378/1743/1378 987/1719/987
f 987/1719/987 1378/1743/1378 1377/1746/1377 985/1717/985
f 1033/1767/1033 1374/1672/1374 1375/1645/1375 1034/1768/1034
f 1029/1771/1029 1393/1669/1393 1374/1672/1374 1033/1767/1033
f 1028/1773/1028 1392/1648/1392 1373/1661/1373 1032/1774/1032
f 1016/1777/1016 1388/1072/1388 1372/227/1372 1031/1778/1031
f 1034/1768/1034 1375/1645/1375 1392/1648/1392 1028/1773/1028
f 1476/1784/1476 1481/1641/1481 1391/1644/1391 1027/1785/1027
f 1547/1788/1547 1552/1637/1552 1370/1640/1370 1026/1765/1026
f 1023/1791/1023 1390/1397/1390 1369/1404/1369 1025/1792/1025
f 1025/1792/1025 1369/1404/1369 1368/1165/1368 1024/1794/1024
f 1023/1791/1023 1010/1797/1010 1382/1039/1382 1390/1397/1390
f 1019/1799/1019 1364/1167/1364 1367/1091/1367 1022/1800/1022
f 1018/1803/1018 1363/1094/1363 1366/1369/1366 1021/1804/1021
f 1020/1809/1020 2798/1808/2798 3175/1275/3175 1365/1136/1365
f 1024/1794/1024 1368/1165/1368 1364/1167/1364 1019/1799/1019
f 1020/1809/1020 1365/1136/1365 1384/1139/1384 1012/1810/1012
f 1022/1800/1022 1367/1091/1367 1363/1094/1363 1018/1803/1018
f 1021/1813/1021 1366/1081/1366 1389/1071/1389 1017/1814/1017
f 1017/1814/1017 1389/1071/1389 1388/1072/1388 1016/1777/1016
f 1008/1823/1008 1011/1817/1011 1383/1049/1383 1380/1045/1380
f 1009/1825/1009 1008/1823/1008 1380/1045/1380 1381/1040/1381
f 1010/1797/1010 1009/1825/1009 1381/1040/1381 1382/1039/1382
f 1031/1778/1031 1372/227/1372 1387/230/1387 1015/1782/1015
f 1354/2061/1354 1355/2059/1355 1358/2058/1358 1362/2073/1362
f 2679/2081/2679 688/1288/688 687/1287/687 2401/1558/2401
f 688/1288/688 2679/2081/2679 681/1951/681 686/1289/686
f 1032/1774/1032 1373/1661/1373 1481/1641/1481 1476/1784/1476
f 1143/1933/1143 1192/1775/1192 1480/1783/1480 1403/1926/1403
f 953/1664/953 1177/1934/1177 1479/1925/1479 1474/1619/1474
f 1177/1934/1177 1143/1933/1143 1403/1926/1403 1479/1925/1479
f 1192/1775/1192 1032/1774/1032 1476/1784/1476 1480/1783/1480
f 966/1678/966 965/1668/965 1477/1665/1477 1475/1681/1475
f 954/1679/954 966/1678/966 1475/1681/1475 1468/1680/1468
f 965/1668/965 241/501/241 1430/500/1430 1477/1665/1477
f 1373/1661/1373 954/1660/954 1468/1642/1468 1481/1641/1481
f 952/1662/952 1471/1622/1471 1408/1624/1408 1695/1663/1695
f 953/1664/953 1474/1619/1474 1471/1622/1471 952/1662/952
f 823/1470/823 1466/1487/1466 1473/1476/1473 862/1461/862
f 192/127/192 824/1547/824 1404/1530/1404 1418/130/1418
f 2584/1455/2584 3192/1488/3192 1467/1472/1467 826/1456/826
f 825/1468/825 1470/1485/1470 1466/1487/1466 823/1470/823
f 827/1464/827 1469/1481/1469 1472/1482/1472 822/1467/822
f 822/1467/822 1472/1482/1472 1470/1485/1470 825/1468/825
f 821/1458/821 1405/1475/1405 1469/1481/1469 827/1464/827
f 862/1461/862 1473/1476/1473 1404/1479/1404 824/1462/824
f 826/1456/826 1467/1472/1467 1405/1475/1405 821/1458/821
f 11/147/11 1414/618/1414 1465/151/1465 521/146/521
f 271/565/271 515/570/515 1464/555/1464 1433/552/1433
f 408/8/408 1096/7/1096 1095/2082/1095 409/764/409
f 1098/2083/1098 1478/830/1478 1421/703/1421 111/259/111
f 370/705/370 447/709/447 1462/201/1462 1413/702/1413
f 429/804/429 1409/803/1409 1461/724/1461 452/829/452
f 430/810/430 1446/717/1446 1458/786/1458 428/795/428
f 390/768/390 1409/803/1409 1455/325/1455 406/324/406
f 418/777/418 1456/776/1456 1457/789/1457 423/788/423
f 427/793/427 426/792/426 1459/782/1459 1457/789/1457
f 428/795/428 1458/786/1458 1452/783/1452 425/796/425
f 426/792/426 425/796/425 1452/783/1452 1459/782/1459
f 419/778/419 1456/776/1456 1407/653/1407 350/779/350
f 433/800/433 1454/721/1454 1460/714/1460 435/801/435
f 452/829/452 1461/724/1461 1453/722/1453 432/808/432
f 432/808/432 1453/722/1453 1451/718/1451 431/809/431
f 431/809/431 1451/718/1451 1454/721/1454 433/800/433
f 435/801/435 1460/714/1460 1446/717/1446 430/810/430
f 371/713/371 369/697/369 1448/686/1448 1416/192/1416
f 89/260/89 111/259/111 1421/703/1421 1413/702/1413
f 356/669/356 364/688/364 1447/689/1447 1445/667/1445
f 368/691/368 1447/689/1447 1449/682/1449 367/692/367
f 369/697/369 366/696/366 1410/685/1410 1448/686/1448
f 367/692/367 1449/682/1449 1410/685/1410 366/696/366
f 357/672/357 352/652/352 1444/651/1444 1445/667/1445
f 485/610/485 350/779/350 1407/653/1407 1463/611/1463
f 324/630/324 354/668/354 1444/651/1444 1437/627/1437
f 324/630/324 1437/627/1437 1443/619/1443 309/150/309
f 309/150/309 1443/619/1443 1415/41/1415 10/46/10
f 5/47/5 1402/44/1402 1414/618/1414 11/147/11
f 319/562/319 1440/547/1440 1463/611/1463 484/655/484
f 215/453/215 295/114/295 1442/113/1442 1425/454/1425
f 270/569/270 288/483/288 1435/482/1435 1434/556/1434
f 272/561/272 274/566/274 1438/551/1438 1431/548/1431
f 308/484/308 229/542/229 1436/539/1436 1441/481/1441
f 515/570/515 270/569/270 1434/556/1434 1464/555/1464
f 274/566/274 271/565/271 1433/552/1433 1438/551/1438
f 319/562/319 272/561/272 1431/548/1431 1440/547/1440
f 229/542/229 258/496/258 1429/507/1429 1436/539/1436
f 1643/532/1643 247/492/247 1432/503/1432 1654/529/1654
f 258/496/258 240/495/240 1423/508/1423 1429/507/1429
f 247/492/247 239/491/239 1428/504/1428 1432/503/1432
f 1617/488/1617 238/487/238 1430/500/1430 1624/499/1624
f 304/597/304 286/598/286 1435/482/1435 1441/481/1441
f 45/124/45 215/453/215 1425/454/1425 1411/412/1411
f 191/427/191 212/128/212 1427/129/1427 1422/424/1422
f 44/400/44 193/410/193 1424/409/1424 1411/412/1411
f 1632/80/1632 31/79/31 1424/409/1424 1655/408/1655
f 33/84/33 32/83/32 1426/406/1426 1406/403/1406
f 1603/86/1603 33/84/33 1406/403/1406 1625/402/1625
f 374/701/374 376/700/376 1450/191/1450 1420/196/1420
f 447/709/447 373/708/373 1419/199/1419 1462/201/1462
f 373/708/373 372/711/372 1417/195/1417 1419/199/1419
f 372/711/372 374/701/374 1420/196/1420 1417/195/1417
f 376/700/376 371/713/371 1416/192/1416 1450/191/1450
f 521/146/521 1465/151/1465 1412/29/1412 12/26/12
f 212/128/212 192/127/192 1418/130/1418 1427/129/1427
f 278/31/278 294/437/294 1442/113/1442 1439/32/1439
f 10/46/10 1415/41/1415 1402/44/1402 5/47/5
f 12/26/12 1412/29/1412 1439/32/1439 280/27/280
f 1027/1785/1027 1391/1644/1391 1552/1637/1552 1547/1788/1547
f 1127/1927/1127 1207/1786/1207 1551/1787/1551 1495/1923/1495
f 925/1620/925 1160/1928/1160 1550/1922/1550 1545/1625/1545
f 1160/1928/1160 1127/1927/1127 1495/1923/1495 1550/1922/1550
f 409/764/409 1095/2082/1095 1276/13/1276 1264/16/1264
f 1207/1786/1207 1027/1785/1027 1547/1788/1547 1551/1787/1551
f 963/1666/963 1546/1685/1546 1548/1656/1548 964/1682/964
f 238/487/238 1509/486/1509 1546/1685/1546 963/1666/963
f 964/1682/964 1548/1656/1548 1484/1659/1484 933/1683/933
f 1391/1644/1391 933/1643/933 1484/1638/1484 1552/1637/1552
f 926/1621/926 1527/1628/1527 3276/1630/3276 2697/1623/2697
f 925/1620/925 1545/1625/1545 1527/1628/1527 926/1621/926
f 830/1486/830 1535/1503/1535 1544/1490/1544 863/1477/863
f 40/131/40 831/1531/831 1528/1528/1528 1491/108/1491
f 833/1473/833 1543/1507/1543 1540/1494/1540 828/1474/828
f 2592/1489/2592 3274/1504/3274 1543/1507/1543 833/1473/833
f 832/1484/832 1541/1501/1541 1535/1503/1535 830/1486/830
f 834/1480/834 1539/1497/1539 1542/1498/1542 829/1483/829
f 829/1483/829 1542/1498/1542 1541/1501/1541 832/1484/832
f 828/1474/828 1540/1494/1540 1539/1497/1539 834/1480/834
f 863/1477/863 1544/1490/1544 1528/1493/1528 831/1478/831
f 323/632/323 353/661/353 1526/664/1526 1518/629/1518
f 49/141/49 1498/148/1498 1538/145/1538 522/140/522
f 266/577/266 514/582/514 1537/567/1537 1514/564/1514
f 318/574/318 1521/559/1521 1536/656/1536 486/659/486
f 89/260/89 437/202/437 1534/213/1534 1490/257/1490
f 390/768/390 1525/767/1525 1533/736/1533 448/725/448
f 1098/2083/1098 111/259/111 1504/258/1504 1549/817/1549
f 418/777/418 1531/771/1531 1487/657/1487 349/654/349
f 387/720/387 1486/733/1486 1532/726/1532 411/715/411
f 386/716/386 1503/729/1503 1531/771/1531 418/777/418
f 395/766/395 1525/767/1525 1530/1/1530 407/4/407
f 448/725/448 1533/736/1533 1485/734/1485 389/723/389
f 389/723/389 1485/734/1485 1529/730/1529 388/719/388
f 388/719/388 1529/730/1529 1486/733/1486 387/720/387
f 411/715/411 1532/726/1532 1503/729/1503 386/716/386
f 356/669/356 354/668/354 1526/664/1526 1505/291/1505
f 484/655/484 349/654/349 1487/657/1487 1536/656/1536
f 323/632/323 1518/629/1518 1524/149/1524 326/144/326
f 216/451/216 296/116/296 1523/115/1523 1506/452/1506
f 308/484/308 288/483/288 1516/599/1516 1522/596/1522
f 265/581/265 287/600/287 1516/599/1516 1515/568/1515
f 267/573/267 273/578/273 1519/563/1519 1512/560/1512
f 305/595/305 230/544/230 1517/541/1517 1522/596/1522
f 514/582/514 265/581/265 1515/568/1515 1537/567/1537
f 273/578/273 266/577/266 1514/564/1514 1519/563/1519
f 318/574/318 267/573/267 1512/560/1512 1521/559/1521
f 230/544/230 255/480/255 1510/493/1510 1517/541/1517
f 1646/534/1646 250/476/250 1513/489/1513 1656/531/1656
f 255/480/255 237/479/237 1501/494/1501 1510/493/1510
f 250/476/250 236/475/236 1511/490/1511 1513/489/1513
f 1614/472/1614 235/471/235 1509/486/1509 1626/485/1626
f 46/122/46 216/451/216 1506/452/1506 1496/123/1496
f 34/425/34 205/132/205 1508/107/1508 1494/428/1494
f 86/197/86 150/194/150 1507/203/1507 1500/208/1500
f 85/193/85 356/669/356 1505/291/1505 1489/204/1489
f 94/256/94 112/255/112 1504/258/1504 1490/257/1490
f 437/202/437 88/200/88 1497/211/1497 1534/213/1534
f 88/200/88 87/198/87 1502/207/1502 1497/211/1497
f 87/198/87 86/197/86 1500/208/1500 1502/207/1502
f 150/194/150 85/193/85 1489/204/1489 1507/203/1507
f 326/144/326 1524/149/1524 1499/45/1499 15/50/15
f 6/51/6 1483/48/1483 1498/148/1498 49/141/49
f 522/140/522 1538/145/1538 1488/25/1488 50/22/50
f 27/69/27 46/122/46 1496/123/1496 1493/78/1493
f 280/27/280 295/114/295 1523/115/1523 1520/28/1520
f 205/132/205 40/131/40 1491/108/1491 1508/107/1508
f 1600/76/1600 29/74/29 1492/81/1492 1627/85/1627
f 29/74/29 28/73/28 1482/82/1482 1492/81/1492
f 1629/70/1629 27/69/27 1493/78/1493 1657/77/1657
f 15/50/15 1499/45/1499 1483/48/1483 6/51/6
f 50/22/50 1488/25/1488 1520/28/1520 277/23/277
f 837/1502/837 1555/1517/1555 1597/1522/1597 864/1491/864
f 41/109/41 838/1529/838 1553/1526/1553 1557/100/1557
f 864/1491/864 1597/1522/1597 1553/1525/1553 838/1492/838
f 840/1506/840 1596/1521/1596 1594/1508/1594 835/1495/835
f 2600/1505/2600 3347/1518/3347 1596/1521/1596 840/1506/840
f 839/1500/839 1580/1515/1580 1555/1517/1555 837/1502/837
f 841/1496/841 1572/1511/1572 1595/1512/1595 836/1499/836
f 836/1499/836 1595/1512/1595 1580/1515/1580 839/1500/839
f 835/1495/835 1594/1508/1594 1572/1511/1572 841/1496/841
f 57/135/57 1562/142/1562 1593/139/1593 524/134/524
f 94/256/94 439/214/439 1592/225/1592 1570/253/1570
f 395/766/395 1564/765/1564 1591/748/1591 450/737/450
f 1097/818/1097 112/255/112 1575/254/1575 1598/815/1598
f 348/658/348 417/770/417 1590/773/1590 1559/662/1559
f 392/732/392 1586/745/1586 1589/738/1589 413/727/413
f 391/728/391 1585/741/1585 1590/773/1590 417/770/417
f 400/769/400 1564/765/1564 1588/5/1588 408/8/408
f 450/737/450 1591/748/1591 1587/746/1587 394/735/394
f 394/735/394 1587/746/1587 1560/742/1560 393/731/393
f 393/731/393 1560/742/1560 1586/745/1586 392/732/392
f 413/727/413 1589/738/1589 1585/741/1585 391/728/391
f 355/292/355 353/661/353 1583/660/1583 1584/293/1584
f 321/634/321 351/663/351 1583/660/1583 1568/631/1568
f 321/634/321 1568/631/1568 1582/143/1582 328/138/328
f 217/449/217 297/118/297 1581/117/1581 1576/450/1576
f 47/120/47 217/449/217 1576/450/1576 1569/121/1569
f 30/429/30 203/110/203 1578/99/1578 1565/432/1565
f 91/209/91 155/206/155 1577/215/1577 1573/220/1573
f 90/205/90 355/292/355 1584/293/1584 1571/216/1571
f 99/272/99 113/271/113 1575/254/1575 1570/253/1570
f 439/214/439 93/212/93 1574/223/1574 1592/225/1592
f 93/212/93 92/210/92 1556/219/1556 1574/223/1574
f 92/210/92 91/209/91 1573/220/1573 1556/219/1556
f 155/206/155 90/205/90 1571/216/1571 1577/215/1577
f 328/138/328 1582/143/1582 1563/49/1563 56/54/56
f 13/55/13 1554/52/1554 1562/142/1562 57/135/57
f 524/134/524 1593/139/1593 1558/21/1558 58/18/58
f 23/59/23 47/120/47 1569/121/1569 1567/68/1567
f 277/23/277 296/116/296 1581/117/1581 1579/24/1579
f 203/110/203 41/109/41 1557/100/1557 1578/99/1578
f 1602/66/1602 25/64/25 1561/71/1561 1628/75/1628
f 25/64/25 24/63/24 1566/72/1566 1561/71/1561
f 1631/60/1631 23/59/23 1567/68/1567 1658/67/1658
f 56/54/56 1563/49/1563 1554/52/1554 13/55/13
f 58/18/58 1558/21/1558 1579/24/1579 279/19/279
f 161/1732/161 1049/2084/1049 1111/1704/1111 995/1703/995
f 26/433/26 1602/66/1602 1628/75/1628 1565/432/1565
f 30/429/30 1600/76/1600 1627/85/1627 1494/428/1494
f 236/475/236 1614/472/1614 1626/485/1626 1511/490/1511
f 34/425/34 1603/86/1603 1625/402/1625 1422/424/1422
f 239/491/239 1617/488/1617 1624/499/1624 1428/504/1428
f 22/431/22 1599/1867/1599 1623/65/1623 1223/430/1223
f 160/347/160 1607/885/1607 1622/455/1622 1240/460/1240
f 22/431/22 1049/1700/1049 1621/1868/1621 1599/1867/1599
f 191/427/191 1611/405/1611 1620/111/1620 1073/426/1073
f 242/505/242 1616/502/1616 1619/515/1619 497/520/497
f 1049/2084/1049 161/1732/161 1607/885/1607 1621/884/1621
f 175/362/175 331/640/331 1618/637/1618 1609/366/1609
f 331/640/331 245/521/245 1615/518/1615 1618/637/1618
f 497/520/497 1619/515/1619 1615/518/1615 245/521/245
f 1428/504/1428 1624/499/1624 1616/502/1616 242/505/242
f 1511/490/1511 1626/485/1626 1617/488/1617 239/491/239
f 1660/474/1660 1684/469/1684 1614/472/1614 236/475/236
f 1240/460/1240 1622/455/1622 1613/458/1613 232/461/232
f 188/375/188 1608/414/1608 1612/397/1612 198/391/198
f 75/374/75 1604/413/1604 1608/414/1608 188/375/188
f 1422/424/1422 1625/402/1625 1611/405/1611 191/427/191
f 198/391/198 1612/397/1612 1610/367/1610 182/370/182
f 176/371/176 182/370/182 1610/367/1610 1609/366/1609
f 69/161/69 63/160/63 1605/171/1605 1606/181/1606
f 70/174/70 76/185/76 1604/182/1604 1606/181/1606
f 37/98/37 64/154/64 1605/171/1605 1601/112/1601
f 1073/426/1073 1620/111/1620 1601/112/1601 38/172/38
f 1494/428/1494 1627/85/1627 1603/86/1603 34/425/34
f 1565/432/1565 1628/75/1628 1600/76/1600 30/429/30
f 1223/430/1223 1623/65/1623 1602/66/1602 26/433/26
f 24/63/24 1631/60/1631 1658/67/1658 1566/72/1566
f 28/73/28 1629/70/1629 1657/77/1657 1482/82/1482
f 237/479/237 1646/534/1646 1656/531/1656 1501/494/1501
f 32/83/32 1632/80/1632 1655/408/1655 1426/406/1426
f 240/495/240 1643/532/1643 1654/529/1654 1423/508/1423
f 20/1872/20 1633/914/1633 1653/57/1653 1224/62/1224
f 158/916/158 1637/326/1637 1652/535/1652 1241/464/1241
f 194/407/194 1641/411/1641 1650/91/1650 1076/96/1076
f 1100/1871/1100 1651/911/1651 1633/914/1633 20/1872/20
f 243/509/243 1645/530/1645 1649/527/1649 499/524/499
f 173/356/173 333/643/333 1648/641/1648 1638/360/1638
f 333/643/333 246/525/246 1644/528/1644 1648/641/1648
f 1241/464/1241 1652/535/1652 1647/536/1647 233/465/233
f 1661/478/1661 1685/533/1685 1646/534/1646 237/479/237
f 1501/494/1501 1656/531/1656 1643/532/1643 240/495/240
f 1423/508/1423 1654/529/1654 1645/530/1645 243/509/243
f 499/524/499 1649/527/1649 1644/528/1644 246/525/246
f 186/382/186 1639/395/1639 1642/392/1642 196/389/196
f 1426/406/1426 1655/408/1655 1641/411/1641 194/407/194
f 186/382/186 77/381/77 1635/396/1635 1639/395/1639
f 196/389/196 1642/392/1642 1640/361/1640 180/364/180
f 174/365/174 180/364/180 1640/361/1640 1638/360/1638
f 158/916/158 1101/915/1101 1651/327/1651 1637/326/1637
f 72/167/72 78/188/78 1635/186/1635 1634/166/1634
f 71/173/71 65/153/65 1636/155/1636 1634/166/1634
f 35/93/35 66/165/66 1636/155/1636 1630/94/1630
f 1076/96/1076 1650/91/1650 1630/94/1630 36/97/36
f 1482/82/1482 1657/77/1657 1632/80/1632 32/83/32
f 1566/72/1566 1658/67/1658 1629/70/1629 28/73/28
f 1224/62/1224 1653/57/1653 1631/60/1631 24/63/24
f 3448/1265/3448 2426/1282/2426 679/1281/679 1659/1266/1659
f 1110/1705/1110 1106/1711/1106 979/1710/979 996/1702/996
f 975/1829/975 1376/1828/1376 1683/1763/1683 1678/2080/1678
f 1035/1833/1035 1195/1832/1195 1682/1940/1682 1679/1764/1679
f 1146/1885/1146 1180/1884/1180 1681/1695/1681 1680/1941/1680
f 1195/1832/1195 1146/1885/1146 1680/1941/1680 1682/1940/1682
f 1376/1828/1376 1035/1833/1035 1679/1764/1679 1683/1763/1683
f 1180/1884/1180 929/1632/929 1675/1631/1675 1681/1695/1681
f 975/1739/975 1678/1694/1678 1677/1693/1677 974/1734/974
f 974/1734/974 1677/1693/1677 1676/1692/1676 973/1698/973
f 231/457/231 973/1698/973 1676/1692/1676 1662/470/1662
f 928/1627/928 1674/1634/1674 3450/1636/3450 2700/1629/2700
f 927/1626/927 1675/1631/1675 1674/1634/1674 928/1627/928
f 260/589/260 512/594/512 1673/579/1673 1666/576/1666
f 259/593/259 285/417/285 1670/416/1670 1667/580/1667
f 261/585/261 269/590/269 1669/575/1669 1665/572/1665
f 307/418/307 228/546/228 1668/543/1668 1671/415/1671
f 512/594/512 259/593/259 1667/580/1667 1673/579/1673
f 269/590/269 260/589/260 1666/576/1666 1669/575/1669
f 316/586/316 261/585/261 1665/572/1665 1672/571/1672
f 228/546/228 257/466/257 1664/477/1664 1668/543/1668
f 1647/536/1647 252/462/252 1663/473/1663 1685/533/1685
f 257/466/257 233/465/233 1661/478/1661 1664/477/1664
f 252/462/252 232/461/232 1660/474/1660 1663/473/1663
f 1613/458/1613 231/457/231 1662/470/1662 1684/469/1684
f 305/595/305 287/600/287 1670/416/1670 1671/415/1671
f 320/648/320 482/888/482 483/883/483 343/882/343
f 346/649/346 320/648/320 343/882/343 344/645/344
f 346/649/346 344/645/344 1688/2085/1688 1687/2086/1687
f 7/88/7 329/626/329 346/649/346 1687/2086/1687
f 344/645/344 9/38/9 520/622/520 1688/2085/1688
f 8/623/8 4/89/4 1686/2087/1686 1689/2088/1689
f 1686/2087/1686 4/89/4 7/88/7 1687/2086/1687
f 1689/2088/1689 1686/2087/1686 1687/2086/1687 1688/2085/1688
f 8/623/8 1689/2088/1689 1688/2085/1688 520/622/520
f 110/839/110 1478/322/1478 1455/325/1455 434/805/434
f 3318/2089/3318 2104/2090/2104 2878/2091/2878 3337/2092/3337
f 3377/2093/3377 2105/2094/2105 2877/2095/2877 3387/2096/3387
f 2870/2097/2870 2880/2098/2880 2143/2099/2143 1865/2100/1865
f 3060/2101/3060 3047/2102/3047 1867/2103/1867 2868/2104/2868
f 3003/2105/3003 3031/2106/3031 1976/2107/1976 1755/2108/1755
f 3346/2109/3346 3368/2110/3368 1974/2111/1974 1747/2112/1747
f 3275/2113/3275 3308/2114/3308 1977/2115/1977 1709/2116/1709
f 3198/2117/3198 3225/2118/3225 1975/2119/1975 1752/2120/1752
f 2783/2121/2783 2894/2122/2894 2946/2123/2946 2944/2124/2944
f 2820/2125/2820 2831/2126/2831 1972/2127/1972 1706/2128/1706
f 3201/2129/3201 3188/2130/3188 1711/2131/1711 1750/2132/1750
f 3287/2133/3287 3269/2134/3269 1702/2135/1702 1707/2136/1707
f 3352/2137/3352 3342/2138/3342 1703/2139/1703 1712/2140/1712
f 3035/2141/3035 3037/2142/3037 1710/2143/1710 1753/2144/1753
f 3442/2145/3442 3420/2146/3420 1720/2147/1720 3004/2148/3004
f 3005/2149/3005 1722/2150/1722 1721/2151/1721 3007/2152/3007
f 3412/2153/3412 3391/2154/3391 1722/2150/1722 3005/2149/3005
f 3447/2155/3447 3418/2156/3418 1724/2157/1724 3356/2158/3356
f 3350/2159/3350 1726/2160/1726 1725/2161/1725 3355/2162/3355
f 3417/2163/3417 3389/2164/3389 1726/2160/1726 3350/2159/3350
f 3446/2165/3446 3421/2166/3421 1728/2167/1728 3281/2168/3281
f 3280/2169/3280 1730/2170/1730 1729/2171/1729 3268/2172/3268
f 3416/2173/3416 3392/2174/3392 1730/2170/1730 3280/2169/3280
f 2822/2175/2822 2819/2176/2819 1701/2177/1701 1704/2178/1704
f 3439/2179/3439 3419/2180/3419 1732/2181/1732 2856/2182/2856
f 2853/2183/2853 1734/2184/1734 1733/2185/1733 2857/2186/2857
f 3367/2187/3367 1898/2188/1898 1739/2189/1739 3345/2190/3345
f 3017/2191/3017 1899/2192/1899 1740/2193/1740 3009/2194/3009
f 3296/2195/3296 1900/2196/1900 1738/2197/1738 3279/2198/3279
f 3409/2199/3409 3390/2200/3390 1734/2184/1734 2853/2183/2853
f 3225/2118/3225 1977/2115/1977 1992/2201/1992 3228/2202/3228
f 3308/2114/3308 1974/2111/1974 1993/2203/1993 3311/2204/3311
f 3368/2110/3368 1976/2107/1976 1994/2205/1994 3370/2206/3370
f 3004/2148/3004 1720/2147/1720 1744/2207/1744 3008/2208/3008
f 3356/2158/3356 1724/2157/1724 1743/2209/1743 3358/2210/3358
f 3281/2168/3281 1728/2167/1728 1742/2211/1742 3284/2212/3284
f 2860/2213/2860 1909/2214/1909 1889/2215/1889 2855/2216/2855
f 3213/2217/3213 1902/2218/1902 1737/2219/1737 3204/2220/3204
f 3052/2221/3052 3003/2105/3003 1755/2108/1755 2221/2222/2221
f 3037/2142/3037 3036/2223/3036 1754/2224/1754 1710/2143/1710
f 3039/2225/3039 3035/2141/3035 1753/2144/1753 2025/2226/2025
f 3382/2227/3382 3346/2109/3346 1747/2112/1747 2219/2228/2219
f 3342/2138/3342 3351/2229/3351 1746/2230/1746 1703/2139/1703
f 3371/2231/3371 3352/2137/3352 1712/2140/1712 2023/2232/2023
f 3326/2233/3326 3275/2113/3275 1709/2116/1709 2218/2234/2218
f 3269/2134/3269 3286/2235/3286 1708/2236/1708 1702/2135/1702
f 3312/2237/3312 3287/2133/3287 1707/2136/1707 2006/2238/2006
f 3251/2239/3251 3198/2117/3198 1752/2120/1752 2220/2240/2220
f 1733/2185/1733 1734/2184/1734 1761/2241/1761 1762/2242/1762
f 3419/2180/3419 1733/2185/1733 1762/2242/1762 3425/2243/3425
f 1978/2244/1978 1972/2127/1972 1990/2245/1990 1988/2246/1988
f 1904/2247/1904 1905/2248/1905 1766/2249/1766 1760/2250/1760
f 1758/2251/1758 1732/2181/1732 1763/2252/1763 1764/2253/1764
f 3423/2254/3423 1769/2255/1769 1763/2252/1763 3425/2243/3425
f 1763/2252/1763 1769/2255/1769 1770/2256/1770 1764/2253/1764
f 2866/2257/2866 2870/2097/2870 1865/2100/1865 1864/2258/1864
f 3390/2200/3390 1735/2259/1735 1760/2250/1760 3394/2260/3394
f 1761/2241/1761 1767/2261/1767 1768/2262/1768 1762/2242/1762
f 1901/2263/1901 1736/2264/1736 1759/2265/1759 1904/2247/1904
f 1905/2248/1905 1765/2266/1765 1771/2267/1771 1903/2268/1903
f 3395/2269/3395 1766/2249/1766 1772/2270/1772 3393/2271/3393
f 1768/2262/1768 1767/2261/1767 1773/2272/1773 1774/2273/1774
f 3423/2254/3423 1768/2262/1768 1774/2273/1774 3424/2274/3424
f 1770/2256/1770 1769/2255/1769 1775/2275/1775 1776/2276/1776
f 1916/2277/1916 1770/2256/1770 1776/2276/1776 1918/2278/1918
f 3395/2269/3395 1767/2261/1767 1761/2241/1761 3394/2260/3394
f 3236/2279/3236 1847/2280/1847 1782/2281/1782 3202/2282/3202
f 3203/2283/3203 1784/2284/1784 1783/2285/1783 3206/2286/3206
f 3205/2287/3205 1785/2288/1785 1784/2284/1784 3203/2283/3203
f 3248/2289/3248 2134/2290/2134 1785/2288/1785 3205/2287/3205
f 3295/2291/3295 1852/2292/1852 1787/2293/1787 3277/2294/3277
f 3290/2295/3290 1789/2296/1789 1788/2297/1788 3288/2298/3288
f 3285/2299/3285 1790/2300/1790 1789/2296/1789 3290/2295/3290
f 3322/2301/3322 2136/2302/2136 1790/2300/1790 3285/2299/3285
f 3366/2303/3366 1854/2304/1854 1792/2305/1792 3360/2306/3360
f 3344/2307/3344 1794/2308/1794 1793/2309/1793 3362/2310/3362
f 3363/2311/3363 1795/2312/1795 1794/2308/1794 3344/2307/3344
f 3381/2313/3381 2138/2314/2138 1795/2312/1795 3363/2311/3363
f 3157/2315/3157 3172/2316/3172 2237/2317/2237 2713/2318/2713
f 1854/2304/1854 1853/2319/1853 1797/2320/1797 1792/2305/1792
f 1794/2308/1794 1799/2321/1799 1798/2322/1798 1793/2309/1793
f 1795/2312/1795 1800/2323/1800 1799/2321/1799 1794/2308/1794
f 3016/2324/3016 1846/2325/1846 1802/2326/1802 3012/2327/3012
f 3013/2328/3013 1804/2329/1804 1803/2330/1803 3010/2331/3010
f 3014/2332/3014 1805/2333/1805 1804/2329/1804 3013/2328/3013
f 3050/2334/3050 2139/2335/2139 1805/2333/1805 3014/2332/3014
f 2138/2314/2138 2135/2336/2135 1800/2323/1800 1795/2312/1795
f 1736/2264/1736 1901/2263/1901 2860/2213/2860 2855/2216/2855
f 3011/2337/3011 1801/2338/1801 1811/2339/1811 3015/2340/3015
f 3359/2341/3359 1791/2342/1791 1809/2343/1809 3364/2344/3364
f 3278/2345/3278 1786/2346/1786 1808/2347/1808 3292/2348/3292
f 1978/2244/1978 1988/2246/1988 1987/2349/1987 1979/2350/1979
f 1814/2351/1814 1825/2352/1825 1824/2353/1824 1813/2354/1813
f 1827/2355/1827 1838/2356/1838 1836/2357/1836 1825/2358/1825
f 1801/2338/1801 1796/2359/1796 1810/2360/1810 1811/2339/1811
f 2009/2361/2009 2011/2362/2011 1827/2363/1827 1816/2364/1816
f 1819/2365/1819 1830/2366/1830 1829/2367/1829 1818/2368/1818
f 1820/2369/1820 1831/2370/1831 1830/2366/1830 1819/2365/1819
f 1821/2371/1821 1832/2372/1832 1831/2370/1831 1820/2369/1820
f 1822/2373/1822 1833/2374/1833 1832/2372/1832 1821/2371/1821
f 2142/2375/2142 2140/2376/2140 1833/2374/1833 1822/2373/1822
f 1825/2358/1825 1836/2357/1836 1835/2377/1835 1824/2378/1824
f 3277/2294/3277 1787/2293/1787 2052/2379/2052 3293/2380/3293
f 3360/2306/3360 1792/2305/1792 1714/2381/1714 3373/2382/3373
f 2011/2383/2011 2010/2384/2010 1838/2356/1838 1827/2355/1827
f 1830/2385/1830 1841/2386/1841 1840/2387/1840 1829/2388/1829
f 1831/2389/1831 1842/2390/1842 1841/2386/1841 1830/2385/1830
f 1832/2391/1832 1843/2392/1843 1842/2390/1842 1831/2389/1831
f 1833/2393/1833 1844/2394/1844 1843/2392/1843 1832/2391/1832
f 2140/2395/2140 2141/2396/2141 1844/2394/1844 1833/2393/1833
f 1836/2357/1836 1748/2397/1748 1715/2398/1715 1835/2377/1835
f 1816/2364/1816 1827/2363/1827 1825/2352/1825 1814/2351/1814
f 3012/2327/3012 1802/2326/1802 1826/2399/1826 3040/2400/3040
f 2010/2384/2010 2007/2401/2007 1756/2402/1756 1838/2356/1838
f 1841/2386/1841 1848/2403/1848 1777/2404/1777 1840/2387/1840
f 1842/2390/1842 1778/2405/1778 1848/2403/1848 1841/2386/1841
f 1843/2392/1843 1779/2406/1779 1778/2405/1778 1842/2390/1842
f 1844/2394/1844 1780/2407/1780 1779/2406/1779 1843/2392/1843
f 2141/2396/2141 2137/2408/2137 1780/2407/1780 1844/2394/1844
f 3010/2331/3010 1803/2330/1803 1846/2325/1846 3016/2324/3016
f 1792/2305/1792 1797/2320/1797 1815/2409/1815 1714/2381/1714
f 3362/2310/3362 1793/2309/1793 1854/2304/1854 3366/2303/3366
f 3288/2298/3288 1788/2297/1788 1852/2292/1852 3295/2291/3295
f 3206/2286/3206 1783/2285/1783 1847/2280/1847 3236/2279/3236
f 3264/2410/3264 3241/2411/3241 2103/2412/2103 2879/2413/2879
f 3426/2414/3426 1856/2415/1856 2881/2416/2881 3440/2417/3440
f 2823/2418/2823 2866/2257/2866 1864/2258/1864 1863/2419/1863
f 2826/2420/2826 2867/2421/2867 1868/2422/1868 1862/2423/1862
f 2827/2424/2827 2868/2104/2868 1867/2103/1867 1866/2425/1866
f 2875/2426/2875 2869/2427/2869 1851/2428/1851 2012/2429/2012
f 2035/2430/2035 2034/2431/2034 1997/2432/1997 2000/2433/2000
f 2825/2434/2825 2881/2416/2881 1856/2415/1856 1857/2435/1857
f 2874/2436/2874 2873/2437/2873 1981/2438/1981 1996/2439/1996
f 2873/2437/2873 2824/2440/2824 1849/2441/1849 1981/2438/1981
f 2867/2421/2867 2823/2418/2823 1863/2419/1863 1868/2422/1868
f 2880/2098/2880 2827/2424/2827 1866/2425/1866 2143/2099/2143
f 2034/2431/2034 1980/2442/1980 1989/2443/1989 1997/2432/1997
f 1870/2444/1870 1869/2445/1869 1875/2446/1875 1876/2447/1876
f 3427/2448/3427 1870/2444/1870 1876/2447/1876 3429/2449/3429
f 1872/2450/1872 1871/2451/1871 1877/2452/1877 1878/2453/1878
f 3398/2454/3398 1872/2450/1872 1878/2453/1878 3399/2455/3399
f 1908/2456/1908 1873/2457/1873 1879/2458/1879 1906/2459/1906
f 1907/2460/1907 1885/2461/1885 1772/2462/1772 1903/2463/1903
f 1882/2464/1882 1881/2465/1881 1776/2466/1776 1775/2467/1775
f 1773/2468/1773 1884/2469/1884 1883/2470/1883 1774/2471/1774
f 2036/2472/2036 2035/2430/2035 2000/2433/2000 1998/2473/1998
f 1896/2474/1896 1876/2447/1876 1875/2446/1875 1894/2475/1894
f 1892/2476/1892 1893/2477/1893 1883/2470/1883 1884/2469/1884
f 1910/2478/1910 1906/2459/1906 1879/2458/1879 1895/2479/1895
f 3431/2480/3431 3429/2449/3429 1876/2447/1876 1896/2474/1896
f 2037/2481/2037 2036/2472/2036 1998/2473/1998 1999/2482/1999
f 3428/2483/3428 1882/2464/1882 1775/2467/1775 3424/2484/3424
f 3401/2485/3401 3399/2455/3399 1878/2453/1878 1892/2476/1892
f 2861/2486/2861 1911/2487/1911 1741/2488/1741 2859/2489/2859
f 3414/2490/3414 3400/2491/3400 1887/2492/1887 3193/2493/3193
f 3193/2493/3193 1887/2492/1887 1891/2494/1891 3212/2495/3212
f 3444/2496/3444 3430/2497/3430 1890/2498/1890 3210/2499/3210
f 3197/2500/3197 1742/2211/1742 1728/2167/1728 3210/2499/3210
f 2859/2489/2859 1741/2488/1741 1890/2498/1890 2856/2182/2856
f 3393/2501/3393 3397/2502/3397 1884/2469/1884 1773/2468/1773
f 3397/2502/3397 3401/2485/3401 1892/2476/1892 1884/2469/1884
f 3462/2503/3462 2004/2504/2004 1982/2505/1982 3461/2506/3461
f 3428/2483/3428 3431/2480/3431 1896/2474/1896 1882/2464/1882
f 1907/2460/1907 1910/2478/1910 1895/2479/1895 1885/2461/1885
f 1878/2453/1878 1877/2452/1877 1893/2477/1893 1892/2476/1892
f 1882/2464/1882 1896/2474/1896 1894/2475/1894 1881/2465/1881
f 1886/2507/1886 1897/2508/1897 1910/2478/1910 1907/2460/1907
f 1897/2508/1897 1880/2509/1880 1906/2459/1906 1910/2478/1910
f 1886/2507/1886 1907/2460/1907 1903/2463/1903 1771/2510/1771
f 1874/2511/1874 1908/2456/1908 1906/2459/1906 1880/2509/1880
f 1766/2249/1766 1905/2248/1905 1903/2268/1903 1772/2270/1772
f 1735/2259/1735 1901/2263/1901 1904/2247/1904 1760/2250/1760
f 1759/2265/1759 1765/2266/1765 1905/2248/1905 1904/2247/1904
f 3208/2512/3208 1731/2513/1731 1902/2218/1902 3213/2217/3213
f 2854/2514/2854 1888/2515/1888 1909/2214/1909 2860/2213/2860
f 3282/2516/3282 1727/2517/1727 1900/2196/1900 3296/2195/3296
f 3006/2518/3006 1719/2519/1719 1899/2192/1899 3017/2191/3017
f 3354/2520/3354 1723/2521/1723 1898/2188/1898 3367/2187/3367
f 1875/2446/1875 1922/2522/1922 1924/2523/1924 1894/2475/1894
f 2862/2524/2862 1991/2525/1991 1911/2487/1911 2861/2486/2861
f 1894/2475/1894 1924/2523/1924 1921/2526/1921 1881/2465/1881
f 1881/2465/1881 1921/2526/1921 1918/2527/1918 1776/2466/1776
f 1869/2445/1869 1923/2528/1923 1922/2522/1922 1875/2446/1875
f 2871/2529/2871 2828/2530/2828 1861/2531/1861 1850/2532/1850
f 1987/2349/1987 1916/2277/1916 1918/2278/1918 1989/2533/1989
f 1758/2251/1758 1764/2253/1764 1917/2534/1917 1919/2535/1919
f 1764/2253/1764 1770/2256/1770 1916/2277/1916 1917/2534/1917
f 3008/2208/3008 1744/2207/1744 1914/2536/1914 3018/2537/3018
f 3358/2210/3358 1743/2209/1743 1913/2538/1913 3365/2539/3365
f 3284/2212/3284 1742/2211/1742 1912/2540/1912 3294/2541/3294
f 3197/2500/3197 1741/2488/1741 1911/2487/1911 3211/2542/3211
f 3411/2543/3411 3402/2544/3402 1928/2545/1928 3020/2546/3020
f 3019/2547/3019 1949/2548/1949 1929/2549/1929 3023/2550/3023
f 3021/2551/3021 1954/2552/1954 1930/2553/1930 3024/2554/3024
f 2038/2555/2038 2037/2481/2037 1999/2482/1999 2033/2556/2033
f 3475/2557/3475 3403/2558/3403 1932/2559/1932 3453/2560/3453
f 3454/2561/3454 1947/2562/1947 1933/2563/1933 3451/2564/3451
f 3455/2565/3455 1952/2566/1952 1934/2567/1934 3452/2568/3452
f 3227/2569/3227 2005/2570/2005 1985/2571/1985 3221/2572/3221
f 3415/2573/3415 3406/2574/3406 1935/2575/1935 3297/2576/3297
f 3301/2577/3301 1944/2578/1944 1936/2579/1936 3299/2580/3299
f 3298/2581/3298 1955/2582/1955 1937/2583/1937 3289/2584/3289
f 3032/2585/3032 1996/2439/1996 1981/2438/1981 3030/2586/3030
f 3413/2587/3413 3405/2588/3405 1938/2589/1938 3216/2590/3216
f 3218/2591/3218 1946/2592/1946 1939/2593/1939 3214/2594/3214
f 3215/2595/3215 1950/2596/1950 1940/2597/1940 3209/2598/3209
f 1986/2599/1986 2003/2600/2003 2201/2601/2201 2197/2602/2197
f 3408/2603/3408 3404/2604/3404 1941/2605/1941 2195/2606/2195
f 2198/2607/2198 1945/2608/1945 1942/2609/1942 2194/2610/2194
f 2199/2611/2199 1953/2612/1953 1943/2613/1943 2196/2614/2196
f 3438/2615/3438 3433/2616/3433 1945/2608/1945 2198/2607/2198
f 3443/2617/3443 3434/2618/3434 1946/2592/1946 3218/2591/3218
f 3445/2619/3445 3432/2620/3432 1944/2578/1944 3301/2577/3301
f 3476/2621/3476 3435/2622/3435 1947/2562/1947 3454/2561/3454
f 3441/2623/3441 3436/2624/3436 1949/2548/1949 3019/2547/3019
f 2200/2625/2200 1948/2626/1948 1953/2612/1953 2199/2611/2199
f 3222/2627/3222 1951/2628/1951 1950/2596/1950 3215/2595/3215
f 3305/2629/3305 1926/2630/1926 1955/2582/1955 3298/2581/3298
f 3459/2631/3459 1927/2632/1927 1952/2566/1952 3455/2565/3455
f 3025/2633/3025 1925/2634/1925 1954/2552/1954 3021/2551/3021
f 3226/2635/3226 2014/2636/2014 1961/2637/1961 3217/2638/3217
f 3224/2639/3224 1965/2640/1965 1960/2641/1960 3219/2642/3219
f 3250/2643/3250 2210/2644/2210 1959/2645/1959 3220/2646/3220
f 3309/2647/3309 2016/2648/2016 1969/2649/1969 3300/2650/3300
f 3307/2651/3307 1971/2652/1971 1968/2653/1968 3302/2654/3302
f 3325/2655/3325 2212/2656/2212 1967/2657/1967 3303/2658/3303
f 3463/2659/3463 2015/2660/2015 1964/2661/1964 3456/2662/3456
f 3460/2663/3460 1970/2664/1970 1963/2665/1963 3457/2666/3457
f 3464/2667/3464 2211/2668/2211 1962/2669/1962 3458/2670/3458
f 3034/2671/3034 2013/2672/2013 1958/2673/1958 3027/2674/3027
f 3029/2675/3029 1966/2676/1966 1957/2677/1957 3022/2678/3022
f 3051/2679/3051 2209/2680/2209 1956/2681/1956 3026/2682/3026
f 3032/2585/3032 2004/2504/2004 1925/2634/1925 3025/2633/3025
f 3462/2503/3462 2002/2683/2002 1927/2632/1927 3459/2631/3459
f 3310/2684/3310 2005/2570/2005 1926/2630/1926 3305/2629/3305
f 3227/2569/3227 2001/2685/2001 1951/2628/1951 3222/2627/3222
f 2201/2601/2201 2003/2600/2003 1948/2626/1948 2200/2625/2200
f 3027/2674/3027 1958/2673/1958 1966/2676/1966 3029/2675/3029
f 3456/2662/3456 1964/2661/1964 1970/2664/1970 3460/2663/3460
f 3300/2650/3300 1969/2649/1969 1971/2652/1971 3307/2651/3307
f 3217/2638/3217 1961/2637/1961 1965/2640/1965 3224/2639/3224
f 3220/2646/3220 1959/2645/1959 1983/2686/1983 3221/2572/3221
f 3303/2658/3303 1967/2657/1967 1985/2571/1985 3304/2687/3304
f 3458/2670/3458 1962/2669/1962 1984/2688/1984 3461/2506/3461
f 3026/2682/3026 1956/2681/1956 1982/2505/1982 3030/2586/3030
f 1987/2349/1987 1989/2533/1989 1980/2689/1980 1979/2350/1979
f 3310/2684/3310 2002/2683/2002 1984/2688/1984 3304/2687/3304
f 1922/2522/1922 1998/2473/1998 2000/2433/2000 1924/2523/1924
f 1924/2523/1924 2000/2433/2000 1997/2432/1997 1921/2526/1921
f 1921/2526/1921 1997/2432/1997 1989/2443/1989 1918/2527/1918
f 1923/2528/1923 1999/2482/1999 1998/2473/1998 1922/2522/1922
f 2829/2690/2829 2872/2691/2872 1920/2692/1920 1859/2693/1859
f 1919/2535/1919 1917/2534/1917 1988/2246/1988 1990/2245/1990
f 1917/2534/1917 1916/2277/1916 1987/2349/1987 1988/2246/1988
f 3018/2537/3018 1914/2536/1914 1994/2205/1994 3033/2694/3033
f 3365/2539/3365 1913/2538/1913 1993/2203/1993 3370/2206/3370
f 3294/2541/3294 1912/2540/1912 1992/2201/1992 3311/2204/3311
f 3211/2542/3211 1911/2487/1911 1991/2525/1991 3228/2202/3228
f 3028/2695/3028 1931/2696/1931 2013/2672/2013 3034/2671/3034
f 3463/2659/3463 2013/2672/2013 1931/2696/1931 2044/2697/2044
f 3226/2635/3226 3249/2698/3249 2182/2699/2182 2014/2636/2014
f 2872/2691/2872 2874/2436/2874 1996/2439/1996 1920/2692/1920
f 1839/2700/1839 1713/2701/1713 2007/2401/2007 2010/2384/2010
f 1828/2702/1828 1839/2700/1839 2010/2384/2010 2011/2383/2011
f 1817/2703/1817 1828/2704/1828 2011/2362/2011 2009/2361/2009
f 3188/2130/3188 3200/2705/3200 1751/2706/1751 1711/2131/1711
f 3229/2707/3229 3201/2129/3201 1750/2132/1750 2024/2708/2024
f 1919/2535/1919 1990/2245/1990 2862/2524/2862 2861/2486/2861
f 2883/2709/2883 2820/2125/2820 1706/2128/1706 2217/2710/2217
f 2819/2176/2819 2821/2711/2821 1705/2712/1705 1701/2177/1701
f 2863/2713/2863 2822/2175/2822 1704/2178/1704 2026/2714/2026
f 3223/2715/3223 3229/2707/3229 2024/2708/2024 2019/2716/2019
f 3306/2717/3306 3312/2237/3312 2006/2238/2006 2021/2718/2021
f 3357/2719/3357 3371/2231/3371 2023/2232/2023 2020/2720/2020
f 3038/2721/3038 3039/2225/3039 2025/2226/2025 2018/2722/2018
f 2039/2723/2039 2203/2724/2203 2038/2555/2038 1986/2599/1986
f 3407/2725/3407 2027/2726/2027 1941/2605/1941 3404/2604/3404
f 2029/2727/2029 2028/2728/2028 1942/2609/1942 1945/2608/1945
f 3437/2729/3437 2029/2727/2029 1945/2608/1945 3433/2616/3433
f 2031/2730/2031 2030/2731/2030 1943/2613/1943 1953/2612/1953
f 2032/2732/2032 2031/2730/2031 1953/2612/1953 1948/2626/1948
f 1999/2482/1999 1923/2528/1923 2032/2732/2032 2033/2556/2033
f 1923/2528/1923 1869/2445/1869 2031/2730/2031 2032/2732/2032
f 1869/2445/1869 1870/2444/1870 2030/2731/2030 2031/2730/2031
f 3427/2448/3427 1871/2451/1871 2029/2727/2029 3437/2729/3437
f 1871/2451/1871 1872/2450/1872 2028/2728/2028 2029/2727/2029
f 3398/2454/3398 1873/2457/1873 2027/2726/2027 3407/2725/3407
f 2033/2556/2033 2032/2732/2032 1948/2626/1948 2003/2600/2003
f 2014/2636/2014 2182/2699/2182 2203/2724/2203 2039/2723/2039
f 2033/2556/2033 2003/2600/2003 1986/2599/1986 2038/2555/2038
f 1706/2128/1706 1972/2127/1972 1978/2244/1978 2041/2733/2041
f 2832/2734/2832 2863/2713/2863 2026/2714/2026 2022/2735/2022
f 2026/2714/2026 2043/2736/2043 2017/2737/2017 2022/2735/2022
f 1793/2309/1793 1798/2322/1798 1853/2319/1853 1854/2304/1854
f 2828/2530/2828 2875/2426/2875 2012/2429/2012 1861/2531/1861
f 3040/2400/3040 1826/2399/1826 1698/2738/1698 3038/2721/3038
f 2022/2735/2022 2017/2737/2017 1835/2377/1835 1715/2398/1715
f 3223/2715/3223 2019/2716/2019 2049/2739/2049 3230/2740/3230
f 3249/2698/3249 2181/2741/2181 2046/2742/2046 3194/2743/3194
f 3324/2744/3324 2183/2745/2183 2045/2746/2045 3273/2747/3273
f 3357/2719/3357 2020/2720/2020 2050/2748/2050 3372/2749/3372
f 2045/2746/2045 2183/2745/2183 2044/2697/2044 3348/2750/3348
f 2015/2660/2015 3463/2659/3463 2044/2697/2044 2183/2745/2183
f 3373/2382/3373 1714/2381/1714 2048/2751/2048 3372/2749/3372
f 3293/2380/3293 2052/2379/2052 2050/2748/2050 3314/2752/3314
f 1714/2381/1714 1815/2409/1815 2018/2722/2018 2048/2751/2048
f 1838/2356/1838 1756/2402/1756 1748/2397/1748 1836/2357/1836
f 2834/2753/2834 1837/2754/1837 1851/2428/1851 2869/2427/2869
f 3231/2755/3231 2053/2756/2053 2051/2757/2051 3230/2740/3230
f 2835/2758/2835 2054/2759/2054 2049/2739/2049 2833/2760/2833
f 2179/2761/2179 2180/2762/2180 2158/2763/2158 2164/2764/2164
f 1713/2701/1713 1839/2700/1839 2058/2765/2058 2055/2766/2055
f 1839/2700/1839 1828/2702/1828 2057/2767/2057 2058/2765/2058
f 1828/2704/1828 1817/2703/1817 2056/2768/2056 2057/2769/2057
f 1840/2387/1840 1777/2404/1777 2055/2766/2055 2058/2765/2058
f 1829/2388/1829 1840/2387/1840 2058/2765/2058 2057/2767/2057
f 1818/2368/1818 1829/2367/1829 2057/2769/2057 2056/2768/2056
f 3235/2770/3235 3196/2771/3196 2059/2772/2059 2060/2773/2060
f 3234/2774/3234 2062/2775/2062 2059/2772/2059 3196/2771/3196
f 2059/2772/2059 2062/2775/2062 2061/2776/2061 2060/2773/2060
f 3233/2777/3233 3235/2770/3235 2060/2773/2060 2061/2776/2061
f 2837/2778/2837 2864/2779/2864 2064/2780/2064 2065/2781/2065
f 2838/2782/2838 2066/2783/2066 2063/2784/2063 2836/2785/2836
f 2864/2779/2864 2836/2785/2836 2063/2784/2063 2064/2780/2064
f 2007/2401/2007 1713/2701/1713 2836/2785/2836 2864/2779/2864
f 3231/2755/3231 2054/2759/2054 2065/2781/2065 3233/2777/3233
f 1782/2281/1782 2053/2756/2053 2061/2776/2061 2062/2775/2062
f 2843/2786/2843 2071/2787/2071 2073/2788/2073 2858/2789/2858
f 3199/2790/3199 2067/2791/2067 2072/2792/2072 3207/2793/3207
f 2865/2794/2865 2144/2795/2144 2070/2796/2070 2842/2797/2842
f 2842/2797/2842 2070/2796/2070 2069/2798/2069 2841/2799/2841
f 2841/2799/2841 2069/2798/2069 2071/2787/2071 2843/2786/2843
f 2858/2789/2858 2073/2788/2073 2068/2800/2068 2840/2801/2840
f 3202/2282/3202 1782/2281/1782 2062/2775/2062 3234/2774/3234
f 2840/2801/2840 2068/2800/2068 2066/2783/2066 2838/2782/2838
f 3246/2802/3246 3232/2803/3232 2083/2804/2083 2108/2805/2108
f 3237/2806/3237 3240/2807/3240 2084/2808/2084 2085/2809/2085
f 3239/2810/3239 3237/2806/3237 2085/2809/2085 2086/2811/2086
f 3247/2812/3247 3239/2810/3239 2086/2811/2086 2145/2813/2145
f 3320/2814/3320 3291/2815/3291 2088/2816/2088 2110/2817/2110
f 3317/2818/3317 3272/2819/3272 2089/2820/2089 2090/2821/2090
f 3271/2822/3271 3317/2818/3317 2090/2821/2090 2091/2823/2091
f 3321/2824/3321 3271/2822/3271 2091/2823/2091 2147/2825/2147
f 3378/2826/3378 3374/2827/3374 2093/2828/2093 2112/2829/2112
f 3349/2830/3349 3375/2831/3375 2094/2832/2094 2095/2833/2095
f 3376/2834/3376 3349/2830/3349 2095/2833/2095 2096/2835/2096
f 3380/2836/3380 3376/2834/3376 2096/2835/2096 2148/2837/2148
f 2055/2766/2055 1777/2404/1777 2840/2801/2840 2838/2782/2838
f 2112/2829/2112 2093/2828/2093 2098/2838/2098 2111/2839/2111
f 2095/2833/2095 2094/2832/2094 2099/2840/2099 2100/2841/2100
f 2096/2835/2096 2095/2833/2095 2100/2841/2100 2101/2842/2101
f 3044/2843/3044 3048/2844/3048 1862/2423/1862 1868/2422/1868
f 3041/2845/3041 3046/2846/3046 1863/2419/1863 1864/2258/1864
f 3042/2847/3042 3041/2845/3041 1864/2258/1864 1865/2100/1865
f 3049/2848/3049 3042/2847/3042 1865/2100/1865 2143/2099/2143
f 2148/2837/2148 2096/2835/2096 2101/2842/2101 2146/2849/2146
f 3045/2850/3045 3047/2102/3047 2106/2851/2106 2102/2852/2102
f 3353/2853/3353 3377/2093/3377 2104/2090/2104 2092/2854/2092
f 3313/2855/3313 3318/2089/3318 2103/2412/2103 2087/2856/2087
f 2102/2852/2102 2106/2851/2106 2105/2094/2105 2097/2857/2097
f 3291/2815/3291 3319/2858/3319 2114/2859/2114 2088/2816/2088
f 3374/2827/3374 3379/2860/3379 2075/2861/2075 2093/2828/2093
f 3048/2844/3048 3043/2862/3043 1837/2754/1837 1862/2423/1862
f 3046/2846/3046 3044/2843/3044 1868/2422/1868 1863/2419/1863
f 2093/2828/2093 2075/2861/2075 2107/2863/2107 2098/2838/2098
f 3375/2831/3375 3378/2826/3378 2112/2829/2112 2094/2832/2094
f 3272/2819/3272 3320/2814/3320 2110/2817/2110 2089/2820/2089
f 3240/2807/3240 3246/2802/3246 2108/2805/2108 2084/2808/2084
f 3043/2862/3043 2107/2863/2107 1931/2696/1931 3028/2695/3028
f 2094/2832/2094 2112/2829/2112 2111/2839/2111 2099/2840/2099
f 3319/2858/3319 3273/2747/3273 2045/2746/2045 2114/2859/2114
f 3242/2864/3242 3194/2743/3194 2046/2742/2046 2115/2865/2115
f 2116/2866/2116 2189/2867/2189 2186/2868/2186 2047/2869/2047
f 3245/2870/3245 2119/2871/2119 2118/2872/2118 3238/2873/3238
f 3244/2874/3244 3238/2873/3238 2118/2872/2118 2121/2875/2121
f 2118/2872/2118 2119/2871/2119 2120/2876/2120 2121/2875/2121
f 3243/2877/3243 2120/2876/2120 2119/2871/2119 3245/2870/3245
f 2078/2878/2078 2124/2879/2124 2123/2880/2123 2113/2881/2113
f 2117/2882/2117 2074/2883/2074 2122/2884/2122 2125/2885/2125
f 2113/2881/2113 2123/2880/2123 2122/2884/2122 2074/2883/2074
f 2116/2866/2116 2124/2879/2124 2078/2878/2078 2077/2886/2077
f 3242/2864/3242 3243/2877/3243 2124/2879/2124 2116/2866/2116
f 2083/2804/2083 2121/2875/2121 2120/2876/2120 2115/2865/2115
f 2080/2887/2080 2109/2888/2109 2132/2889/2132 2130/2890/2130
f 3195/2891/3195 3241/2411/3241 2131/2892/2131 2126/2893/2126
f 2081/2894/2081 2082/2895/2082 1822/2373/1822 1821/2371/1821
f 2082/2895/2082 2081/2894/2081 2128/2896/2128 2129/2897/2129
f 2081/2894/2081 2080/2887/2080 2130/2890/2130 2128/2896/2128
f 2109/2888/2109 2079/2898/2079 2127/2899/2127 2132/2889/2132
f 3232/2803/3232 3244/2874/3244 2121/2875/2121 2083/2804/2083
f 2079/2898/2079 2117/2882/2117 2125/2885/2125 2127/2899/2127
f 3348/2750/3348 2044/2697/2044 2075/2861/2075 3379/2860/3379
f 3060/2900/3060 2868/2901/2868 1812/2902/1812 3015/2340/3015
f 2044/2697/2044 1931/2696/1931 2107/2863/2107 2075/2861/2075
f 3387/2903/3387 2877/2904/2877 1810/2360/1810 3364/2344/3364
f 3337/2905/3337 2878/2906/2878 1809/2343/1809 3292/2348/3292
f 2080/2887/2080 2081/2894/2081 1821/2371/1821 1820/2369/1820
f 2109/2888/2109 2080/2887/2080 1820/2369/1820 1819/2365/1819
f 2079/2898/2079 2109/2888/2109 1819/2365/1819 1818/2368/1818
f 2117/2882/2117 2079/2898/2079 1818/2368/1818 2056/2768/2056
f 2074/2883/2074 2117/2882/2117 2056/2768/2056 1817/2703/1817
f 2113/2881/2113 2074/2883/2074 1817/2703/1817 2009/2361/2009
f 2078/2878/2078 2113/2881/2113 2009/2361/2009 1816/2364/1816
f 3045/2850/3045 3049/2848/3049 2143/2099/2143 1866/2425/1866
f 2877/2904/2877 2876/2907/2876 1811/2339/1811 1810/2360/1810
f 3353/2853/3353 3380/2836/3380 2148/2837/2148 2097/2857/2097
f 3313/2855/3313 3321/2824/3321 2147/2825/2147 2092/2854/2092
f 3195/2891/3195 3247/2812/3247 2145/2813/2145 2087/2856/2087
f 2839/2908/2839 2067/2791/2067 2144/2795/2144 2865/2794/2865
f 2103/2412/2103 3318/2089/3318 3337/2092/3337 2879/2413/2879
f 1845/2909/1845 1781/2910/1781 2137/2408/2137 2141/2396/2141
f 1834/2911/1834 1845/2909/1845 2141/2396/2141 2140/2395/2140
f 1823/2912/1823 1834/2913/1834 2140/2376/2140 2142/2375/2142
f 3011/2337/3011 1806/2914/1806 2139/2335/2139 3050/2334/3050
f 2097/2857/2097 2148/2837/2148 2146/2849/2146 2102/2852/2102
f 3359/2341/3359 1796/2359/1796 2138/2314/2138 3381/2313/3381
f 3278/2345/3278 1791/2342/1791 2136/2302/2136 3322/2301/3322
f 3199/2790/3199 1786/2346/1786 2134/2290/2134 3248/2289/3248
f 2150/2915/2150 2142/2375/2142 1822/2373/1822 2082/2895/2082
f 2142/2375/2142 2150/2915/2150 2133/2916/2133 1823/2912/1823
f 2150/2915/2150 2082/2895/2082 2129/2897/2129 2149/2917/2149
f 2133/2916/2133 2150/2915/2150 2149/2917/2149 2126/2893/2126
f 2137/2408/2137 1781/2910/1781 2839/2908/2839 2865/2794/2865
f 1796/2359/1796 1801/2338/1801 2135/2336/2135 2138/2314/2138
f 2197/2602/2197 2201/2601/2201 2001/2685/2001 1983/2686/1983
f 3264/2918/3264 3207/2793/3207 2072/2792/2072 2844/2919/2844
f 1845/2909/1845 1834/2911/1834 2151/2920/2151 2152/2921/2152
f 1823/2912/1823 2133/2916/2133 2154/2922/2154 2153/2923/2153
f 1823/2912/1823 2153/2923/2153 2151/2924/2151 1834/2913/1834
f 1781/2910/1781 1845/2909/1845 2152/2921/2152 1807/2925/1807
f 2152/2926/2152 2151/2924/2151 2153/2923/2153 2154/2922/2154
f 2131/2892/2131 1807/2927/1807 2152/2926/2152 2154/2922/2154
f 2126/2893/2126 2131/2892/2131 2154/2922/2154 2133/2916/2133
f 2077/2886/2077 2078/2878/2078 1816/2364/1816 1814/2351/1814
f 2076/2928/2076 2188/2929/2188 2190/2930/2190 2187/2931/2187
f 2156/2932/2156 2155/2933/2155 2170/2934/2170 2168/2935/2168
f 2163/2936/2163 2157/2937/2157 2156/2932/2156 2166/2938/2166
f 2157/2937/2157 2158/2939/2158 2160/2940/2160 2159/2941/2159
f 2166/2938/2166 2156/2932/2156 2168/2935/2168 2167/2942/2167
f 2159/2941/2159 2161/2943/2161 2165/2944/2165 2155/2933/2155
f 2159/2941/2159 2160/2940/2160 2162/2945/2162 2161/2943/2161
f 2160/2946/2160 2162/2947/2162 2164/2948/2164 2158/2949/2158
f 2165/2944/2165 2166/2950/2166 2167/2951/2167 2169/2952/2169
f 2161/2943/2161 2162/2945/2162 2164/2953/2164 2163/2954/2163
f 2170/2934/2170 2169/2952/2169 2173/2955/2173 2174/2956/2174
f 2161/2943/2161 2163/2954/2163 2166/2950/2166 2165/2944/2165
f 2163/2936/2163 2164/2957/2164 2158/2939/2158 2157/2937/2157
f 2157/2937/2157 2159/2941/2159 2155/2933/2155 2156/2932/2156
f 2155/2933/2155 2165/2944/2165 2169/2952/2169 2170/2934/2170
f 2171/2958/2171 2172/2959/2172 2176/2960/2176 2175/2961/2175
f 2167/2942/2167 2168/2935/2168 2172/2959/2172 2171/2958/2171
f 2168/2935/2168 2170/2934/2170 2174/2956/2174 2172/2959/2172
f 2169/2952/2169 2167/2951/2167 2171/2962/2171 2173/2955/2173
f 2176/2963/2176 2178/2964/2178 2177/2965/2177 2175/2966/2175
f 2172/2959/2172 2174/2956/2174 2178/2967/2178 2176/2960/2176
f 2173/2955/2173 2171/2962/2171 2175/2968/2175 2177/2969/2177
f 2174/2956/2174 2173/2955/2173 2177/2969/2177 2178/2967/2178
f 2040/2970/2040 2041/2733/2041 1978/2244/1978 1979/2350/1979
f 2180/2971/2180 2040/2970/2040 1979/2350/1979 1980/2689/1980
f 3410/2972/3410 2825/2434/2825 1857/2435/1857 3396/2973/3396
f 2017/2737/2017 2179/2974/2179 2184/2975/2184 2042/2976/2042
f 2185/2977/2185 2160/2978/2160 2158/2763/2158 2180/2762/2180
f 2034/2431/2034 2185/2979/2185 2180/2980/2180 1980/2442/1980
f 2184/2981/2184 2179/2982/2179 2164/2983/2164 2162/2984/2162
f 2187/2931/2187 2190/2930/2190 1814/2351/1814 1813/2354/1813
f 2186/2868/2186 2189/2867/2189 2188/2929/2188 2076/2928/2076
f 2190/2930/2190 2188/2929/2188 2077/2886/2077 1814/2351/1814
f 2077/2886/2077 2188/2929/2188 2189/2867/2189 2116/2866/2116
f 2160/2978/2160 2185/2977/2185 2192/2985/2192 2191/2986/2191
f 2184/2981/2184 2162/2984/2162 2160/2978/2160 2191/2986/2191
f 2184/2987/2184 2191/2988/2191 2187/2931/2187 1813/2354/1813
f 2076/2928/2076 2187/2931/2187 2191/2988/2191 2192/2989/2192
f 2192/2989/2192 2185/2979/2185 2034/2431/2034 2035/2430/2035
f 2203/2724/2203 2182/2699/2182 2047/2869/2047 2193/2990/2193
f 2047/2869/2047 2186/2868/2186 2202/2991/2202 2193/2990/2193
f 3309/2647/3309 3324/2744/3324 2181/2741/2181 2016/2648/2016
f 2001/2685/2001 2201/2601/2201 2200/2625/2200 1951/2628/1951
f 1951/2628/1951 2200/2625/2200 2199/2611/2199 1950/2596/1950
f 3434/2618/3434 3438/2615/3438 2198/2607/2198 1946/2592/1946
f 1950/2596/1950 2199/2611/2199 2196/2614/2196 1940/2597/1940
f 1946/2592/1946 2198/2607/2198 2194/2610/2194 1939/2593/1939
f 3405/2588/3405 3408/2603/3408 2195/2606/2195 1938/2589/1938
f 2193/2990/2193 2202/2991/2202 2036/2472/2036 2037/2481/2037
f 2186/2868/2186 2076/2928/2076 2192/2989/2192 2202/2991/2202
f 2202/2991/2202 2192/2989/2192 2035/2430/2035 2036/2472/2036
f 2203/2724/2203 2193/2990/2193 2037/2481/2037 2038/2555/2038
f 1960/2641/1960 1965/2640/1965 2207/2992/2207 2205/2993/2205
f 1965/2640/1965 1961/2637/1961 2206/2994/2206 2207/2992/2207
f 2210/2644/2210 1960/2641/1960 2205/2993/2205 2213/2995/2213
f 2206/2994/2206 1961/2637/1961 2014/2636/2014 2039/2723/2039
f 2197/2602/2197 1983/2686/1983 1959/2645/1959 2204/2996/2204
f 1807/2925/1807 3264/2918/3264 2844/2919/2844
f 2206/2994/2206 2039/2723/2039 1986/2599/1986 2197/2602/2197
f 1959/2645/1959 2210/2644/2210 2213/2995/2213 2204/2996/2204
f 3022/2678/3022 1957/2677/1957 2209/2680/2209 3051/2679/3051
f 3457/2666/3457 1963/2665/1963 2211/2668/2211 3464/2667/3464
f 3302/2654/3302 1968/2653/1968 2212/2656/2212 3325/2655/3325
f 3219/2642/3219 1960/2641/1960 2210/2644/2210 3250/2643/3250
f 2213/2995/2213 2205/2993/2205 2214/2997/2214 2215/2998/2215
f 2206/2994/2206 2214/2997/2214 2205/2993/2205 2207/2992/2207
f 2206/2994/2206 2197/2602/2197 2215/2998/2215 2214/2997/2214
f 2204/2996/2204 2213/2995/2213 2215/2998/2215 2197/2602/2197
f 3440/2999/3440 3422/3000/3422 1716/3001/1716 2882/3002/2882
f 1859/2693/1859 1855/3003/1855 2882/3004/2882 2829/2690/2829
f 2882/3002/2882 1716/3001/1716 1745/3005/1745 2829/3006/2829
f 1860/3007/1860 2208/3008/2208 2845/3009/2845 2884/3010/2884
f 3200/2705/3200 3251/2239/3251 2220/2240/2220 1751/2706/1751
f 3286/2235/3286 3326/2233/3326 2218/2234/2218 1708/2236/1708
f 3351/2229/3351 3382/2227/3382 2219/2228/2219 1746/2230/1746
f 3036/2223/3036 3052/2221/3052 2221/2222/2221 1754/2224/1754
f 2884/3011/2884 2845/3012/2845 2216/3013/2216 1749/3014/1749
f 2845/3009/2845 2208/3008/2208 1849/2441/1849 2824/2440/2824
f 1850/2532/1850 1860/3007/1860 2884/3010/2884 2871/2529/2871
f 2884/3011/2884 1749/3014/1749 1699/3015/1699 2871/3016/2871
f 3101/3017/3101 2756/3018/2756 2759/3019/2759
f 2722/3020/2722 2715/3021/2715 2225/3022/2225 2382/3023/2382
f 2381/3024/2381 2227/3025/2227 2226/3026/2226 2383/3027/2383
f 2720/3028/2720 2717/3029/2717 2228/3030/2228 2351/3031/2351
f 2353/3032/2353 2230/3033/2230 2229/3034/2229 2352/3035/2352
f 2725/3036/2725 2714/3037/2714 2231/3038/2231 2612/3039/2612
f 2613/3040/2613 2233/3041/2233 2232/3042/2232 2614/3043/2614
f 2714/3037/2714 2712/3044/2712 2234/3045/2234 2231/3038/2231
f 2233/3041/2233 2236/3046/2236 2235/3047/2235 2232/3042/2232
f 2727/3048/2727 2713/2318/2713 2237/2317/2237 2670/3049/2670
f 2669/3050/2669 2239/3051/2239 2238/3052/2238 2671/3053/2671
f 2721/3054/2721 2718/969/2718 2241/968/2241 2363/3055/2363
f 2363/3055/2363 2241/968/2241 2242/971/2242 2365/3056/2365
f 2519/3057/2519 2353/3032/2353 2227/3025/2227 2517/3058/2517
f 2564/3059/2564 2561/3060/2561 2247/3061/2247 2366/3062/2366
f 2370/3063/2370 2249/3064/2249 2248/3065/2248 2367/3066/2367
f 2368/3067/2368 2250/3068/2250 2249/3064/2249 2370/3063/2370
f 2369/3069/2369 2251/3070/2251 2250/3068/2250 2368/3067/2368
f 2384/3071/2384 2385/3072/2385 2256/3073/2256 2255/3074/2255
f 2358/3075/2358 2254/3076/2254 2255/3074/2255 2356/3077/2356
f 2509/3078/2509 2388/3079/2388 2252/3080/2252 2503/3081/2503
f 2357/3082/2357 2358/3075/2358 2259/3083/2259 2258/3084/2258
f 2386/3085/2386 2248/3065/2248 2249/3064/2249 2387/3086/2387
f 2387/3086/2387 2249/3064/2249 2250/3068/2250 2384/3071/2384
f 2565/3087/2565 2386/3085/2386 2253/3088/2253 2562/3089/2562
f 2356/3077/2356 2355/3090/2355 2261/3091/2261 2260/3092/2260
f 2563/3093/2563 2357/3082/2357 2258/3084/2258 2559/3094/2559
f 2360/3095/2360 2359/3096/2359 2268/3097/2268 2269/3098/2269
f 2361/3099/2361 2362/3100/2362 2266/3101/2266 2267/3102/2267
f 2362/3100/2362 2355/3090/2355 2256/3073/2256 2266/3101/2266
f 2390/3103/2390 2389/3104/2389 2272/3105/2272 2273/3106/2273
f 2392/3107/2392 2391/3108/2391 2270/3109/2270 2271/3110/2271
f 2371/3111/2371 2373/3112/2373 2274/1028/2274 2275/1027/2275
f 2372/3113/2372 2371/3111/2371 2275/1027/2275 2276/1031/2276
f 2374/3114/2374 2372/3113/2372 2276/1031/2276 2277/1033/2277
f 2389/3104/2389 2392/3107/2392 2271/3110/2271 2272/3105/2272
f 2373/3112/2373 2369/3069/2369 2246/1034/2246 2274/1028/2274
f 2391/3108/2391 2385/3072/2385 2251/3070/2251 2270/3109/2270
f 2359/3096/2359 2361/3099/2361 2267/3102/2267 2268/3097/2268
f 2667/3115/2667 2540/3116/2540 2281/3117/2281 2655/3118/2655
f 3167/3119/3167 2541/3120/2541 2282/3121/2282 3166/3122/3166
f 2655/3118/2655 2281/3117/2281 2284/3123/2284 2654/3124/2654
f 3166/3122/3166 2282/3121/2282 2285/3125/2285 3165/3126/3165
f 2654/3124/2654 2284/3123/2284 2287/3127/2287 2653/3128/2653
f 3165/3126/3165 2285/3125/2285 2288/3129/2288 3168/3130/3168
f 2284/3123/2284 2261/3091/2261 2262/3131/2262 2287/3127/2287
f 2281/3117/2281 2260/3092/2260 2261/3091/2261 2284/3123/2284
f 2540/3116/2540 2259/3083/2259 2260/3092/2260 2281/3117/2281
f 2400/1052/2400 2399/1055/2399 2429/3132/2429 2430/3133/2430
f 2935/3134/2935 2294/3135/2294 2293/3136/2293 2936/3137/2936
f 2934/3138/2934 2295/3139/2295 2294/3135/2294 2935/3134/2935
f 2724/3140/2724 2437/3141/2437 2403/1064/2403 2723/1063/2723
f 2936/3137/2936 2293/3136/2293 2289/3142/2289 2933/3143/2933
f 2436/3144/2436 2437/3141/2437 2297/3145/2297 2296/3146/2296
f 3174/3147/3174 3173/3148/3173 2238/3052/2238 2239/3051/2239
f 2724/3140/2724 2435/3149/2435 2298/3150/2298 2719/3151/2719
f 3031/2106/3031 1973/3152/1973 1995/3153/1995 3033/2694/3033
f 3306/2717/3306 2021/2718/2021 2051/2757/2051 3314/2752/3314
f 1824/2378/1824 1835/2377/1835 2017/2737/2017 2042/2976/2042
f 1824/2353/1824 2042/3154/2042 2184/2987/2184 1813/2354/1813
f 2508/3155/2508 2366/3062/2366 2247/3061/2247 2504/3156/2504
f 3151/3157/3151 3174/3147/3174 2239/3051/2239 2523/3158/2523
f 2616/3159/2616 2622/3160/2622 2280/3161/2280 2428/3162/2428
f 2525/3163/2525 2522/3164/2522 2301/3165/2301 2438/3166/2438
f 3152/3167/3152 3148/3168/3148 2300/3169/2300 2534/3170/2534
f 2684/3171/2684 2675/3172/2675 2279/3173/2279 2615/3174/2615
f 2680/3175/2680 2685/3176/2685 2300/3169/2300 2523/3177/2523
f 2394/3178/2394 2341/3179/2341 2347/3180/2347 2393/3181/2393
f 2292/3182/2292 2291/3183/2291 2304/3184/2304 2305/3185/2305
f 2291/3183/2291 2290/3186/2290 2303/3187/2303 2304/3184/2304
f 2310/3188/2310 2309/3189/2309 2307/3190/2307 2308/3191/2308
f 2309/3189/2309 2311/3192/2311 2306/3193/2306 2307/3190/2307
f 2440/3194/2440 2408/1121/2408 2409/1120/2409 2442/3195/2442
f 2410/1122/2410 2443/3196/2443 2439/3197/2439 2406/1123/2406
f 2304/3184/2304 2303/3187/2303 2311/3192/2311 2309/3189/2309
f 2305/3185/2305 2304/3184/2304 2309/3189/2309 2310/3188/2310
f 2313/3198/2313 2312/3199/2312 2287/3200/2287 2262/3201/2262
f 2314/3202/2314 2313/3198/2313 2262/3201/2262 2263/3203/2263
f 2315/3204/2315 2314/3202/2314 2263/3203/2263 2264/3205/2264
f 2316/3206/2316 2315/3204/2315 2264/3205/2264 2265/3207/2265
f 2443/3196/2443 2316/3206/2316 2265/3207/2265 2439/3197/2439
f 3150/3208/3150 3169/3209/3169 2292/3210/2292 2444/3211/2444
f 2445/3212/2445 2444/3213/2444 2292/3182/2292 2305/3185/2305
f 2446/3214/2446 2445/3212/2445 2305/3185/2305 2310/3188/2310
f 2306/3193/2306 2311/3192/2311 2317/3215/2317 2318/3216/2318
f 2441/3217/2441 2306/3193/2306 2318/3216/2318 2447/3218/2447
f 2663/3219/2663 2658/3220/2658 2319/3221/2319 2448/3222/2448
f 2320/3223/2320 2303/3187/2303 2290/3186/2290 2288/3224/2288
f 2653/3225/2653 2287/3200/2287 2312/3199/2312 2659/3226/2659
f 2320/3223/2320 2317/3215/2317 2311/3192/2311 2303/3187/2303
f 2660/3227/2660 2659/3226/2659 2312/3199/2312 2313/3198/2313
f 2677/3228/2677 2686/3229/2686 2318/3216/2318 2317/3215/2317
f 2321/3230/2321 2319/3221/2319 2313/3198/2313 2314/3202/2314
f 2448/3222/2448 2319/3221/2319 2321/3230/2321 2449/3231/2449
f 2450/3232/2450 2449/3231/2449 2321/3230/2321 2314/3202/2314
f 2451/3233/2451 2450/3232/2450 2314/3202/2314 2315/3204/2315
f 2451/3233/2451 2315/3204/2315 2316/3206/2316 2443/3196/2443
f 2446/3214/2446 2310/3188/2310 2308/3191/2308 2442/3195/2442
f 2681/3234/2681 2678/3235/2678 2323/3236/2323 2534/3170/2534
f 3153/3237/3153 3149/3238/3149 2323/3236/2323 2545/3239/2545
f 2536/3240/2536 2533/3241/2533 2324/3242/2324 2452/3243/2452
f 2327/3244/2327 2328/1175/2328 2332/1174/2332 2331/3245/2331
f 2466/3246/2466 2327/3244/2327 2331/3245/2331 2467/3247/2467
f 2325/3248/2325 2326/3249/2326 2330/3250/2330 2329/3251/2329
f 2328/1175/2328 2327/3244/2327 2335/3252/2335 1691/1182/1691
f 2466/3246/2466 2326/3249/2326 2334/3253/2334 2468/3254/2468
f 2326/3249/2326 2325/3248/2325 2333/3255/2333 2334/3253/2334
f 1691/1182/1691 2335/3252/2335 2338/3256/2338 2339/1187/2339
f 2468/3254/2468 2334/3253/2334 2337/3257/2337 2469/3258/2469
f 2334/3253/2334 2333/3255/2333 2336/3259/2336 2337/3257/2337
f 2470/3260/2470 2350/3261/2350 2345/3262/2345 2471/3263/2471
f 2341/3179/2341 2340/3264/2340 2346/3265/2346 2347/3180/2347
f 2348/3266/2348 2343/3267/2343 2342/3268/2342 2302/3269/2302
f 2344/3270/2344 2343/3267/2343 2348/3266/2348 2349/3271/2349
f 2420/1204/2420 2422/1207/2422 2455/3272/2455 2454/3273/2454
f 2456/3274/2456 2423/1211/2423 2424/1210/2424 2457/3275/2457
f 2264/3276/2264 2263/3277/2263 2361/3099/2361 2359/3096/2359
f 2262/3131/2262 2261/3091/2261 2355/3090/2355 2362/3100/2362
f 2263/3277/2263 2262/3131/2262 2362/3100/2362 2361/3099/2361
f 2265/3278/2265 2264/3276/2264 2359/3096/2359 2360/3095/2360
f 2562/3089/2562 2253/3088/2253 2357/3082/2357 2563/3093/2563
f 2255/3074/2255 2256/3073/2256 2355/3090/2355 2356/3077/2356
f 2253/3088/2253 2254/3076/2254 2358/3075/2358 2357/3082/2357
f 2259/3083/2259 2358/3075/2358 2356/3077/2356 2260/3092/2260
f 2518/3279/2518 2230/3033/2230 2353/3032/2353 2519/3057/2519
f 2227/3025/2227 2353/3032/2353 2352/3035/2352 2226/3026/2226
f 2715/3021/2715 2720/3028/2720 2351/3031/2351 2225/3022/2225
f 2376/3280/2376 2375/3281/2375 2265/3282/2265 2360/3283/2360
f 2377/3284/2377 2376/3280/2376 2360/3283/2360 2269/3285/2269
f 2395/3286/2395 2377/3284/2377 2269/3285/2269 2390/3287/2390
f 2505/1224/2505 2243/1225/2243 2366/3062/2366 2508/3155/2508
f 2270/3109/2270 2251/3070/2251 2369/3069/2369 2373/3112/2373
f 2273/3106/2273 2272/3105/2272 2372/3113/2372 2374/3114/2374
f 2272/3105/2272 2271/3110/2271 2371/3111/2371 2372/3113/2372
f 2271/3110/2271 2270/3109/2270 2373/3112/2373 2371/3111/2371
f 2246/1034/2246 2369/3069/2369 2368/3067/2368 2245/1226/2245
f 2245/1226/2245 2368/3067/2368 2370/3063/2370 1690/1227/1690
f 1690/1227/1690 2370/3063/2370 2367/3066/2367 2244/1228/2244
f 2560/1229/2560 2564/3059/2564 2366/3062/2366 2243/1225/2243
f 2223/3288/2223 2363/3055/2363 2365/3056/2365 2224/3289/2224
f 2716/3290/2716 2721/3054/2721 2363/3055/2363 2223/3288/2223
f 2467/3247/2467 2331/3245/2331 2350/3291/2350 2470/3292/2470
f 2394/3293/2394 2342/3294/2342 2377/3284/2377 2395/3286/2395
f 2342/3294/2342 2343/3295/2343 2376/3280/2376 2377/3284/2377
f 2343/3295/2343 2344/3296/2344 2375/3281/2375 2376/3280/2376
f 2422/1207/2422 2406/1240/2406 2439/3297/2439 2455/3272/2455
f 2330/3298/2330 2340/3299/2340 2341/3300/2341 2378/3301/2378
f 2374/3302/2374 2330/3298/2330 2378/3301/2378 2273/3303/2273
f 2374/3302/2374 2277/1248/2277 2329/1247/2329 2330/3298/2330
f 2379/1249/2379 2350/3291/2350 2331/3245/2331 2332/1174/2332
f 2345/3262/2345 2350/3261/2350 2379/1251/2379 2380/1250/2380
f 2453/3304/2453 2457/3275/2457 2424/1210/2424 2421/1253/2421
f 2453/3304/2453 2349/3271/2349 2348/3266/2348 2457/3275/2457
f 2341/3300/2341 2394/3293/2394 2395/3286/2395 2378/3301/2378
f 2378/3301/2378 2395/3286/2395 2390/3287/2390 2273/3303/2273
f 2342/3268/2342 2394/3178/2394 2393/3181/2393 2302/3269/2302
f 2266/3101/2266 2256/3073/2256 2385/3072/2385 2391/3108/2391
f 2268/3097/2268 2267/3102/2267 2392/3107/2392 2389/3104/2389
f 2267/3102/2267 2266/3101/2266 2391/3108/2391 2392/3107/2392
f 2269/3098/2269 2268/3097/2268 2389/3104/2389 2390/3103/2390
f 2561/3060/2561 2248/3065/2248 2386/3085/2386 2565/3087/2565
f 2254/3076/2254 2387/3086/2387 2384/3071/2384 2255/3074/2255
f 2253/3088/2253 2386/3085/2386 2387/3086/2387 2254/3076/2254
f 2504/3156/2504 2247/3061/2247 2388/3079/2388 2509/3078/2509
f 2250/3068/2250 2251/3070/2251 2385/3072/2385 2384/3071/2384
f 2224/3289/2224 2381/3024/2381 2383/3027/2383 2223/3288/2223
f 2716/3290/2716 2722/3020/2722 2382/3023/2382 2222/3305/2222
f 2458/3306/2458 2456/3274/2456 2302/3269/2302 2393/3181/2393
f 2458/3306/2458 2393/3181/2393 2347/3180/2347 2459/3307/2459
f 2452/3243/2452 2548/3308/2548 2547/1258/2547 2419/1257/2419
f 2456/3274/2456 2458/3306/2458 2425/1260/2425 2423/1211/2423
f 2445/3212/2445 2446/3214/2446 2413/1262/2413 2412/1261/2412
f 2441/3217/2441 2447/3218/2447 2414/1264/2414 2407/1263/2407
f 2425/1260/2425 2458/3306/2458 3449/3309/3449 3448/1265/3448
f 2449/3231/2449 2450/3232/2450 2417/1268/2417 2416/1267/2416
f 2663/3219/2663 2448/3222/2448 2415/1270/2415 2662/1269/2662
f 2536/3240/2536 2452/3243/2452 2419/1257/2419 2535/1271/2535
f 2437/3141/2437 2436/3144/2436 2402/1272/2402 2403/1064/2403
f 2525/3310/2525 2524/1274/2524 2402/1272/2402 2436/3144/2436
f 3150/3208/3150 2444/3211/2444 2411/1276/2411 3175/1275/3175
f 2450/3232/2450 2451/3233/2451 2418/1277/2418 2417/1268/2417
f 2448/3222/2448 2449/3231/2449 2416/1267/2416 2415/1270/2415
f 2444/3213/2444 2445/3212/2445 2412/1261/2412 2411/1278/2411
f 2451/3233/2451 2443/3196/2443 2410/1122/2410 2418/1277/2418
f 2446/3214/2446 2442/3195/2442 2409/1120/2409 2413/1262/2413
f 2473/1279/2473 2426/1282/2426 2396/3311/2396 2472/3312/2472
f 2427/1283/2427 2397/3313/2397 2345/3262/2345 2380/1250/2380
f 2458/3306/2458 2459/3307/2459 2396/3311/2396 3449/3309/3449
f 2348/3266/2348 2302/3269/2302 2456/3274/2456 2457/3275/2457
f 2344/3296/2344 2454/3273/2454 2455/3272/2455 2375/3281/2375
f 2375/3281/2375 2455/3272/2455 2439/3297/2439 2265/3282/2265
f 2344/3270/2344 2349/3271/2349 2453/3304/2453 2454/3314/2454
f 2308/3191/2308 2307/3190/2307 2440/3194/2440 2442/3195/2442
f 2307/3190/2307 2306/3193/2306 2441/3217/2441 2440/3194/2440
f 2293/3136/2293 2433/3315/2433 2431/3316/2431 2289/3142/2289
f 2295/3139/2295 2432/3317/2432 2434/3318/2434 2294/3135/2294
f 2294/3135/2294 2434/3318/2434 2433/3315/2433 2293/3136/2293
f 2286/3319/2286 2289/3142/2289 2431/3316/2431 2430/3133/2430
f 2283/3320/2283 2286/3319/2286 2430/3133/2430 2429/3132/2429
f 2542/3321/2542 2283/3320/2283 2429/3132/2429 2543/3322/2543
f 2459/3307/2459 2347/3180/2347 2462/3323/2462 2465/3324/2465
f 2345/3262/2345 2397/3313/2397 2464/3325/2464 2460/3326/2460
f 2396/3311/2396 2459/3307/2459 2465/3324/2465 2463/3327/2463
f 2347/3180/2347 2346/3265/2346 2461/3328/2461 2462/3323/2462
f 2471/3263/2471 2345/3262/2345 2460/3326/2460 2474/3329/2474
f 2472/3312/2472 2396/3311/2396 2463/3327/2463 2475/3330/2475
f 2463/3327/2463 2465/3324/2465 2462/3323/2462 2461/3328/2461
f 2475/3330/2475 2463/3327/2463 2461/3328/2461 2474/3329/2474
f 2464/3325/2464 2475/3330/2475 2474/3329/2474 2460/3326/2460
f 2397/3313/2397 2472/3312/2472 2475/3330/2475 2464/3325/2464
f 2346/3265/2346 2471/3263/2471 2474/3329/2474 2461/3328/2461
f 2427/1283/2427 2473/1279/2473 2472/3312/2472 2397/3313/2397
f 2330/3250/2330 2467/3247/2467 2470/3292/2470 2340/3331/2340
f 2340/3264/2340 2470/3260/2470 2471/3263/2471 2346/3265/2346
f 2335/3252/2335 2468/3254/2468 2469/3258/2469 2338/3256/2338
f 2327/3244/2327 2466/3246/2466 2468/3254/2468 2335/3252/2335
f 2326/3249/2326 2466/3246/2466 2467/3247/2467 2330/3250/2330
f 2337/3257/2337 2336/3259/2336 2476/3332/2476 2477/3333/2477
f 2338/3256/2338 2469/3258/2469 2480/3334/2480 2478/3335/2478
f 2339/1187/2339 2338/3256/2338 2478/3335/2478 2479/1307/2479
f 2469/3258/2469 2337/3257/2337 2477/3333/2477 2480/3334/2480
f 2480/3334/2480 2477/3333/2477 2482/3336/2482 2485/3337/2485
f 2478/3335/2478 2480/3334/2480 2485/3337/2485 2483/3338/2483
f 2479/1307/2479 2478/3335/2478 2483/3338/2483 2484/1311/2484
f 2477/3333/2477 2476/3332/2476 2481/3339/2481 2482/3336/2482
f 2486/1313/2486 2485/3340/2485 2482/3341/2482 2481/1314/2481
f 2484/1317/2484 2483/3342/2483 2485/3340/2485 2486/1313/2486
f 2492/3343/2492 2496/3344/2496 2495/3345/2495 2491/3346/2491
f 2493/3347/2493 2497/3348/2497 2496/3344/2496 2492/3343/2492
f 2494/3349/2494 2498/3350/2498 2497/3348/2497 2493/3347/2493
f 2567/3351/2567 2494/3349/2494 2493/3347/2493 2566/3352/2566
f 2568/3353/2568 2492/3343/2492 2491/3346/2491 2569/3354/2569
f 2570/3355/2570 2511/3356/2511 2487/3357/2487 2569/3354/2569
f 2496/3344/2496 2500/3358/2500 2499/3359/2499 2495/3345/2495
f 2497/3348/2497 2501/3360/2501 2500/3358/2500 2496/3344/2496
f 2498/3350/2498 2502/3361/2502 2501/3360/2501 2497/3348/2497
f 2566/3352/2566 2493/3347/2493 2492/3343/2492 2568/3353/2568
f 2513/3362/2513 2504/3156/2504 2509/3078/2509 2516/3363/2516
f 2514/1340/2514 2505/1224/2505 2508/3155/2508 2515/3364/2515
f 2257/3365/2257 2506/3366/2506 2507/3367/2507 2354/3368/2354
f 2515/3364/2515 2508/3155/2508 2504/3156/2504 2513/3362/2513
f 2516/3363/2516 2509/3078/2509 2503/3081/2503 2517/3369/2517
f 2354/3368/2354 2507/3367/2507 2503/3081/2503 2252/3080/2252
f 2512/3370/2512 2510/3371/2510 2491/3346/2491 2495/3345/2495
f 2618/3372/2618 2617/3373/2617 2510/3374/2510 2512/3375/2512
f 2624/3376/2624 2619/3377/2619 2511/3378/2511 2570/3379/2570
f 2620/3380/2620 2518/3381/2518 2506/3366/2506 2618/3372/2618
f 2613/3040/2613 2230/3033/2230 2518/3279/2518 2620/3382/2620
f 2381/3024/2381 2516/3383/2516 2517/3058/2517 2227/3025/2227
f 2365/3056/2365 2515/3384/2515 2513/3385/2513 2224/3289/2224
f 2242/971/2242 2514/1363/2514 2515/3384/2515 2365/3056/2365
f 2224/3289/2224 2513/3385/2513 2516/3383/2516 2381/3024/2381
f 2506/3366/2506 2518/3381/2518 2519/3386/2519 2507/3367/2507
f 2507/3367/2507 2519/3386/2519 2517/3369/2517 2503/3081/2503
f 2499/3359/2499 2520/3387/2520 2512/3370/2512 2495/3345/2495
f 2536/3240/2536 2535/1271/2535 2405/1366/2405 2438/3166/2438
f 2669/3050/2669 2680/3388/2680 2523/3158/2523 2239/3051/2239
f 2436/3144/2436 2296/3146/2296 2522/3389/2522 2525/3310/2525
f 3148/3168/3148 3151/3390/3151 2523/3177/2523 2300/3169/2300
f 2521/3391/2521 2236/3046/2236 2233/3041/2233 2520/3392/2520
f 2526/3393/2526 2521/3394/2521 2520/3395/2520 2499/3396/2499
f 2527/3397/2527 2526/3393/2526 2499/3396/2499 2500/3398/2500
f 2528/3399/2528 2527/3397/2527 2500/3398/2500 2501/3400/2501
f 2529/3401/2529 2528/3399/2528 2501/3400/2501 2502/3402/2502
f 2530/3403/2530 2529/3401/2529 2502/3402/2502 2498/3404/2498
f 2299/3405/2299 2521/3406/2521 2526/3407/2526 2531/3408/2531
f 2441/3217/2441 2407/1263/2407 2408/1121/2408 2440/3194/2440
f 2438/3166/2438 2301/3165/2301 2533/3241/2533 2536/3240/2536
f 2685/3176/2685 2681/3234/2681 2534/3170/2534 2300/3169/2300
f 3149/3238/3149 3152/3167/3152 2534/3170/2534 2323/3236/2323
f 2532/3409/2532 2299/3405/2299 2531/3408/2531 2537/3410/2537
f 2453/3304/2453 2421/1253/2421 2420/1390/2420 2454/3314/2454
f 2544/3411/2544 2322/3412/2322 2538/3413/2538 2539/3414/2539
f 2259/3083/2259 2540/3116/2540 2278/3415/2278 2258/3084/2258
f 2656/3416/2656 2278/3415/2278 2540/3116/2540 2667/3115/2667
f 3176/3417/3176 2279/3173/2279 2541/3120/2541 3167/3119/3167
f 2428/3162/2428 2280/3161/2280 2542/3321/2542 2543/3322/2543
f 2616/3159/2616 2623/1398/2623 2547/1258/2547 2548/3308/2548
f 2399/1055/2399 2689/1399/2689 2543/3322/2543 2429/3132/2429
f 2487/3418/2487 2511/3419/2511 2544/3420/2544 2539/3421/2539
f 3154/3422/3154 3153/3237/3153 2545/3239/2545 2615/3174/2615
f 2678/3235/2678 2682/3423/2682 2545/3239/2545 2323/3236/2323
f 2452/3243/2452 2324/3242/2324 2546/3424/2546 2548/3308/2548
f 2619/3377/2619 2258/3084/2258 2278/3415/2278 2621/3425/2621
f 2538/3413/2538 2322/3412/2322 2532/3409/2532 2537/3410/2537
f 2567/3426/2567 2490/3427/2490 2549/3428/2549 2571/3429/2571
f 2530/3403/2530 2498/3404/2498 2494/3430/2494 2550/3431/2550
f 2488/3432/2488 2487/3418/2487 2539/3421/2539 2551/3433/2551
f 2489/3434/2489 2488/3432/2488 2551/3433/2551 2552/3435/2552
f 2549/3428/2549 2490/3427/2490 2489/3434/2489 2552/3435/2552
f 2538/3413/2538 2537/3410/2537 2554/3436/2554 2555/3437/2555
f 2537/3410/2537 2531/3408/2531 2553/3438/2553 2554/3436/2554
f 2555/3437/2555 2554/3436/2554 2557/3439/2557 2558/3440/2558
f 2554/3436/2554 2553/3438/2553 2556/3441/2556 2557/3439/2557
f 2553/3438/2553 2531/3408/2531 2526/3407/2526 2527/3442/2527
f 2556/3441/2556 2553/3438/2553 2527/3442/2527 2528/3443/2528
f 2551/3444/2551 2539/3414/2539 2538/3413/2538 2555/3437/2555
f 2552/3445/2552 2551/3444/2551 2555/3437/2555 2558/3440/2558
f 2556/3441/2556 2528/3443/2528 2529/3446/2529 2530/3447/2530
f 2557/3439/2557 2556/3441/2556 2530/3447/2530 2550/3448/2550
f 2494/3430/2494 2567/3426/2567 2571/3429/2571 2550/3431/2550
f 2617/3373/2617 2624/3376/2624 2570/3379/2570 2510/3374/2510
f 2489/3449/2489 2566/3352/2566 2568/3353/2568 2488/3450/2488
f 2510/3371/2510 2570/3355/2570 2569/3354/2569 2491/3346/2491
f 2488/3450/2488 2568/3353/2568 2569/3354/2569 2487/3357/2487
f 2490/3451/2490 2567/3351/2567 2566/3352/2566 2489/3449/2489
f 2247/3061/2247 2561/3060/2561 2565/3087/2565 2388/3079/2388
f 2244/1228/2244 2367/3066/2367 2564/3059/2564 2560/1229/2560
f 2252/3080/2252 2562/3089/2562 2563/3093/2563 2354/3368/2354
f 2354/3368/2354 2563/3093/2563 2559/3094/2559 2257/3365/2257
f 2388/3079/2388 2565/3087/2565 2562/3089/2562 2252/3080/2252
f 2367/3066/2367 2248/3065/2248 2561/3060/2561 2564/3059/2564
f 2571/3452/2571 2549/3453/2549 2552/3445/2552 2558/3440/2558
f 2550/3448/2550 2571/3452/2571 2558/3440/2558 2557/3439/2557
f 2632/3454/2632 2631/3455/2631 2577/3456/2577 2573/3457/2573
f 2631/3455/2631 2635/3458/2635 2574/3459/2574 2577/3456/2577
f 2638/1442/2638 2637/3460/2637 2578/3461/2578 2576/1443/2576
f 2637/3460/2637 2641/3462/2641 2572/3463/2572 2578/3461/2578
f 2647/3464/2647 2643/3465/2643 2575/3466/2575 2625/3467/2625
f 2641/3462/2641 2645/3468/2645 2579/3469/2579 2572/3463/2572
f 2645/3468/2645 2632/3454/2632 2573/3457/2573 2579/3469/2579
f 2885/1454/2885 2846/3470/2846 2586/3471/2586 2584/1455/2584
f 2846/3470/2846 2847/3472/2847 2580/3473/2580 2586/3471/2586
f 2851/3474/2851 2848/3475/2848 2583/3476/2583 2626/3477/2626
f 2847/3472/2847 2849/3478/2849 2587/3479/2587 2580/3473/2580
f 2887/3480/2887 2850/3481/2850 2585/3482/2585 2581/3483/2581
f 2849/3478/2849 2887/3480/2887 2581/3483/2581 2587/3479/2587
f 2850/3481/2850 2886/3484/2886 2582/3485/2582 2585/3482/2585
f 3253/3486/3253 3191/3487/3191 2588/3488/2588 2594/3489/2594
f 3259/3490/3259 3190/3491/3190 2591/3492/2591 2627/3493/2627
f 3191/3487/3191 3255/3494/3255 2595/3495/2595 2588/3488/2588
f 3258/3496/3258 3256/3497/3256 2593/3498/2593 2589/3499/2589
f 3255/3494/3255 3258/3496/3258 2589/3499/2589 2595/3495/2595
f 3256/3497/3256 3252/3500/3252 2590/3501/2590 2593/3498/2593
f 3192/1488/3192 3253/3486/3253 2594/3489/2594 2592/1489/2592
f 3332/3502/3332 3316/3503/3316 2599/3504/2599 2628/3505/2628
f 3328/3506/3328 3327/3507/3327 2603/3508/2603 2596/3509/2596
f 3330/3510/3330 3329/3511/3329 2601/3512/2601 2597/3513/2597
f 3327/3507/3327 3330/3510/3330 2597/3513/2597 2603/3508/2603
f 3329/3511/3329 3323/3514/3323 2598/3515/2598 2601/3512/2601
f 3274/1504/3274 3331/3516/3331 2602/3517/2602 2600/1505/2600
f 3331/3516/3331 3328/3506/3328 2596/3509/2596 2602/3517/2602
f 3383/3518/3383 3361/3519/3361 2611/3520/2611 2604/3521/2604
f 3384/3522/3384 3369/3523/3369 2609/3524/2609 2605/3525/2605
f 3361/3519/3361 3384/3522/3384 2605/3525/2605 2611/3520/2611
f 3369/3523/3369 3343/3526/3343 2606/3527/2606 2609/3524/2609
f 3347/1518/3347 3385/3528/3385 2610/3529/2610 2608/1519/2608
f 3385/3528/3385 3383/3518/3383 2604/3521/2604 2610/3529/2610
f 3386/3530/3386 3341/3531/3341 2607/3532/2607 2629/3533/2629
f 3345/2190/3345 1739/2189/1739 2607/3534/2607 3341/3535/3341
f 3279/2198/3279 1738/2197/1738 2599/3536/2599 3316/3537/3316
f 3204/2220/3204 1737/2219/1737 2591/3538/2591 3190/3539/3190
f 3343/3526/3343 3386/3530/3386 2629/3533/2629 2606/3527/2606
f 3323/3514/3323 3332/3502/3332 2628/3505/2628 2598/3515/2598
f 3252/3500/3252 3259/3490/3259 2627/3493/2627 2590/3501/2590
f 2886/3484/2886 2851/3474/2851 2626/3477/2626 2582/3485/2582
f 2635/3458/2635 2647/3464/2647 2625/3467/2625 2574/3459/2574
f 2257/3365/2257 2559/3094/2559 2624/3376/2624 2617/3373/2617
f 2511/3378/2511 2619/3377/2619 2621/3425/2621 2544/3540/2544
f 3176/3417/3176 3154/3422/3154 2615/3174/2615 2279/3173/2279
f 2233/3041/2233 2613/3040/2613 2620/3382/2620 2520/3392/2520
f 2520/3541/2520 2620/3380/2620 2618/3372/2618 2512/3375/2512
f 2559/3094/2559 2258/3084/2258 2619/3377/2619 2624/3376/2624
f 2506/3366/2506 2257/3365/2257 2617/3373/2617 2618/3372/2618
f 2616/3159/2616 2428/3162/2428 2398/1534/2398 2623/1398/2623
f 2682/3423/2682 2684/3171/2684 2615/3174/2615 2545/3239/2545
f 2548/3308/2548 2546/3424/2546 2622/3160/2622 2616/3159/2616
f 2230/3033/2230 2613/3040/2613 2614/3043/2614 2229/3034/2229
f 2717/3029/2717 2725/3036/2725 2612/3039/2612 2228/3030/2228
f 2228/3030/2228 2612/3039/2612 2646/3542/2646 2634/3543/2634
f 2634/3543/2634 2646/3542/2646 2647/3464/2647 2635/3458/2635
f 2382/3023/2382 2225/3022/2225 2633/3544/2633 2644/3545/2644
f 2644/3545/2644 2633/3544/2633 2632/3454/2632 2645/3468/2645
f 2222/3305/2222 2382/3023/2382 2644/3545/2644 2640/3546/2640
f 2640/3546/2640 2644/3545/2644 2645/3468/2645 2641/3462/2641
f 2612/3039/2612 2231/3038/2231 2642/3547/2642 2646/3542/2646
f 2646/3542/2646 2642/3547/2642 2643/3465/2643 2647/3464/2647
f 2364/3548/2364 2222/3305/2222 2640/3546/2640 2636/3549/2636
f 2636/3549/2636 2640/3546/2640 2641/3462/2641 2637/3460/2637
f 2240/1543/2240 2364/3548/2364 2636/3549/2636 2639/1544/2639
f 2639/1544/2639 2636/3549/2636 2637/3460/2637 2638/1442/2638
f 2351/3031/2351 2228/3030/2228 2634/3543/2634 2630/3550/2630
f 2630/3550/2630 2634/3543/2634 2635/3458/2635 2631/3455/2631
f 2225/3022/2225 2351/3031/2351 2630/3550/2630 2633/3544/2633
f 2633/3544/2633 2630/3550/2630 2631/3455/2631 2632/3454/2632
f 2855/2216/2855 1889/2215/1889 2583/3551/2583 2848/3552/2848
f 1759/2265/1759 1736/2264/1736 2575/3553/2575 2643/3554/2643
f 1765/2266/1765 1759/2265/1759 2643/3554/2643 2642/3555/2642
f 1771/2267/1771 1765/2266/1765 2642/3555/2642 2648/3556/2648
f 2234/3045/2234 2648/3557/2648 2642/3547/2642 2231/3038/2231
f 1886/2507/1886 1771/2510/1771 2648/3558/2648 2649/3559/2649
f 2544/3540/2544 2621/3425/2621 2668/3560/2668 2666/3561/2666
f 2433/3315/2433 2401/1558/2401 1692/1557/1692 2431/3316/2431
f 2525/3163/2525 2438/3166/2438 2405/1366/2405 2524/1559/2524
f 1692/1557/1692 2400/1052/2400 2430/3133/2430 2431/3316/2431
f 2322/3562/2322 2544/3540/2544 2666/3561/2666 2661/3563/2661
f 2675/3564/2675 2656/3416/2656 2667/3115/2667 2683/3565/2683
f 2299/3566/2299 2532/3567/2532 2665/3568/2665 2657/3569/2657
f 2236/3570/2236 2521/3571/2521 2664/3572/2664 2650/3573/2650
f 2687/3574/2687 2663/3219/2663 2662/1269/2662 1693/1573/1693
f 2532/3567/2532 2322/3562/2322 2661/3563/2661 2665/3568/2665
f 2313/3198/2313 2319/3221/2319 2658/3220/2658 2660/3227/2660
f 2677/3575/2677 2676/3576/2676 2659/3226/2659 2660/3227/2660
f 2672/3577/2672 2653/3225/2653 2659/3226/2659 2676/3576/2676
f 2687/3574/2687 2686/3578/2686 2658/3220/2658 2663/3219/2663
f 2521/3579/2521 2299/3566/2299 2657/3569/2657 2664/3580/2664
f 2621/3425/2621 2278/3415/2278 2656/3416/2656 2668/3560/2668
f 2673/3581/2673 2654/3124/2654 2653/3128/2653 2672/3582/2672
f 2674/3583/2674 2655/3118/2655 2654/3124/2654 2673/3581/2673
f 2683/3565/2683 2667/3115/2667 2655/3118/2655 2674/3583/2674
f 2236/3570/2236 2650/3573/2650 2652/3584/2652 2235/3585/2235
f 2712/3586/2712 2726/3587/2726 2651/3588/2651 2234/3589/2234
f 2649/3590/2649 2648/3591/2648 2234/3589/2234 2651/3588/2651
f 2541/3120/2541 2683/3592/2683 2674/3593/2674 2282/3121/2282
f 2282/3121/2282 2674/3593/2674 2673/3594/2673 2285/3125/2285
f 2285/3125/2285 2673/3594/2673 2672/3595/2672 2288/3129/2288
f 2447/3218/2447 2318/3216/2318 2686/3229/2686 2687/3596/2687
f 2288/3224/2288 2672/3597/2672 2676/3598/2676 2320/3223/2320
f 2317/3215/2317 2320/3223/2320 2676/3598/2676 2677/3228/2677
f 2447/3218/2447 2687/3596/2687 1693/1598/1693 2414/1264/2414
f 2279/3173/2279 2675/3172/2675 2683/3592/2683 2541/3120/2541
f 2666/3561/2666 2668/3560/2668 2684/3599/2684 2682/3600/2682
f 2661/3563/2661 2666/3561/2666 2682/3600/2682 2678/3601/2678
f 2657/3569/2657 2665/3568/2665 2681/3602/2681 2685/3603/2685
f 2650/3573/2650 2664/3572/2664 2680/3388/2680 2669/3050/2669
f 2665/3568/2665 2661/3563/2661 2678/3601/2678 2681/3602/2681
f 2660/3227/2660 2658/3220/2658 2686/3578/2686 2677/3575/2677
f 2664/3580/2664 2657/3569/2657 2685/3603/2685 2680/3604/2680
f 2668/3560/2668 2656/3416/2656 2675/3564/2675 2684/3599/2684
f 2650/3573/2650 2669/3050/2669 2671/3053/2671 2652/3584/2652
f 2726/3587/2726 2727/3048/2727 2670/3049/2670 2651/3588/2651
f 2649/3590/2649 2651/3588/2651 2670/3049/2670 2688/3605/2688
f 1897/2508/1897 1886/2507/1886 2649/3559/2649 2688/3606/2688
f 2543/3322/2543 2689/1399/2689 2398/1534/2398 2428/3162/2428
f 2710/3607/2710 2709/3608/2709 2692/3609/2692 2690/3610/2690
f 2709/3608/2709 1694/1612/1694 2691/1611/2691 2692/3609/2692
f 2733/3611/2733 2732/3612/2732 2695/3613/2695 2693/3614/2693
f 2732/3612/2732 2736/1618/2736 2694/1617/2694 2695/3613/2695
f 3260/3615/3260 3257/3616/3257 2698/3617/2698 2696/3618/2696
f 3257/3616/3257 1408/3619/1408 2697/1623/2697 2698/3617/2698
f 3333/3620/3333 3315/3621/3315 2701/3622/2701 2699/3623/2699
f 3315/3621/3315 3276/1630/3276 2700/1629/2700 2701/3622/2701
f 3466/3624/3466 3465/3625/3465 2704/3626/2704 2702/3627/2702
f 3465/3625/3465 3450/1636/3450 2703/1635/2703 2704/3626/2704
f 3340/3628/3340 3155/3629/3155 2708/3630/2708 3270/3631/3270
f 3267/3632/3267 3177/3633/3177 2707/3634/2707 3254/3635/3254
f 3160/3636/3160 3178/3637/3178 2706/3638/2706 2737/3639/2737
f 2956/3640/2956 2710/3607/2710 2690/3610/2690 2943/3641/2943
f 2937/3642/2937 2298/3150/2298 2710/3607/2710 2956/3640/2956
f 2435/3149/2435 2404/1652/2404 1694/1612/1694 2709/3608/2709
f 2298/3150/2298 2435/3149/2435 2709/3608/2709 2710/3607/2710
f 2688/3605/2688 2670/3049/2670 2237/2317/2237 2711/3643/2711
f 1880/2509/1880 1897/2508/1897 2688/3606/2688 2711/3644/2711
f 1874/2511/1874 1880/2509/1880 2711/3644/2711 2705/3645/2705
f 2652/3584/2652 2671/3053/2671 2727/3048/2727 2726/3587/2726
f 2235/3585/2235 2652/3584/2652 2726/3587/2726 2712/3586/2712
f 2229/3034/2229 2614/3043/2614 2725/3036/2725 2717/3029/2717
f 2223/3288/2223 2383/3027/2383 2722/3020/2722 2716/3290/2716
f 2222/3305/2222 2364/3548/2364 2721/3054/2721 2716/3290/2716
f 2226/3026/2226 2352/3035/2352 2720/3028/2720 2715/3021/2715
f 2437/3141/2437 2724/3140/2724 2719/3151/2719 2297/3145/2297
f 2435/3149/2435 2724/3140/2724 2723/1063/2723 2404/1652/2404
f 2364/3548/2364 2240/1543/2240 2718/969/2718 2721/3054/2721
f 2671/3053/2671 2238/3052/2238 2713/2318/2713 2727/3048/2727
f 2232/3042/2232 2235/3047/2235 2712/3044/2712 2714/3037/2714
f 2614/3043/2614 2232/3042/2232 2714/3037/2714 2725/3036/2725
f 2352/3035/2352 2229/3034/2229 2717/3029/2717 2720/3028/2720
f 2383/3027/2383 2226/3026/2226 2715/3021/2715 2722/3020/2722
f 3173/3148/3173 3157/2315/3157 2713/2318/2713 2238/3052/2238
f 3336/3646/3336 3270/3647/3270 2708/3648/2708 2740/3649/2740
f 3178/3637/3178 3158/3650/3158 2730/3651/2730 2706/3638/2706
f 2695/3613/2695 2694/1617/2694 1695/1663/1695 2728/3652/2728
f 2693/3614/2693 2695/3613/2695 2728/3652/2728 2729/3653/2729
f 3263/3654/3263 2741/3655/2741 1935/2575/1935 3216/2590/3216
f 2745/3656/2745 2743/3657/2743 1938/2589/1938 2195/2606/2195
f 3179/3658/3179 3159/3659/3159 2738/3660/2738 2705/3661/2705
f 3159/3659/3159 3160/3636/3160 2737/3639/2737 2738/3660/2738
f 2692/3609/2692 2691/1611/2691 2735/1674/2735 2731/3662/2731
f 2731/3662/2731 2735/1674/2735 2736/1618/2736 2732/3612/2732
f 2690/3610/2690 2692/3609/2692 2731/3662/2731 2734/3663/2734
f 2734/3663/2734 2731/3662/2731 2732/3612/2732 2733/3611/2733
f 2706/3664/2706 2730/3665/2730 2744/3666/2744 2746/3667/2746
f 2746/3667/2746 2744/3666/2744 2743/3657/2743 2745/3656/2745
f 3254/3668/3254 2707/3669/2707 2742/3670/2742 3261/3671/3261
f 3261/3671/3261 2742/3670/2742 2741/3655/2741 3263/3654/3263
f 3297/2576/3297 3334/3672/3334 2739/3673/2739 1932/2559/1932
f 3334/3672/3334 3336/3646/3336 2740/3649/2740 2739/3673/2739
f 2747/3674/2747 2737/3675/2737 2706/3664/2706 2746/3667/2746
f 2748/3676/2748 2738/3677/2738 2737/3675/2737 2747/3674/2747
f 1874/2511/1874 2705/3645/2705 2738/3677/2738 2748/3676/2748
f 2750/3678/2750 2748/3676/2748 2747/3674/2747 2749/3679/2749
f 2749/3679/2749 2747/3674/2747 2746/3667/2746 2745/3656/2745
f 1908/2456/1908 1874/2511/1874 2748/3676/2748 2750/3678/2750
f 2027/2726/2027 2750/3678/2750 2749/3679/2749 1941/2605/1941
f 1941/2605/1941 2749/3679/2749 2745/3656/2745 2195/2606/2195
f 1873/2457/1873 1908/2456/1908 2750/3678/2750 2027/2726/2027
f 3453/2560/3453 1932/2559/1932 2739/3673/2739 3467/3680/3467
f 3468/3681/3468 3467/3680/3467 2739/3673/2739 2740/3649/2740
f 3469/3682/3469 3468/3681/3468 2740/3649/2740 2708/3648/2708
f 3472/3683/3472 2955/3684/2955 2699/3623/2699 3466/3624/3466
f 3020/2546/3020 1928/2545/1928 2751/3685/2751 3053/3686/3053
f 2893/3687/2893 2771/3688/2771 1719/2519/1719 2830/3689/2830
f 2774/3690/2774 2892/3691/2892 2893/3692/2893 2773/3693/2773
f 3085/3694/3085 3083/3695/3083 2755/3696/2755 2888/3697/2888
f 2757/3698/2757 3084/3699/3084 3085/3700/3085 2888/3701/2888
f 2760/3702/2760 2763/3703/2763 2764/3704/2764 2761/3705/2761
f 2763/3703/2763 2765/3706/2765 2766/3707/2766 2764/3704/2764
f 2765/3706/2765 2767/3708/2767 2768/3709/2768 2766/3707/2766
f 2889/3710/2889 2761/3705/2761 2764/3704/2764 2890/3711/2890
f 2891/3712/2891 2770/3713/2770 2769/3714/2769 2852/3715/2852
f 1930/2553/1930 3452/2568/3452 3476/2621/3476 3436/2624/3436
f 2888/3697/2888 2755/3696/2755 2772/3716/2772 2892/3717/2892
f 2892/3717/2892 2772/3716/2772 2771/3688/2771 2893/3687/2893
f 2775/3718/2775 2773/3693/2773 1858/3719/1858 2754/3720/2754
f 2774/3690/2774 2773/3693/2773 2775/3718/2775 2759/3019/2759
f 3054/3721/3054 3053/3686/3053 2751/3685/2751 2752/3722/2752
f 2775/3718/2775 2754/3720/2754 2776/3723/2776 2777/3724/2777
f 2759/3019/2759 2775/3718/2775 2777/3724/2777 2778/3725/2778
f 3055/3726/3055 3054/3721/3054 2752/3722/2752 2753/3727/2753
f 2777/3724/2777 2776/3723/2776 2779/3728/2779 2780/3729/2780
f 2778/3725/2778 2777/3724/2777 2780/3729/2780 2781/3730/2781
f 3163/3731/3163 3162/3732/3162 2781/3733/2781 2780/3734/2780
f 3164/3735/3164 3163/3731/3163 2780/3734/2780 2779/3736/2779
f 2759/3019/2759 2756/3018/2756 2757/3698/2757 2774/3690/2774
f 2766/3707/2766 2768/3709/2768 2891/3737/2891 2852/3738/2852
f 2890/3711/2890 2764/3704/2764 2766/3707/2766 2852/3738/2852
f 2575/3553/2575 1736/2264/1736 2855/2216/2855 2848/3552/2848
f 2574/3459/2574 2625/3467/2625 2851/3474/2851 2886/3484/2886
f 2577/3456/2577 2574/3459/2574 2886/3484/2886 2850/3481/2850
f 2579/3469/2579 2573/3457/2573 2887/3480/2887 2849/3478/2849
f 2573/3457/2573 2577/3456/2577 2850/3481/2850 2887/3480/2887
f 2572/3463/2572 2579/3469/2579 2849/3478/2849 2847/3472/2847
f 2625/3467/2625 2575/3466/2575 2848/3475/2848 2851/3474/2851
f 2578/3461/2578 2572/3463/2572 2847/3472/2847 2846/3470/2846
f 2576/1443/2576 2578/3461/2578 2846/3470/2846 2885/1454/2885
f 2104/2090/2104 3377/2093/3377 3387/2096/3387 2878/2091/2878
f 3088/3739/3088 3089/3740/3089 3085/3700/3085 3084/3699/3084
f 1777/2404/1777 1848/2403/1848 2858/2789/2858 2840/2801/2840
f 1778/2405/1778 1779/2406/1779 2841/2799/2841 2843/2786/2843
f 1779/2406/1779 1780/2407/1780 2842/2797/2842 2841/2799/2841
f 1780/2407/1780 2137/2408/2137 2865/2794/2865 2842/2797/2842
f 1848/2403/1848 1778/2405/1778 2843/2786/2843 2858/2789/2858
f 2835/2758/2835 1748/2397/1748 1756/2402/1756 2837/2778/2837
f 1713/2701/1713 2055/2766/2055 2838/2782/2838 2836/2785/2836
f 1756/2402/1756 2007/2401/2007 2864/2779/2864 2837/2778/2837
f 1715/2398/1715 1748/2397/1748 2835/2758/2835 2833/2760/2833
f 2821/2711/2821 2883/2709/2883 2217/2710/2217 1705/2712/1705
f 1901/2263/1901 1735/2259/1735 2854/2514/2854 2860/2213/2860
f 1732/2181/1732 1758/2251/1758 2859/2489/2859 2856/2182/2856
f 1758/2251/1758 1919/2535/1919 2861/2486/2861 2859/2489/2859
f 2839/2908/2839 1781/2910/1781 1807/2925/1807 2844/2919/2844
f 2831/2126/2831 2862/2524/2862 1990/2245/1990 1972/2127/1972
f 2895/3741/2895 2894/2122/2894 2783/2121/2783 2816/3742/2816
f 2944/2124/2944 2945/3743/2945 2782/3744/2782 2783/2121/2783
f 2896/1757/2896 2895/3741/2895 2816/3742/2816 2818/1758/2818
f 2994/3745/2994 2992/3746/2992 2913/3747/2913 2929/3748/2929
f 3474/3749/3474 3155/3629/3155 2805/3750/2805 3470/3751/3470
f 2974/3752/2974 2975/3753/2975 2813/3754/2813 2812/3755/2812
f 2991/3756/2991 2974/3752/2974 2812/3755/2812 2808/3757/2808
f 2990/3758/2990 2973/3759/2973 2811/3760/2811 2807/3761/2807
f 2985/3762/2985 2972/3763/2972 2810/3764/2810 2794/3765/2794
f 3172/2316/3172 2793/3766/2793 2809/3767/2809 3156/3768/3156
f 3156/3768/3156 2809/3767/2809 2808/3757/2808 3179/3658/3179
f 2975/3753/2975 2990/3758/2990 2807/3761/2807 2813/3754/2813
f 3266/3769/3266 2989/3770/2989 2806/3771/2806 3262/3772/3262
f 3339/3773/3339 2970/3774/2970 2805/3750/2805 3335/3775/3335
f 2988/3776/2988 2969/3777/2969 2804/3778/2804 2802/3779/2802
f 2969/3777/2969 2968/3780/2968 2803/3781/2803 2804/3778/2804
f 2988/3776/2988 2802/3779/2802 2788/3782/2788 2979/3783/2979
f 2964/3784/2964 2967/3785/2967 2801/3786/2801 2797/3787/2797
f 2963/3788/2963 2966/3789/2966 2800/3790/2800 2796/3791/2796
f 2965/3792/2965 2799/3793/2799 2798/1808/2798 2987/1807/2987
f 2968/3780/2968 2964/3784/2964 2797/3787/2797 2803/3781/2803
f 2965/3792/2965 2981/3794/2981 2790/3795/2790 2799/3793/2799
f 2967/3785/2967 2963/3788/2963 2796/3791/2796 2801/3786/2801
f 2966/3796/2966 2986/3797/2986 2795/3798/2795 2800/3799/2800
f 2986/3797/2986 2985/3762/2985 2794/3765/2794 2795/3798/2795
f 3171/3800/3171 2792/3801/2792 2789/3802/2789 3168/3130/3168
f 3169/3209/3169 2790/3795/2790 2791/3803/2791 3170/3804/3170
f 3170/3804/3170 2791/3803/2791 2792/3801/2792 3171/3800/3171
f 2977/3805/2977 2786/3806/2786 2789/3802/2789 2980/3807/2980
f 2978/3808/2978 2787/3809/2787 2786/3806/2786 2977/3805/2977
f 2979/3783/2979 2788/3782/2788 2787/3809/2787 2978/3808/2978
f 2972/3763/2972 2984/3810/2984 2793/3766/2793 2810/3764/2810
f 3180/3811/3180 3055/3812/3055 2753/3813/2753 3161/3814/3161
f 3064/3815/3064 3057/3816/3057 2814/3817/2814 2976/3818/2976
f 2783/2121/2783 2782/3744/2782 2815/3819/2815 2816/3742/2816
f 2816/3742/2816 2815/3819/2815 2817/1836/2817 2818/1758/2818
f 3058/3820/3058 3056/3821/3056 2702/3627/2702 2704/3626/2704
f 3059/1839/3059 3058/3820/3058 2704/3626/2704 2703/1635/2703
f 2785/3822/2785 2895/3823/2895 2896/1842/2896 1696/1841/1696
f 2784/3824/2784 2894/3825/2894 2895/3823/2895 2785/3822/2785
f 2947/3826/2947 2946/3827/2946 2894/3825/2894 2784/3824/2784
f 1752/2120/1752 1975/2119/1975 2831/2126/2831 2820/2125/2820
f 1750/2132/1750 1711/2131/1711 2819/2176/2819 2822/2175/2822
f 3430/2497/3430 3439/2179/3439 2856/2182/2856 1890/2498/1890
f 1887/2492/1887 2853/2183/2853 2857/2186/2857 1891/2494/1891
f 3400/2491/3400 3409/2199/3409 2853/2183/2853 1887/2492/1887
f 1975/2119/1975 1991/2525/1991 2862/2524/2862 2831/2126/2831
f 2067/2791/2067 2839/2908/2839 2844/2919/2844 2072/2792/2072
f 2220/2240/2220 1752/2120/1752 2820/2125/2820 2883/2709/2883
f 1711/2131/1711 1751/2706/1751 2821/2711/2821 2819/2176/2819
f 2024/2708/2024 1750/2132/1750 2822/2175/2822 2863/2713/2863
f 2019/2716/2019 2024/2708/2024 2863/2713/2863 2832/2734/2832
f 1751/2706/1751 2220/2240/2220 2883/2709/2883 2821/2711/2821
f 2054/2759/2054 2835/2758/2835 2837/2778/2837 2065/2781/2065
f 2019/2716/2019 2832/2734/2832 2833/2760/2833 2049/2739/2049
f 1805/2333/1805 2139/2335/2139 2880/3828/2880 2870/3829/2870
f 1802/2326/1802 2826/3830/2826 2834/3831/2834 1826/2399/1826
f 1826/2399/1826 2834/3831/2834 2869/3832/2869 1698/2738/1698
f 1757/3833/1757 2008/3834/2008 2875/3835/2875 2828/3836/2828
f 1915/3837/1915 1995/3153/1995 2874/3838/2874 2872/3839/2872
f 1745/3005/1745 1915/3837/1915 2872/3839/2872 2829/3006/2829
f 1699/3015/1699 1757/3833/1757 2828/3836/2828 2871/3016/2871
f 2139/2335/2139 1806/2914/1806 2827/3840/2827 2880/3828/2880
f 1846/2325/1846 1803/2330/1803 2823/3841/2823 2867/3842/2867
f 1973/3152/1973 1700/3843/1700 2824/3844/2824 2873/3845/2873
f 1804/2329/1804 1805/2333/1805 2870/3829/2870 2866/3846/2866
f 2008/3834/2008 1698/2738/1698 2869/3832/2869 2875/3835/2875
f 1806/2914/1806 1812/2902/1812 2868/2901/2868 2827/3840/2827
f 1802/2326/1802 1846/2325/1846 2867/3842/2867 2826/3830/2826
f 1803/2330/1803 1804/2329/1804 2866/3846/2866 2823/3841/2823
f 1995/3153/1995 1973/3152/1973 2873/3845/2873 2874/3838/2874
f 3388/3847/3388 1718/3848/1718 2825/3849/2825 3410/3850/3410
f 1718/3848/1718 1717/3851/1717 2881/3852/2881 2825/3849/2825
f 2216/3013/2216 2845/3012/2845 2824/3844/2824 1700/3843/1700
f 2758/3853/2758 2889/3854/2889 2890/3855/2890 2762/3856/2762
f 2762/3856/2762 2890/3855/2890 2852/3715/2852 2769/3714/2769
f 3061/3857/3061 3009/2194/3009 1740/2193/1740 2897/3858/2897
f 2962/3859/2962 2994/3860/2994 2929/3861/2929 2912/3862/2912
f 3063/3863/3063 3062/3864/3062 2928/3865/2928 2961/3866/2961
f 2957/3867/2957 2937/3642/2937 2905/3868/2905 2924/3869/2924
f 2932/3870/2932 2900/3871/2900 2899/3872/2899 2931/3873/2931
f 2931/3873/2931 2899/3872/2899 2898/3874/2898 2930/3875/2930
f 2930/3875/2930 2898/3874/2898 2901/3876/2901 2933/3143/2933
f 2939/3877/2939 2938/3878/2938 2906/3879/2906 2907/3880/2907
f 2951/3881/2951 2939/3877/2939 2907/3880/2907 2918/3882/2918
f 2952/3883/2952 2948/3884/2948 2915/3885/2915 2919/3886/2919
f 2950/3887/2950 2934/3138/2934 2902/3888/2902 2917/3889/2917
f 2953/3890/2953 2949/3891/2949 2916/3892/2916 2920/3893/2920
f 2950/3887/2950 2917/3889/2917 1125/3894/1125 1158/3895/1158
f 2948/3884/2948 2951/3896/2951 2918/3897/2918 2915/3885/2915
f 2949/3891/2949 2952/3883/2952 2919/3886/2919 2916/3892/2916
f 2940/3898/2940 2908/3899/2908 2900/3871/2900 2932/3870/2932
f 2954/3900/2954 2953/3890/2953 2920/3893/2920 2921/3901/2921
f 2940/3898/2940 2954/3900/2954 2921/3901/2921 2908/3899/2908
f 3338/3902/3338 2955/3684/2955 2922/3903/2922 3283/3904/3283
f 3265/3905/3265 2941/3906/2941 2909/3907/2909 3189/3908/3189
f 2960/3909/2960 2942/3910/2942 2910/3911/2910 2927/3912/2927
f 2938/3878/2938 2957/3867/2957 2924/3869/2924 2906/3879/2906
f 2942/3910/2942 2958/3913/2958 2925/3914/2925 2910/3911/2910
f 2943/3641/2943 2959/3915/2959 2926/3916/2926 2911/3917/2911
f 2959/3915/2959 2960/3909/2960 2927/3912/2927 2926/3916/2926
f 2992/3746/2992 2993/3918/2993 2914/3919/2914 2913/3747/2913
f 2929/3748/2929 2913/3747/2913 2944/2124/2944 2946/2123/2946
f 3473/3920/3473 2970/3774/2970 2922/3903/2922 3471/3921/3471
f 2984/3810/2984 2905/3868/2905 2923/3922/2923 2971/3923/2971
f 2971/3923/2971 2923/3922/2923 2911/3917/2911 2991/3756/2991
f 2983/3924/2983 2904/3925/2904 2901/3876/2901 2980/3807/2980
f 2981/3794/2981 2902/3888/2902 2903/3926/2903 2982/3927/2982
f 2982/3927/2982 2903/3926/2903 2904/3925/2904 2983/3924/2983
f 3066/3928/3066 3065/1949/3065 2608/1519/2608 2610/3529/2610
f 3067/3929/3067 3066/3928/3066 2610/3529/2610 2604/3521/2604
f 2734/3663/2734 2733/3611/2733 2960/3909/2960 2959/3915/2959
f 2690/3610/2690 2734/3663/2734 2959/3915/2959 2943/3641/2943
f 2693/3614/2693 2729/3653/2729 2958/3913/2958 2942/3910/2942
f 2297/3145/2297 2719/3151/2719 2957/3867/2957 2938/3878/2938
f 2733/3611/2733 2693/3614/2693 2942/3910/2942 2960/3909/2960
f 3260/3615/3260 2696/3618/2696 2941/3906/2941 3265/3905/3265
f 3333/3620/3333 2699/3623/2699 2955/3684/2955 3338/3902/3338
f 2280/3161/2280 2622/3160/2622 2954/3900/2954 2940/3898/2940
f 2622/3160/2622 2546/3424/2546 2953/3890/2953 2954/3900/2954
f 2280/3161/2280 2940/3898/2940 2932/3870/2932 2542/3321/2542
f 2324/3242/2324 2533/3241/2533 2952/3883/2952 2949/3891/2949
f 2301/3165/2301 2522/3164/2522 2951/3896/2951 2948/3884/2948
f 2432/3317/2432 2950/3887/2950 1158/3895/1158 681/3930/681
f 2546/3424/2546 2324/3242/2324 2949/3891/2949 2953/3890/2953
f 2432/3317/2432 2295/3139/2295 2934/3138/2934 2950/3887/2950
f 2533/3241/2533 2301/3165/2301 2948/3884/2948 2952/3883/2952
f 2522/3389/2522 2296/3146/2296 2939/3877/2939 2951/3881/2951
f 2296/3146/2296 2297/3145/2297 2938/3878/2938 2939/3877/2939
f 2286/3319/2286 2930/3875/2930 2933/3143/2933 2289/3142/2289
f 2283/3320/2283 2931/3873/2931 2930/3875/2930 2286/3319/2286
f 2542/3321/2542 2932/3870/2932 2931/3873/2931 2283/3320/2283
f 2719/3151/2719 2298/3150/2298 2937/3642/2937 2957/3867/2957
f 3056/3821/3056 3063/3863/3063 2961/3866/2961 2702/3627/2702
f 2912/3862/2912 2929/3861/2929 2946/3827/2946 2947/3826/2947
f 2913/3747/2913 2914/3919/2914 2945/3743/2945 2944/2124/2944
f 2994/3745/2994 2891/3737/2891 2768/3709/2768 2992/3746/2992
f 3471/3921/3471 2922/3903/2922 2955/3684/2955 3472/3683/3472
f 2905/3868/2905 2937/3642/2937 2956/3640/2956 2923/3922/2923
f 2923/3922/2923 2956/3640/2956 2943/3641/2943 2911/3917/2911
f 2904/3925/2904 2936/3137/2936 2933/3143/2933 2901/3876/2901
f 2902/3888/2902 2934/3138/2934 2935/3134/2935 2903/3926/2903
f 2903/3926/2903 2935/3134/2935 2936/3137/2936 2904/3925/2904
f 3068/3931/3068 3067/3929/3067 2604/3521/2604 2611/3520/2611
f 3069/3932/3069 3068/3931/3068 2611/3520/2611 2605/3525/2605
f 2791/3803/2791 2982/3927/2982 2983/3924/2983 2792/3801/2792
f 2790/3795/2790 2981/3794/2981 2982/3927/2982 2791/3803/2791
f 2792/3801/2792 2983/3924/2983 2980/3807/2980 2789/3802/2789
f 2809/3767/2809 2971/3923/2971 2991/3756/2991 2808/3757/2808
f 2793/3766/2793 2984/3810/2984 2971/3923/2971 2809/3767/2809
f 3470/3751/3470 2805/3750/2805 2970/3774/2970 3473/3920/3473
f 2768/3709/2768 2767/3708/2767 2993/3918/2993 2992/3746/2992
f 2770/3713/2770 2891/3712/2891 2994/3860/2994 2962/3859/2962
f 3062/3864/3062 3064/3815/3064 2976/3818/2976 2928/3865/2928
f 2924/3869/2924 2905/3868/2905 2984/3810/2984 2972/3763/2972
f 2900/3871/2900 2979/3783/2979 2978/3808/2978 2899/3872/2899
f 2899/3872/2899 2978/3808/2978 2977/3805/2977 2898/3874/2898
f 2898/3874/2898 2977/3805/2977 2980/3807/2980 2901/3876/2901
f 2907/3880/2907 2906/3879/2906 2985/3762/2985 2986/3797/2986
f 2918/3882/2918 2907/3880/2907 2986/3797/2986 2966/3796/2966
f 2919/3886/2919 2915/3885/2915 2963/3788/2963 2967/3785/2967
f 2917/3889/2917 2902/3888/2902 2981/3794/2981 2965/3792/2965
f 2920/3893/2920 2916/3892/2916 2964/3784/2964 2968/3780/2968
f 2917/3889/2917 2965/3792/2965 2987/1807/2987 1125/3894/1125
f 2915/3885/2915 2918/3897/2918 2966/3789/2966 2963/3788/2963
f 2916/3892/2916 2919/3886/2919 2967/3785/2967 2964/3784/2964
f 2908/3899/2908 2988/3776/2988 2979/3783/2979 2900/3871/2900
f 2921/3901/2921 2920/3893/2920 2968/3780/2968 2969/3777/2969
f 2908/3899/2908 2921/3901/2921 2969/3777/2969 2988/3776/2988
f 3283/3904/3283 2922/3903/2922 2970/3774/2970 3339/3773/3339
f 3189/3908/3189 2909/3907/2909 2989/3770/2989 3266/3769/3266
f 2927/3912/2927 2910/3911/2910 2990/3758/2990 2975/3753/2975
f 2906/3879/2906 2924/3869/2924 2972/3763/2972 2985/3762/2985
f 2910/3911/2910 2925/3914/2925 2973/3759/2973 2990/3758/2990
f 2911/3917/2911 2926/3916/2926 2974/3752/2974 2991/3756/2991
f 2926/3916/2926 2927/3912/2927 2975/3753/2975 2974/3752/2974
f 3070/3933/3070 3069/3932/3069 2605/3525/2605 2609/3524/2609
f 3071/3934/3071 3070/3933/3070 2609/3524/2609 2606/3527/2606
f 3072/3935/3072 3071/3934/3071 2606/3527/2606 2629/3533/2629
f 3079/3936/3079 3078/3937/3078 3001/3938/3001 3002/3939/3002
f 3078/3937/3078 3077/3940/3077 3000/3941/3000 3001/3938/3001
f 3077/3940/3077 3076/3942/3076 2999/3943/2999 3000/3941/3000
f 3076/3942/3076 3075/3944/3075 2998/3945/2998 2999/3943/2999
f 3075/3944/3075 3074/3946/3074 2997/3947/2997 2998/3945/2998
f 3074/3946/3074 3073/3948/3073 2996/3949/2996 2997/3947/2997
f 3073/3948/3073 1697/1972/1697 2995/1971/2995 2996/3949/2996
f 3072/3935/3072 2629/3533/2629 2607/3532/2607 3061/3950/3061
f 3002/3939/3002 3072/3935/3072 3061/3950/3061 2897/3951/2897
f 3002/3939/3002 3001/3938/3001 3071/3934/3071 3072/3935/3072
f 3001/3938/3001 3000/3941/3000 3070/3933/3070 3071/3934/3071
f 3000/3941/3000 2999/3943/2999 3069/3932/3069 3070/3933/3070
f 2914/3919/2914 2993/3918/2993 3064/3815/3064 3062/3864/3062
f 2999/3943/2999 2998/3945/2998 3068/3931/3068 3069/3932/3069
f 2998/3945/2998 2997/3947/2997 3067/3929/3067 3068/3931/3068
f 2782/3744/2782 2945/3743/2945 3063/3863/3063 3056/3821/3056
f 2997/3947/2997 2996/3949/2996 3066/3928/3066 3067/3929/3067
f 2996/3949/2996 2995/1971/2995 3065/1949/3065 3066/3928/3066
f 2945/3743/2945 2914/3919/2914 3062/3864/3062 3063/3863/3063
f 2607/3534/2607 1739/2189/1739 3009/2194/3009 3061/3857/3061
f 2832/2734/2832 2022/2735/2022 1715/2398/1715 2833/2760/2833
f 2817/1836/2817 2815/3819/2815 3058/3820/3058 3059/1839/3059
f 2815/3819/2815 2782/3744/2782 3056/3821/3056 3058/3820/3058
f 2993/3918/2993 2767/3708/2767 3057/3816/3057 3064/3815/3064
f 3164/3735/3164 2779/3736/2779 3055/3812/3055 3180/3811/3180
f 2779/3728/2779 2776/3723/2776 3054/3721/3054 3055/3726/3055
f 2776/3723/2776 2754/3720/2754 3053/3686/3053 3054/3721/3054
f 1858/3719/1858 3020/2546/3020 3053/3686/3053 2754/3720/2754
f 1976/2107/1976 3031/2106/3031 3033/2694/3033 1994/2205/1994
f 1749/3014/1749 2216/3013/2216 3052/2221/3052 3036/2223/3036
f 1860/3007/1860 3022/2678/3022 3051/2679/3051 2208/3008/2208
f 2826/2420/2826 1862/2423/1862 1837/2754/1837 2834/2753/2834
f 1801/2338/1801 3011/2337/3011 3050/2334/3050 2135/2336/2135
f 2102/2852/2102 2146/2849/2146 3049/2848/3049 3045/2850/3045
f 2876/2907/2876 3060/2900/3060 3015/2340/3015 1811/2339/1811
f 1837/2754/1837 3043/2862/3043 3028/2695/3028 1851/2428/1851
f 2099/2840/2099 2111/2839/2111 3044/2843/3044 3046/2846/3046
f 2098/2838/2098 2107/2863/2107 3043/2862/3043 3048/2844/3048
f 1866/2425/1866 1867/2103/1867 3047/2102/3047 3045/2850/3045
f 2146/2849/2146 2101/2842/2101 3042/2847/3042 3049/2848/3049
f 2101/2842/2101 2100/2841/2100 3041/2845/3041 3042/2847/3042
f 2100/2841/2100 2099/2840/2099 3046/2846/3046 3041/2845/3041
f 2111/2839/2111 2098/2838/2098 3048/2844/3048 3044/2843/3044
f 1815/2409/1815 3040/2400/3040 3038/2721/3038 2018/2722/2018
f 1698/2738/1698 2008/3834/2008 3039/2225/3039 3038/2721/3038
f 1851/2428/1851 3028/2695/3028 3034/2671/3034 2012/2429/2012
f 1915/3837/1915 3018/2537/3018 3033/2694/3033 1995/3153/1995
f 1849/2441/1849 3026/2682/3026 3030/2586/3030 1981/2438/1981
f 1861/2531/1861 3027/2674/3027 3029/2675/3029 1850/2532/1850
f 1996/2439/1996 3032/2585/3032 3025/2633/3025 1920/2692/1920
f 2208/3008/2208 3051/2679/3051 3026/2682/3026 1849/2441/1849
f 1850/2532/1850 3029/2675/3029 3022/2678/3022 1860/3007/1860
f 2012/2429/2012 3034/2671/3034 3027/2674/3027 1861/2531/1861
f 1920/2692/1920 3025/2633/3025 3021/2551/3021 1859/2693/1859
f 3426/2414/3426 3441/2623/3441 3019/2547/3019 1856/2415/1856
f 2004/2504/2004 3032/2585/3032 3030/2586/3030 1982/2505/1982
f 1859/2693/1859 3021/2551/3021 3024/2554/3024 1855/3003/1855
f 1856/2415/1856 3019/2547/3019 3023/2550/3023 1857/2435/1857
f 3396/2973/3396 3411/2543/3411 3020/2546/3020 1858/3719/1858
f 1745/3005/1745 3008/2208/3008 3018/2537/3018 1915/3837/1915
f 1723/2521/1723 3006/2518/3006 3017/2191/3017 1898/2188/1898
f 1798/2322/1798 3010/2331/3010 3016/2324/3016 1853/2319/1853
f 1797/2320/1797 3012/2327/3012 3040/2400/3040 1815/2409/1815
f 1806/2914/1806 3011/2337/3011 3015/2340/3015 1812/2902/1812
f 2135/2336/2135 3050/2334/3050 3014/2332/3014 1800/2323/1800
f 1800/2323/1800 3014/2332/3014 3013/2328/3013 1799/2321/1799
f 1799/2321/1799 3013/2328/3013 3010/2331/3010 1798/2322/1798
f 1853/2319/1853 3016/2324/3016 3012/2327/3012 1797/2320/1797
f 2008/3834/2008 1757/3833/1757 3035/2141/3035 3039/2225/3039
f 1699/3015/1699 1749/3014/1749 3036/2223/3036 3037/2142/3037
f 2216/3013/2216 1700/3843/1700 3003/2105/3003 3052/2221/3052
f 1716/3001/1716 3004/2148/3004 3008/2208/3008 1745/3005/1745
f 1898/2188/1898 3017/2191/3017 3009/2194/3009 1739/2189/1739
f 3388/3847/3388 3412/2153/3412 3005/2149/3005 1718/3848/1718
f 1718/3848/1718 3005/2149/3005 3007/2152/3007 1717/3851/1717
f 3422/3000/3422 3442/2145/3442 3004/2148/3004 1716/3001/1716
f 1757/3833/1757 1699/3015/1699 3037/2142/3037 3035/2141/3035
f 1700/3843/1700 1973/3152/1973 3031/2106/3031 3003/2105/3003
f 2785/3822/2785 1696/1841/1696 1697/1972/1697 3073/3948/3073
f 2784/3824/2784 2785/3822/2785 3073/3948/3073 3074/3946/3074
f 2947/3826/2947 2784/3824/2784 3074/3946/3074 3075/3944/3075
f 2912/3862/2912 2947/3826/2947 3075/3944/3075 3076/3942/3076
f 2962/3859/2962 2912/3862/2912 3076/3942/3076 3077/3940/3077
f 2770/3713/2770 2962/3859/2962 3077/3940/3077 3078/3937/3078
f 2769/3714/2769 2770/3713/2770 3078/3937/3078 3079/3936/3079
f 1740/2193/1740 1899/2192/1899 3081/3952/3081 3080/3953/3080
f 2897/3858/2897 1740/2193/1740 3080/3953/3080 3082/3954/3082
f 3079/3936/3079 3002/3939/3002 2897/3951/2897 3082/3955/3082
f 3081/3952/3081 1899/2192/1899 1719/2519/1719 2771/3688/2771
f 2762/3856/2762 2769/3714/2769 3079/3936/3079 3082/3955/3082
f 3090/3956/3090 3087/3957/3087 2758/3958/2758 2762/3959/2762
f 2772/3716/2772 2755/3696/2755 3083/3695/3083 3086/3960/3086
f 3088/3739/3088 2761/3961/2761 2889/3962/2889 3089/3740/3089
f 3089/3963/3089 3087/3957/3087 3083/3695/3083 3085/3694/3085
f 3081/3952/3081 2771/3688/2771 2772/3716/2772 3086/3960/3086
f 2889/3964/2889 2758/3958/2758 3087/3957/3087 3089/3963/3089
f 3086/3960/3086 3083/3695/3083 3087/3957/3087 3090/3956/3090
f 3080/3953/3080 3081/3952/3081 3086/3960/3086 3090/3956/3090
f 3082/3954/3082 3080/3953/3080 3090/3956/3090 2762/3959/2762
f 3084/3965/3084 2757/3966/2757 3094/3967/3094 3097/3968/3097
f 3091/3969/3091 3092/3970/3092 3100/3971/3100 3099/3972/3099
f 2760/3973/2760 2761/3974/2761 3096/3975/3096 3095/3976/3095
f 3181/3977/3181 3182/3978/3182 3100/3979/3100 3092/3980/3092
f 3088/3981/3088 3084/3965/3084 3097/3968/3097 3098/3982/3098
f 2761/3974/2761 3088/3981/3088 3098/3982/3098 3096/3975/3096
f 3101/3983/3101 3091/3969/3091 3099/3972/3099 3102/3984/3102
f 2757/3966/2757 2756/3985/2756 3093/3986/3093 3094/3967/3094
f 3162/3732/3162 2763/3703/2763 2760/3702/2760 3181/3987/3181
f 2778/3725/2778 2781/3730/2781 3092/3988/3092 3091/3989/3091
f 2756/3985/2756 3101/3983/3101 3102/3984/3102 3093/3986/3093
f 1929/2549/1929 3451/2564/3451 3475/2557/3475 3402/2544/3402
f 3091/3989/3091 3101/3017/3101 2759/3019/2759 2778/3725/2778
f 3095/3976/3095 3096/3975/3096 3106/3990/3106 3105/3991/3105
f 3102/3984/3102 3099/3972/3099 3109/3992/3109 3111/3993/3111
f 3096/3975/3096 3098/3982/3098 3108/3994/3108 3106/3990/3106
f 3093/3986/3093 3102/3984/3102 3111/3993/3111 3103/3995/3103
f 3099/3972/3099 3100/3971/3100 3110/3996/3110 3109/3992/3109
f 3097/3968/3097 3094/3967/3094 3104/3997/3104 3107/3998/3107
f 3094/3967/3094 3093/3986/3093 3103/3995/3103 3104/3997/3104
f 3182/3978/3182 3183/3999/3183 3110/4000/3110 3100/3979/3100
f 3098/3982/3098 3097/3968/3097 3107/3998/3107 3108/3994/3108
f 3109/3992/3109 3110/3996/3110 3119/4001/3119 3118/4002/3118
f 3107/3998/3107 3104/3997/3104 3113/4003/3113 3116/4004/3116
f 3104/3997/3104 3103/3995/3103 3112/4005/3112 3113/4003/3113
f 3183/3999/3183 3184/4006/3184 3119/4007/3119 3110/4000/3110
f 3108/3994/3108 3107/3998/3107 3116/4004/3116 3117/4008/3117
f 3105/3991/3105 3106/3990/3106 3115/4009/3115 3114/4010/3114
f 3103/3995/3103 3111/3993/3111 3120/4011/3120 3112/4005/3112
f 3111/3993/3111 3109/3992/3109 3118/4002/3118 3120/4011/3120
f 3106/3990/3106 3108/3994/3108 3117/4008/3117 3115/4009/3115
f 3120/4011/3120 3118/4002/3118 3127/4012/3127 3129/4013/3129
f 3115/4009/3115 3117/4008/3117 3126/4014/3126 3124/4015/3124
f 3118/4002/3118 3119/4001/3119 3128/4016/3128 3127/4012/3127
f 3116/4004/3116 3113/4003/3113 3122/4017/3122 3125/4018/3125
f 3113/4003/3113 3112/4005/3112 3121/4019/3121 3122/4017/3122
f 3184/4006/3184 3185/4020/3185 3128/4021/3128 3119/4007/3119
f 3117/4008/3117 3116/4004/3116 3125/4018/3125 3126/4014/3126
f 3114/4010/3114 3115/4009/3115 3124/4015/3124 3123/4022/3123
f 3112/4005/3112 3120/4011/3120 3129/4013/3129 3121/4019/3121
f 3126/4014/3126 3125/4018/3125 3134/4023/3134 3135/4024/3135
f 3123/4022/3123 3124/4015/3124 3133/4025/3133 3132/4026/3132
f 3121/4019/3121 3129/4013/3129 3138/4027/3138 3130/4028/3130
f 3129/4013/3129 3127/4012/3127 3136/4029/3136 3138/4027/3138
f 3124/4015/3124 3126/4014/3126 3135/4024/3135 3133/4025/3133
f 3127/4012/3127 3128/4016/3128 3137/4030/3137 3136/4029/3136
f 3125/4018/3125 3122/4017/3122 3131/4031/3131 3134/4023/3134
f 3122/4017/3122 3121/4019/3121 3130/4028/3130 3131/4031/3131
f 3185/4020/3185 3186/4032/3186 3137/4033/3137 3128/4021/3128
f 3134/4034/3134 3131/4035/3131 3140/4036/3140 3143/4037/3143
f 3131/4035/3131 3130/4038/3130 3139/4039/3139 3140/4036/3140
f 3186/4040/3186 3187/4041/3187 3146/4042/3146 3137/4043/3137
f 3135/4044/3135 3134/4034/3134 3143/4037/3143 3144/4045/3144
f 3132/4046/3132 3133/4047/3133 3142/4048/3142 3141/4049/3141
f 3130/4038/3130 3138/4050/3138 3147/4051/3147 3139/4039/3139
f 3138/4050/3138 3136/4052/3136 3145/4053/3145 3147/4051/3147
f 3133/4047/3133 3135/4044/3135 3144/4045/3144 3142/4048/3142
f 3136/4052/3136 3137/4043/3137 3146/4042/3146 3145/4053/3145
f 3142/4048/3142 3146/4042/3146 3187/4041/3187 3141/4049/3141
f 3147/4051/3147 3145/4053/3145 3144/4045/3144 3143/4037/3143
f 3144/4045/3144 3145/4053/3145 3146/4042/3146 3142/4048/3142
f 3132/4046/3132 3141/4049/3141 3187/4041/3187 3186/4040/3186
f 3123/4022/3123 3132/4026/3132 3186/4032/3186 3185/4020/3185
f 3114/4010/3114 3123/4022/3123 3185/4020/3185 3184/4006/3184
f 3105/3991/3105 3114/4010/3114 3184/4006/3184 3183/3999/3183
f 3095/3976/3095 3105/3991/3105 3183/3999/3183 3182/3978/3182
f 2781/3733/2781 3162/3732/3162 3181/3987/3181 3092/4054/3092
f 2760/3973/2760 3095/3976/3095 3182/3978/3182 3181/3977/3181
f 2767/3708/2767 3164/3735/3164 3180/3811/3180 3057/3816/3057
f 3057/3816/3057 3180/3811/3180 3161/3814/3161 2814/3817/2814
f 2291/4055/2291 3170/3804/3170 3171/3800/3171 2290/4056/2290
f 2292/3210/2292 3169/3209/3169 3170/3804/3170 2291/4055/2291
f 2290/4056/2290 3171/3800/3171 3168/3130/3168 2288/3129/2288
f 2711/3643/2711 3156/3768/3156 3179/3658/3179 2705/3661/2705
f 2237/2317/2237 3172/2316/3172 3156/3768/3156 2711/3643/2711
f 3469/4057/3469 2708/3630/2708 3155/3629/3155 3474/3749/3474
f 2767/3708/2767 2765/3706/2765 3163/3731/3163 3164/3735/3164
f 2765/3706/2765 2763/3703/2763 3162/3732/3162 3163/3731/3163
f 2812/3755/2812 2813/3754/2813 3160/3636/3160 3159/3659/3159
f 2808/3757/2808 2812/3755/2812 3159/3659/3159 3179/3658/3179
f 2807/3761/2807 2811/3760/2811 3158/3650/3158 3178/3637/3178
f 2794/3765/2794 2810/3764/2810 3157/2315/3157 3173/3148/3173
f 2813/3754/2813 2807/3761/2807 3178/3637/3178 3160/3636/3160
f 3262/3772/3262 2806/3771/2806 3177/3633/3177 3267/3632/3267
f 3335/3775/3335 2805/3750/2805 3155/3629/3155 3340/3628/3340
f 2802/3779/2802 2804/3778/2804 3154/3422/3154 3176/3417/3176
f 2804/3778/2804 2803/3781/2803 3153/3237/3153 3154/3422/3154
f 2802/3779/2802 3176/3417/3176 3167/3119/3167 2788/3782/2788
f 2797/3787/2797 2801/3786/2801 3152/3167/3152 3149/3238/3149
f 2796/3791/2796 2800/3790/2800 3151/3390/3151 3148/3168/3148
f 2799/3793/2799 3150/3208/3150 3175/1275/3175 2798/1808/2798
f 2803/3781/2803 2797/3787/2797 3149/3238/3149 3153/3237/3153
f 2799/3793/2799 2790/3795/2790 3169/3209/3169 3150/3208/3150
f 2801/3786/2801 2796/3791/2796 3148/3168/3148 3152/3167/3152
f 2800/3799/2800 2795/3798/2795 3174/3147/3174 3151/3157/3151
f 2795/3798/2795 2794/3765/2794 3173/3148/3173 3174/3147/3174
f 2786/3806/2786 3165/3126/3165 3168/3130/3168 2789/3802/2789
f 2787/3809/2787 3166/3122/3166 3165/3126/3165 2786/3806/2786
f 2788/3782/2788 3167/3119/3167 3166/3122/3166 2787/3809/2787
f 2810/3764/2810 2793/3766/2793 3172/2316/3172 3157/2315/3157
f 3139/4039/3139 3147/4051/3147 3143/4037/3143 3140/4036/3140
f 2679/2081/2679 2401/1558/2401 2433/3315/2433 2434/3318/2434
f 2434/3318/2434 2432/3317/2432 681/3930/681 2679/2081/2679
f 2811/3760/2811 3262/3772/3262 3267/3632/3267 3158/3650/3158
f 2925/3914/2925 3189/3908/3189 3266/3769/3266 2973/3759/2973
f 2729/3653/2729 3260/3615/3260 3265/3905/3265 2958/3913/2958
f 2958/3913/2958 3265/3905/3265 3189/3908/3189 2925/3914/2925
f 2973/3759/2973 3266/3769/3266 3262/3772/3262 2811/3760/2811
f 2744/3666/2744 3261/3671/3261 3263/3654/3263 2743/3657/2743
f 2730/3665/2730 3254/3668/3254 3261/3671/3261 2744/3666/2744
f 2743/3657/2743 3263/3654/3263 3216/2590/3216 1938/2589/1938
f 3158/3650/3158 3267/3632/3267 3254/3635/3254 2730/3651/2730
f 2728/3652/2728 1695/1663/1695 1408/3619/1408 3257/3616/3257
f 2729/3653/2729 2728/3652/2728 3257/3616/3257 3260/3615/3260
f 2582/3485/2582 2626/3477/2626 3259/3490/3259 3252/3500/3252
f 1889/2215/1889 3204/2220/3204 3190/3539/3190 2583/3551/2583
f 2584/1455/2584 2586/3471/2586 3253/3486/3253 3192/1488/3192
f 2585/3482/2585 2582/3485/2582 3252/3500/3252 3256/3497/3256
f 2587/3479/2587 2581/3483/2581 3258/3496/3258 3255/3494/3255
f 2581/3483/2581 2585/3482/2585 3256/3497/3256 3258/3496/3258
f 2580/3473/2580 2587/3479/2587 3255/3494/3255 3191/3487/3191
f 2626/3477/2626 2583/3476/2583 3190/3491/3190 3259/3490/3259
f 2586/3471/2586 2580/3473/2580 3191/3487/3191 3253/3486/3253
f 1708/2236/1708 2218/2234/2218 3251/2239/3251 3200/2705/3200
f 1968/2653/1968 3219/2642/3219 3250/2643/3250 2212/2656/2212
f 2105/2094/2105 2106/2851/2106 2876/4058/2876 2877/2095/2877
f 2879/4059/2879 1808/2347/1808 3207/2793/3207 3264/2918/3264
f 2067/2791/2067 3199/2790/3199 3248/2289/3248 2144/2795/2144
f 2126/2893/2126 2149/2917/2149 3247/2812/3247 3195/2891/3195
f 2127/2899/2127 2125/2885/2125 3244/2874/3244 3232/2803/3232
f 2087/2856/2087 2103/2412/2103 3241/2411/3241 3195/2891/3195
f 2115/2865/2115 2120/2876/2120 3243/2877/3243 3242/2864/3242
f 2124/2879/2124 3243/2877/3243 3245/2870/3245 2123/2880/2123
f 2125/2885/2125 2122/2884/2122 3238/2873/3238 3244/2874/3244
f 2123/2880/2123 3245/2870/3245 3238/2873/3238 2122/2884/2122
f 2116/2866/2116 2047/2869/2047 3194/2743/3194 3242/2864/3242
f 2130/2890/2130 2132/2889/2132 3246/2802/3246 3240/2807/3240
f 2149/2917/2149 2129/2897/2129 3239/2810/3239 3247/2812/3247
f 2129/2897/2129 2128/2896/2128 3237/2806/3237 3239/2810/3239
f 2128/2896/2128 2130/2890/2130 3240/2807/3240 3237/2806/3237
f 2132/2889/2132 2127/2899/2127 3232/2803/3232 3246/2802/3246
f 2068/2800/2068 3202/2282/3202 3234/2774/3234 2066/2783/2066
f 1786/2346/1786 3199/2790/3199 3207/2793/3207 1808/2347/1808
f 2053/2756/2053 3231/2755/3231 3233/2777/3233 2061/2776/2061
f 2065/2781/2065 2064/2780/2064 3235/2770/3235 3233/2777/3233
f 2066/2783/2066 3234/2774/3234 3196/2771/3196 2063/2784/2063
f 2064/2780/2064 2063/2784/2063 3196/2771/3196 3235/2770/3235
f 2054/2759/2054 3231/2755/3231 3230/2740/3230 2049/2739/2049
f 2182/2699/2182 3249/2698/3249 3194/2743/3194 2047/2869/2047
f 2021/2718/2021 3223/2715/3223 3230/2740/3230 2051/2757/2051
f 2021/2718/2021 2006/2238/2006 3229/2707/3229 3223/2715/3223
f 2006/2238/2006 1707/2136/1707 3201/2129/3201 3229/2707/3229
f 1702/2135/1702 1708/2236/1708 3200/2705/3200 3188/2130/3188
f 2016/2648/2016 2181/2741/2181 3249/2698/3249 3226/2635/3226
f 1912/2540/1912 3211/2542/3211 3228/2202/3228 1992/2201/1992
f 1967/2657/1967 3220/2646/3220 3221/2572/3221 1985/2571/1985
f 1969/2649/1969 3217/2638/3217 3224/2639/3224 1971/2652/1971
f 2005/2570/2005 3227/2569/3227 3222/2627/3222 1926/2630/1926
f 2212/2656/2212 3250/2643/3250 3220/2646/3220 1967/2657/1967
f 1971/2652/1971 3224/2639/3224 3219/2642/3219 1968/2653/1968
f 2016/2648/2016 3226/2635/3226 3217/2638/3217 1969/2649/1969
f 1926/2630/1926 3222/2627/3222 3215/2595/3215 1955/2582/1955
f 3432/2620/3432 3443/2617/3443 3218/2591/3218 1944/2578/1944
f 1955/2582/1955 3215/2595/3215 3209/2598/3209 1937/2583/1937
f 1944/2578/1944 3218/2591/3218 3214/2594/3214 1936/2579/1936
f 3406/2574/3406 3413/2587/3413 3216/2590/3216 1935/2575/1935
f 2001/2685/2001 3227/2569/3227 3221/2572/3221 1983/2686/1983
f 1742/2211/1742 3197/2500/3197 3211/2542/3211 1912/2540/1912
f 1888/2515/1888 3208/2512/3208 3213/2217/3213 1909/2214/1909
f 1741/2488/1741 3197/2500/3197 3210/2499/3210 1890/2498/1890
f 3421/2166/3421 3444/2496/3444 3210/2499/3210 1728/2167/1728
f 1730/2170/1730 3193/2493/3193 3212/2495/3212 1729/2171/1729
f 3392/2174/3392 3414/2490/3414 3193/2493/3193 1730/2170/1730
f 2071/2787/2071 3206/2286/3206 3236/2279/3236 2073/2788/2073
f 2144/2795/2144 3248/2289/3248 3205/2287/3205 2070/2796/2070
f 2070/2796/2070 3205/2287/3205 3203/2283/3203 2069/2798/2069
f 2069/2798/2069 3203/2283/3203 3206/2286/3206 2071/2787/2071
f 2073/2788/2073 3236/2279/3236 3202/2282/3202 2068/2800/2068
f 2218/2234/2218 1709/2116/1709 3198/2117/3198 3251/2239/3251
f 1909/2214/1909 3213/2217/3213 3204/2220/3204 1889/2215/1889
f 1975/2119/1975 3225/2118/3225 3228/2202/3228 1991/2525/1991
f 1707/2136/1707 1702/2135/1702 3188/2130/3188 3201/2129/3201
f 1709/2116/1709 1977/2115/1977 3225/2118/3225 3198/2117/3198
f 2806/3771/2806 3335/3775/3335 3340/3628/3340 3177/3633/3177
f 2909/3907/2909 3283/3904/3283 3339/3773/3339 2989/3770/2989
f 2696/3618/2696 3333/3620/3333 3338/3902/3338 2941/3906/2941
f 2941/3906/2941 3338/3902/3338 3283/3904/3283 2909/3907/2909
f 2106/2851/2106 3047/2102/3047 3060/2101/3060 2876/4058/2876
f 2989/3770/2989 3339/3773/3339 3335/3775/3335 2806/3771/2806
f 2741/3655/2741 2742/3670/2742 3336/3646/3336 3334/3672/3334
f 1935/2575/1935 2741/3655/2741 3334/3672/3334 3297/2576/3297
f 2742/3670/2742 2707/3669/2707 3270/3647/3270 3336/3646/3336
f 3177/3633/3177 3340/3628/3340 3270/3631/3270 2707/3634/2707
f 2698/3617/2698 2697/1623/2697 3276/1630/3276 3315/3621/3315
f 2696/3618/2696 2698/3617/2698 3315/3621/3315 3333/3620/3333
f 2590/3501/2590 2627/3493/2627 3332/3502/3332 3323/3514/3323
f 1737/2219/1737 3279/2198/3279 3316/3537/3316 2591/3538/2591
f 2594/3489/2594 2588/3488/2588 3328/3506/3328 3331/3516/3331
f 2592/1489/2592 2594/3489/2594 3331/3516/3331 3274/1504/3274
f 2593/3498/2593 2590/3501/2590 3323/3514/3323 3329/3511/3329
f 2595/3495/2595 2589/3499/2589 3330/3510/3330 3327/3507/3327
f 2589/3499/2589 2593/3498/2593 3329/3511/3329 3330/3510/3330
f 2588/3488/2588 2595/3495/2595 3327/3507/3327 3328/3506/3328
f 2627/3493/2627 2591/3492/2591 3316/3503/3316 3332/3502/3332
f 2020/2720/2020 3306/2717/3306 3314/2752/3314 2050/2748/2050
f 1746/2230/1746 2219/2228/2219 3326/2233/3326 3286/2235/3286
f 1963/2665/1963 3302/2654/3302 3325/2655/3325 2211/2668/2211
f 2015/2660/2015 2183/2745/2183 3324/2744/3324 3309/2647/3309
f 1786/2346/1786 3278/2345/3278 3322/2301/3322 2134/2290/2134
f 2087/2856/2087 2145/2813/2145 3321/2824/3321 3313/2855/3313
f 2879/4059/2879 3337/2905/3337 3292/2348/3292 1808/2347/1808
f 2115/2865/2115 2046/2742/2046 3273/2747/3273 3319/2858/3319
f 2084/2808/2084 2108/2805/2108 3320/2814/3320 3272/2819/3272
f 2083/2804/2083 2115/2865/2115 3319/2858/3319 3291/2815/3291
f 2092/2854/2092 2104/2090/2104 3318/2089/3318 3313/2855/3313
f 2145/2813/2145 2086/2811/2086 3271/2822/3271 3321/2824/3321
f 2086/2811/2086 2085/2809/2085 3317/2818/3317 3271/2822/3271
f 2085/2809/2085 2084/2808/2084 3272/2819/3272 3317/2818/3317
f 2108/2805/2108 2083/2804/2083 3291/2815/3291 3320/2814/3320
f 2053/2756/2053 3293/2380/3293 3314/2752/3314 2051/2757/2051
f 2181/2741/2181 3324/2744/3324 3273/2747/3273 2046/2742/2046
f 2020/2720/2020 2023/2232/2023 3312/2237/3312 3306/2717/3306
f 1913/2538/1913 3294/2541/3294 3311/2204/3311 1993/2203/1993
f 2005/2570/2005 3310/2684/3310 3304/2687/3304 1985/2571/1985
f 1962/2669/1962 3303/2658/3303 3304/2687/3304 1984/2688/1984
f 1964/2661/1964 3300/2650/3300 3307/2651/3307 1970/2664/1970
f 2002/2683/2002 3310/2684/3310 3305/2629/3305 1927/2632/1927
f 2211/2668/2211 3325/2655/3325 3303/2658/3303 1962/2669/1962
f 1970/2664/1970 3307/2651/3307 3302/2654/3302 1963/2665/1963
f 2015/2660/2015 3309/2647/3309 3300/2650/3300 1964/2661/1964
f 1927/2632/1927 3305/2629/3305 3298/2581/3298 1952/2566/1952
f 3435/2622/3435 3445/2619/3445 3301/2577/3301 1947/2562/1947
f 1952/2566/1952 3298/2581/3298 3289/2584/3289 1934/2567/1934
f 1947/2562/1947 3301/2577/3301 3299/2580/3299 1933/2563/1933
f 3403/2558/3403 3415/2573/3415 3297/2576/3297 1932/2559/1932
f 1743/2209/1743 3284/2212/3284 3294/2541/3294 1913/2538/1913
f 1731/2513/1731 3282/2516/3282 3296/2195/3296 1902/2218/1902
f 1783/2285/1783 3288/2298/3288 3295/2291/3295 1847/2280/1847
f 1782/2281/1782 3277/2294/3277 3293/2380/3293 2053/2756/2053
f 1791/2342/1791 3278/2345/3278 3292/2348/3292 1809/2343/1809
f 2134/2290/2134 3322/2301/3322 3285/2299/3285 1785/2288/1785
f 1785/2288/1785 3285/2299/3285 3290/2295/3290 1784/2284/1784
f 1784/2284/1784 3290/2295/3290 3288/2298/3288 1783/2285/1783
f 1847/2280/1847 3295/2291/3295 3277/2294/3277 1782/2281/1782
f 2023/2232/2023 1712/2140/1712 3287/2133/3287 3312/2237/3312
f 1703/2139/1703 1746/2230/1746 3286/2235/3286 3269/2134/3269
f 2219/2228/2219 1747/2112/1747 3275/2113/3275 3326/2233/3326
f 1724/2157/1724 3281/2168/3281 3284/2212/3284 1743/2209/1743
f 1977/2115/1977 3308/2114/3308 3311/2204/3311 1992/2201/1992
f 1902/2218/1902 3296/2195/3296 3279/2198/3279 1737/2219/1737
f 3389/2164/3389 3416/2173/3416 3280/2169/3280 1726/2160/1726
f 1726/2160/1726 3280/2169/3280 3268/2172/3268 1725/2161/1725
f 3418/2156/3418 3446/2165/3446 3281/2168/3281 1724/2157/1724
f 1712/2140/1712 1703/2139/1703 3269/2134/3269 3287/2133/3287
f 1747/2112/1747 1974/2111/1974 3308/2114/3308 3275/2113/3275
f 2598/3515/2598 2628/3505/2628 3386/3530/3386 3343/3526/3343
f 1738/2197/1738 3345/2190/3345 3341/3535/3341 2599/3536/2599
f 2628/3505/2628 2599/3504/2599 3341/3531/3341 3386/3530/3386
f 2602/3517/2602 2596/3509/2596 3383/3518/3383 3385/3528/3385
f 2600/1505/2600 2602/3517/2602 3385/3528/3385 3347/1518/3347
f 2601/3512/2601 2598/3515/2598 3343/3526/3343 3369/3523/3369
f 2603/3508/2603 2597/3513/2597 3384/3522/3384 3361/3519/3361
f 2597/3513/2597 2601/3512/2601 3369/3523/3369 3384/3522/3384
f 2596/3509/2596 2603/3508/2603 3361/3519/3361 3383/3518/3383
f 1754/2224/1754 2221/2222/2221 3382/2227/3382 3351/2229/3351
f 1791/2342/1791 3359/2341/3359 3381/2313/3381 2136/2302/2136
f 2092/2854/2092 2147/2825/2147 3380/2836/3380 3353/2853/3353
f 2878/2906/2878 3387/2903/3387 3364/2344/3364 1809/2343/1809
f 2045/2746/2045 3348/2750/3348 3379/2860/3379 2114/2859/2114
f 2089/2820/2089 2110/2817/2110 3378/2826/3378 3375/2831/3375
f 2088/2816/2088 2114/2859/2114 3379/2860/3379 3374/2827/3374
f 2097/2857/2097 2105/2094/2105 3377/2093/3377 3353/2853/3353
f 2147/2825/2147 2091/2823/2091 3376/2834/3376 3380/2836/3380
f 2091/2823/2091 2090/2821/2090 3349/2830/3349 3376/2834/3376
f 2090/2821/2090 2089/2820/2089 3375/2831/3375 3349/2830/3349
f 2110/2817/2110 2088/2816/2088 3374/2827/3374 3378/2826/3378
f 2052/2379/2052 3373/2382/3373 3372/2749/3372 2050/2748/2050
f 2018/2722/2018 3357/2719/3357 3372/2749/3372 2048/2751/2048
f 2018/2722/2018 2025/2226/2025 3371/2231/3371 3357/2719/3357
f 1914/2536/1914 3365/2539/3365 3370/2206/3370 1994/2205/1994
f 1744/2207/1744 3358/2210/3358 3365/2539/3365 1914/2536/1914
f 1727/2517/1727 3354/2520/3354 3367/2187/3367 1900/2196/1900
f 1788/2297/1788 3362/2310/3362 3366/2303/3366 1852/2292/1852
f 1787/2293/1787 3360/2306/3360 3373/2382/3373 2052/2379/2052
f 1796/2359/1796 3359/2341/3359 3364/2344/3364 1810/2360/1810
f 2136/2302/2136 3381/2313/3381 3363/2311/3363 1790/2300/1790
f 1790/2300/1790 3363/2311/3363 3344/2307/3344 1789/2296/1789
f 1789/2296/1789 3344/2307/3344 3362/2310/3362 1788/2297/1788
f 1852/2292/1852 3366/2303/3366 3360/2306/3360 1787/2293/1787
f 2025/2226/2025 1753/2144/1753 3352/2137/3352 3371/2231/3371
f 1710/2143/1710 1754/2224/1754 3351/2229/3351 3342/2138/3342
f 2221/2222/2221 1755/2108/1755 3346/2109/3346 3382/2227/3382
f 1720/2147/1720 3356/2158/3356 3358/2210/3358 1744/2207/1744
f 1974/2111/1974 3368/2110/3368 3370/2206/3370 1993/2203/1993
f 1900/2196/1900 3367/2187/3367 3345/2190/3345 1738/2197/1738
f 3391/2154/3391 3417/2163/3417 3350/2159/3350 1722/2150/1722
f 1722/2150/1722 3350/2159/3350 3355/2162/3355 1721/2151/1721
f 3420/2146/3420 3447/2155/3447 3356/2158/3356 1720/2147/1720
f 1753/2144/1753 1710/2143/1710 3342/2138/3342 3352/2137/3352
f 1755/2108/1755 1976/2107/1976 3368/2110/3368 3346/2109/3346
f 1858/3719/1858 2773/3693/2773 2893/3692/2893 2830/4060/2830
f 1723/2521/1723 3354/2520/3354 3417/2163/3417 3391/2154/3391
f 1727/2517/1727 3282/2516/3282 3416/2173/3416 3389/2164/3389
f 1933/2563/1933 3299/2580/3299 3415/2573/3415 3403/2558/3403
f 1731/2513/1731 3208/2512/3208 3414/2490/3414 3392/2174/3392
f 1936/2579/1936 3214/2594/3214 3413/2587/3413 3406/2574/3406
f 1719/2519/1719 3006/2518/3006 3412/2153/3412 3388/3847/3388
f 1857/2435/1857 3023/2550/3023 3411/2543/3411 3396/2973/3396
f 1719/2519/1719 3388/3847/3388 3410/3850/3410 2830/3689/2830
f 1888/2515/1888 2854/2514/2854 3409/2199/3409 3400/2491/3400
f 1939/2593/1939 2194/2610/2194 3408/2603/3408 3405/2588/3405
f 2830/4060/2830 3410/2972/3410 3396/2973/3396 1858/3719/1858
f 1872/2450/1872 3398/2454/3398 3407/2725/3407 2028/2728/2028
f 2028/2728/2028 3407/2725/3407 3404/2604/3404 1942/2609/1942
f 2194/2610/2194 1942/2609/1942 3404/2604/3404 3408/2603/3408
f 3214/2594/3214 1939/2593/1939 3405/2588/3405 3413/2587/3413
f 3299/2580/3299 1936/2579/1936 3406/2574/3406 3415/2573/3415
f 3451/2564/3451 1933/2563/1933 3403/2558/3403 3475/2557/3475
f 3023/2550/3023 1929/2549/1929 3402/2544/3402 3411/2543/3411
f 1885/2461/1885 1895/2479/1895 3401/2485/3401 3397/2502/3397
f 1772/2462/1772 1885/2461/1885 3397/2502/3397 3393/2501/3393
f 3208/2512/3208 1888/2515/1888 3400/2491/3400 3414/2490/3414
f 1895/2479/1895 1879/2458/1879 3399/2455/3399 3401/2485/3401
f 1873/2457/1873 3398/2454/3398 3399/2455/3399 1879/2458/1879
f 1766/2249/1766 3395/2269/3395 3394/2260/3394 1760/2250/1760
f 1767/2261/1767 3395/2269/3395 3393/2271/3393 1773/2272/1773
f 1734/2184/1734 3390/2200/3390 3394/2260/3394 1761/2241/1761
f 2854/2514/2854 1735/2259/1735 3390/2200/3390 3409/2199/3409
f 3282/2516/3282 1731/2513/1731 3392/2174/3392 3416/2173/3416
f 3354/2520/3354 1727/2517/1727 3389/2164/3389 3417/2163/3417
f 3006/2518/3006 1723/2521/1723 3391/2154/3391 3412/2153/3412
f 1721/2151/1721 3355/2162/3355 3447/2155/3447 3420/2146/3420
f 1725/2161/1725 3268/2172/3268 3446/2165/3446 3418/2156/3418
f 1934/2567/1934 3289/2584/3289 3445/2619/3445 3435/2622/3435
f 1729/2171/1729 3212/2495/3212 3444/2496/3444 3421/2166/3421
f 1937/2583/1937 3209/2598/3209 3443/2617/3443 3432/2620/3432
f 1717/3851/1717 3007/2152/3007 3442/2145/3442 3422/3000/3422
f 1855/3003/1855 3024/2554/3024 3441/2623/3441 3426/2414/3426
f 1891/2494/1891 2857/2186/2857 3439/2179/3439 3430/2497/3430
f 2881/3852/2881 1717/3851/1717 3422/3000/3422 3440/2999/3440
f 1940/2597/1940 2196/2614/2196 3438/2615/3438 3434/2618/3434
f 1870/2444/1870 3427/2448/3427 3437/2729/3437 2030/2731/2030
f 2030/2731/2030 3437/2729/3437 3433/2616/3433 1943/2613/1943
f 3024/2554/3024 1930/2553/1930 3436/2624/3436 3441/2623/3441
f 3452/2568/3452 1934/2567/1934 3435/2622/3435 3476/2621/3476
f 3289/2584/3289 1937/2583/1937 3432/2620/3432 3445/2619/3445
f 3209/2598/3209 1940/2597/1940 3434/2618/3434 3443/2617/3443
f 2196/2614/2196 1943/2613/1943 3433/2616/3433 3438/2615/3438
f 1883/2470/1883 1893/2477/1893 3431/2480/3431 3428/2483/3428
f 3212/2495/3212 1891/2494/1891 3430/2497/3430 3444/2496/3444
f 1883/2470/1883 3428/2483/3428 3424/2484/3424 1774/2471/1774
f 1893/2477/1893 1877/2452/1877 3429/2449/3429 3431/2480/3431
f 1871/2451/1871 3427/2448/3427 3429/2449/3429 1877/2452/1877
f 1855/3003/1855 3426/2414/3426 3440/2417/3440 2882/3004/2882
f 1769/2255/1769 3423/2254/3423 3424/2274/3424 1775/2275/1775
f 1768/2262/1768 3423/2254/3423 3425/2243/3425 1762/2242/1762
f 1732/2181/1732 3419/2180/3419 3425/2243/3425 1763/2252/1763
f 2857/2186/2857 1733/2185/1733 3419/2180/3419 3439/2179/3439
f 3268/2172/3268 1729/2171/1729 3421/2166/3421 3446/2165/3446
f 3355/2162/3355 1725/2161/1725 3418/2156/3418 3447/2155/3447
f 3007/2152/3007 1721/2151/1721 3420/2146/3420 3442/2145/3442
f 3448/1265/3448 3449/3309/3449 2396/3311/2396 2426/1282/2426
f 2892/3691/2892 2774/3690/2774 2757/3698/2757 2888/3701/2888
f 2753/3813/2753 3469/4057/3469 3474/3749/3474 3161/3814/3161
f 2814/3817/2814 3470/3751/3470 3473/3920/3473 2976/3818/2976
f 2928/3865/2928 3471/3921/3471 3472/3683/3472 2961/3866/2961
f 2976/3818/2976 3473/3920/3473 3471/3921/3471 2928/3865/2928
f 3161/3814/3161 3474/3749/3474 3470/3751/3470 2814/3817/2814
f 2961/3866/2961 3472/3683/3472 3466/3624/3466 2702/3627/2702
f 2753/3727/2753 2752/3722/2752 3468/3681/3468 3469/3682/3469
f 2752/3722/2752 2751/3685/2751 3467/3680/3467 3468/3681/3468
f 1928/2545/1928 3453/2560/3453 3467/3680/3467 2751/3685/2751
f 2701/3622/2701 2700/1629/2700 3450/1636/3450 3465/3625/3465
f 2699/3623/2699 2701/3622/2701 3465/3625/3465 3466/3624/3466
f 1957/2677/1957 3457/2666/3457 3464/2667/3464 2209/2680/2209
f 1956/2681/1956 3458/2670/3458 3461/2506/3461 1982/2505/1982
f 1958/2673/1958 3456/2662/3456 3460/2663/3460 1966/2676/1966
f 2004/2504/2004 3462/2503/3462 3459/2631/3459 1925/2634/1925
f 2209/2680/2209 3464/2667/3464 3458/2670/3458 1956/2681/1956
f 1966/2676/1966 3460/2663/3460 3457/2666/3457 1957/2677/1957
f 2013/2672/2013 3463/2659/3463 3456/2662/3456 1958/2673/1958
f 1925/2634/1925 3459/2631/3459 3455/2565/3455 1954/2552/1954
f 3436/2624/3436 3476/2621/3476 3454/2561/3454 1949/2548/1949
f 1954/2552/1954 3455/2565/3455 3452/2568/3452 1930/2553/1930
f 1949/2548/1949 3454/2561/3454 3451/2564/3451 1929/2549/1929
f 3402/2544/3402 3475/2557/3475 3453/2560/3453 1928/2545/1928
f 2002/2683/2002 3462/2503/3462 3461/2506/3461 1984/2688/1984
f 2017/2737/2017 2040/2970/2040 2180/2971/2180 2179/2974/2179
f 2043/2736/2043 2041/2733/2041 2040/2970/2040 2017/2737/2017
f 2043/2736/2043 3478/4061/3478 3479/4062/3479 2041/2733/2041
f 1704/2178/1704 3478/4061/3478 2043/2736/2043 2026/2714/2026
f 2041/2733/2041 3479/4062/3479 2217/2710/2217 1706/2128/1706
f 1705/2712/1705 3480/4063/3480 3477/4064/3477 1701/2177/1701
f 3477/4064/3477 3478/4061/3478 1704/2178/1704 1701/2177/1701
f 3480/4063/3480 3479/4062/3479 3478/4061/3478 3477/4064/3477
f 1705/2712/1705 2217/2710/2217 3479/4062/3479 3480/4063/3480
f 1807/2927/1807 2131/2892/2131 3241/2411/3241 3264/2410/3264
usemtl frost_bat_parts
f 3489/4065/3489 3494/4066/3494 3495/4067/3495 3492/4068/3492
f 3491/4069/3491 3496/4070/3496 3484/4071/3484 3482/4072/3482
f 3482/4073/3482 3484/4074/3484 3487/4075/3487 3486/4076/3486
f 3494/4066/3494 3501/4077/3501 3504/4078/3504 3495/4067/3495
f 3485/4079/3485 3486/4076/3486 3487/4075/3487 3488/4080/3488
f 3485/4081/3485 3488/4082/3488 3483/4083/3483 3481/4084/3481
f 3489/4065/3489 3490/4085/3490 3493/4086/3493 3494/4066/3494
f 3491/4069/3491 3492/4087/3492 3495/4088/3495 3496/4070/3496
f 3481/4084/3481 3483/4083/3483 3493/4089/3493 3490/4090/3490
f 3497/4091/3497 3501/4092/3501 3502/4093/3502 3499/4094/3499
f 3488/4082/3488 3497/4095/3497 3499/4096/3499 3483/4083/3483
f 3483/4083/3483 3499/4096/3499 3502/4097/3502 3493/4089/3493
f 3496/4070/3496 3503/4098/3503 3500/4099/3500 3484/4071/3484
f 3493/4086/3493 3502/4100/3502 3501/4077/3501 3494/4066/3494
f 3487/4075/3487 3498/4101/3498 3497/4102/3497 3488/4080/3488
f 3495/4088/3495 3504/4103/3504 3503/4098/3503 3496/4070/3496
f 3484/4074/3484 3500/4104/3500 3498/4101/3498 3487/4075/3487
f 3498/4105/3498 3504/4106/3504 3501/4092/3501 3497/4091/3497
f 3500/4107/3500 3503/4108/3503 3504/4106/3504 3498/4105/3498
f 3506/4109/3506 3511/4110/3511 3514/4111/3514
f 3506/4112/3506 3514/4113/3514 3513/4114/3513
f 3507/4115/3507 3517/4116/3517 3520/4117/3520
f 3508/4118/3508 3518/4119/3518 3519/4120/3519
f 3519/4121/3519 3518/4122/3518 3520/4117/3520
f 3518/4122/3518 3507/4115/3507 3520/4117/3520
f 3516/4123/3516 3508/4118/3508 3519/4120/3519
f 3513/4114/3513 3518/4119/3518 3508/4118/3508
f 3513/4114/3513 3514/4113/3514 3518/4119/3518
f 3514/4111/3514 3507/4124/3507 3518/4125/3518
f 3515/4126/3515 3517/4127/3517 3507/4124/3507
f 3512/4128/3512 3508/4118/3508 3516/4123/3516
f 3514/4111/3514 3515/4126/3515 3507/4124/3507
f 3514/4111/3514 3511/4110/3511 3515/4126/3515
f 3511/4110/3511 3505/4129/3505 3515/4126/3515
f 3512/4128/3512 3513/4114/3513 3508/4118/3508
f 3512/4128/3512 3509/4130/3509 3513/4114/3513
f 3509/4130/3509 3506/4112/3506 3513/4114/3513
f 3510/4131/3510 3511/4110/3511 3506/4109/3506
f 3509/4130/3509 3510/4132/3510 3506/4112/3506
f 3521/4133/3521 3525/4134/3525 3527/4135/3527 3523/4136/3523
f 3526/4137/3526 3522/4138/3522 3524/4139/3524 3528/4140/3528
f 3528/4141/3528 3524/4142/3524 3532/4143/3532 3531/4144/3531
f 3522/4145/3522 3521/4146/3521 3523/4147/3523 3524/4148/3524
f 3526/4149/3526 3525/4150/3525 3521/4151/3521 3522/4152/3522
f 3528/4153/3528 3527/4154/3527 3525/4155/3525 3526/4156/3526
f 3532/4157/3532 3529/4158/3529 3530/4159/3530 3531/4160/3531
f 3527/4154/3527 3528/4153/3528 3531/4161/3531 3530/4162/3530
f 3524/4148/3524 3523/4147/3523 3529/4163/3529 3532/4164/3532
f 3523/4165/3523 3527/4166/3527 3530/4167/3530 3529/4168/3529
f 3533/4169/3533 3537/4170/3537 3539/4171/3539 3535/4172/3535
f 3538/4173/3538 3534/4174/3534 3536/4175/3536 3540/4176/3540
f 3540/4177/3540 3536/4178/3536 3544/4179/3544 3543/4180/3543
f 3534/4181/3534 3533/4182/3533 3535/4183/3535 3536/4178/3536
f 3538/4184/3538 3537/4185/3537 3533/4186/3533 3534/4187/3534
f 3540/4188/3540 3539/4189/3539 3537/4190/3537 3538/4191/3538
f 3544/4192/3544 3541/4193/3541 3542/4194/3542 3543/4195/3543
f 3539/4189/3539 3540/4188/3540 3543/4196/3543 3542/4197/3542
f 3536/4178/3536 3535/4183/3535 3541/4198/3541 3544/4179/3544
f 3535/4199/3535 3539/4200/3539 3542/4201/3542 3541/4202/3541
f 3545/4203/3545 3549/4204/3549 3551/4205/3551 3547/4206/3547
f 3550/4207/3550 3546/4208/3546 3548/4209/3548 3552/4210/3552
f 3552/4211/3552 3548/4212/3548 3556/4213/3556 3555/4214/3555
f 3546/4215/3546 3545/4216/3545 3547/4217/3547 3548/4212/3548
f 3550/4218/3550 3549/4219/3549 3545/4220/3545 3546/4221/3546
f 3552/4222/3552 3551/4223/3551 3549/4224/3549 3550/4225/3550
f 3556/4226/3556 3553/4227/3553 3554/4228/3554 3555/4229/3555
f 3551/4223/3551 3552/4222/3552 3555/4230/3555 3554/4231/3554
f 3548/4212/3548 3547/4217/3547 3553/4232/3553 3556/4213/3556
f 3547/4233/3547 3551/4234/3551 3554/4235/3554 3553/4236/3553
f 3557/4237/3557 3561/4238/3561 3563/4239/3563 3559/4240/3559
f 3562/4241/3562 3558/4242/3558 3560/4243/3560 3564/4244/3564
f 3564/4245/3564 3560/4246/3560 3568/4247/3568 3567/4248/3567
f 3558/4249/3558 3557/4250/3557 3559/4251/3559 3560/4246/3560
f 3562/4252/3562 3561/4253/3561 3557/4254/3557 3558/4255/3558
f 3564/4256/3564 3563/4257/3563 3561/4258/3561 3562/4259/3562
f 3568/4260/3568 3565/4261/3565 3566/4262/3566 3567/4263/3567
f 3563/4257/3563 3564/4256/3564 3567/4264/3567 3566/4265/3566
f 3560/4246/3560 3559/4251/3559 3565/4266/3565 3568/4247/3568
f 3559/4267/3559 3563/4268/3563 3566/4269/3566 3565/4270/3565
f 3577/4271/3577 3580/4272/3580 3583/4273/3583 3582/4274/3582
f 3579/4275/3579 3570/4276/3570 3572/4277/3572 3584/4278/3584
f 3570/4276/3570 3574/4279/3574 3575/4280/3575 3572/4277/3572
f 3582/4274/3582 3583/4273/3583 3592/4281/3592 3589/4282/3589
f 3573/4283/3573 3576/4284/3576 3575/4285/3575 3574/4286/3574
f 3573/4283/3573 3569/4287/3569 3571/4288/3571 3576/4284/3576
f 3577/4289/3577 3582/4290/3582 3581/4291/3581 3578/4292/3578
f 3579/4293/3579 3584/4294/3584 3583/4273/3583 3580/4272/3580
f 3569/4295/3569 3578/4292/3578 3581/4291/3581 3571/4296/3571
f 3585/4297/3585 3587/4298/3587 3590/4299/3590 3589/4300/3589
f 3576/4284/3576 3571/4288/3571 3587/4301/3587 3585/4302/3585
f 3571/4296/3571 3581/4291/3581 3590/4303/3590 3587/4304/3587
f 3584/4278/3584 3572/4277/3572 3588/4305/3588 3591/4306/3591
f 3581/4291/3581 3582/4290/3582 3589/4307/3589 3590/4303/3590
f 3575/4285/3575 3576/4284/3576 3585/4302/3585 3586/4308/3586
f 3583/4273/3583 3584/4294/3584 3591/4309/3591 3592/4281/3592
f 3572/4277/3572 3575/4280/3575 3586/4310/3586 3588/4305/3588
f 3586/4311/3586 3585/4297/3585 3589/4300/3589 3592/4312/3592
f 3588/4313/3588 3586/4311/3586 3592/4312/3592 3591/4314/3591
f 3594/4315/3594 3602/4316/3602 3599/4317/3599
f 3594/4318/3594 3601/4319/3601 3602/4320/3602
f 3595/4321/3595 3608/4322/3608 3605/4323/3605
f 3596/4324/3596 3607/4325/3607 3606/4326/3606
f 3607/4325/3607 3608/4322/3608 3606/4326/3606
f 3606/4326/3606 3608/4322/3608 3595/4321/3595
f 3604/4327/3604 3607/4325/3607 3596/4324/3596
f 3601/4319/3601 3596/4328/3596 3606/4329/3606
f 3601/4319/3601 3606/4329/3606 3602/4320/3602
f 3602/4316/3602 3606/4330/3606 3595/4331/3595
f 3603/4332/3603 3595/4331/3595 3605/4333/3605
f 3600/4334/3600 3604/4335/3604 3596/4328/3596
f 3602/4316/3602 3595/4331/3595 3603/4332/3603
f 3602/4316/3602 3603/4332/3603 3599/4317/3599
f 3599/4317/3599 3603/4332/3603 3593/4336/3593
f 3600/4334/3600 3596/4328/3596 3601/4319/3601
f 3600/4334/3600 3601/4319/3601 3597/4337/3597
f 3597/4337/3597 3601/4319/3601 3594/4318/3594
f 3598/4338/3598 3594/4315/3594 3599/4317/3599
f 3597/4337/3597 3594/4318/3594 3598/4339/3598
f 3609/4340/3609 3611/4341/3611 3615/4342/3615 3613/4343/3613
f 3614/4344/3614 3616/4345/3616 3612/4346/3612 3610/4347/3610
f 3616/4348/3616 3619/4349/3619 3620/4350/3620 3612/4351/3612
f 3610/4352/3610 3612/4351/3612 3611/4353/3611 3609/4354/3609
f 3614/4355/3614 3610/4356/3610 3609/4357/3609 3613/4358/3613
f 3616/4359/3616 3614/4360/3614 3613/4361/3613 3615/4362/3615
f 3620/4363/3620 3619/4364/3619 3618/4365/3618 3617/4366/3617
f 3615/4362/3615 3618/4367/3618 3619/4368/3619 3616/4359/3616
f 3612/4351/3612 3620/4350/3620 3617/4369/3617 3611/4353/3611
f 3611/4370/3611 3617/4371/3617 3618/4367/3618 3615/4362/3615
f 3621/4372/3621 3623/4373/3623 3627/4374/3627 3625/4375/3625
f 3626/4376/3626 3628/4377/3628 3624/4378/3624 3622/4379/3622
f 3628/4380/3628 3631/4381/3631 3632/4382/3632 3624/4383/3624
f 3622/4384/3622 3624/4385/3624 3623/4386/3623 3621/4387/3621
f 3626/4388/3626 3622/4389/3622 3621/4390/3621 3625/4391/3625
f 3628/4392/3628 3626/4393/3626 3625/4394/3625 3627/4395/3627
f 3632/4396/3632 3631/4397/3631 3630/4398/3630 3629/4399/3629
f 3627/4395/3627 3630/4400/3630 3631/4401/3631 3628/4392/3628
f 3624/4402/3624 3632/4403/3632 3629/4404/3629 3623/4405/3623
f 3623/4406/3623 3629/4407/3629 3630/4400/3630 3627/4395/3627
f 3633/4408/3633 3635/4409/3635 3639/4410/3639 3637/4411/3637
f 3638/4412/3638 3640/4413/3640 3636/4414/3636 3634/4415/3634
f 3640/4416/3640 3643/4417/3643 3644/4418/3644 3636/4419/3636
f 3634/4420/3634 3636/4421/3636 3635/4422/3635 3633/4423/3633
f 3638/4424/3638 3634/4425/3634 3633/4426/3633 3637/4427/3637
f 3640/4428/3640 3638/4429/3638 3637/4430/3637 3639/4431/3639
f 3644/4432/3644 3643/4433/3643 3642/4434/3642 3641/4435/3641
f 3639/4431/3639 3642/4436/3642 3643/4437/3643 3640/4428/3640
f 3636/4438/3636 3644/4439/3644 3641/4440/3641 3635/4441/3635
f 3635/4442/3635 3641/4443/3641 3642/4436/3642 3639/4431/3639
f 3645/4444/3645 3647/4445/3647 3651/4446/3651 3649/4447/3649
f 3650/4448/3650 3652/4449/3652 3648/4450/3648 3646/4451/3646
f 3652/4452/3652 3655/4453/3655 3656/4454/3656 3648/4455/3648
f 3646/4456/3646 3648/4457/3648 3647/4458/3647 3645/4459/3645
f 3650/4460/3650 3646/4461/3646 3645/4462/3645 3649/4463/3649
f 3652/4464/3652 3650/4465/3650 3649/4466/3649 3651/4467/3651
f 3656/4468/3656 3655/4469/3655 3654/4470/3654 3653/4471/3653
f 3651/4467/3651 3654/4472/3654 3655/4473/3655 3652/4464/3652
f 3648/4474/3648 3656/4475/3656 3653/4476/3653 3647/4477/3647
f 3647/4478/3647 3653/4479/3653 3654/4472/3654 3651/4467/3651
f 3660/4480/3660 3659/4481/3659 3657/4482/3657 3658/4483/3658
f 3666/4484/3666 3658/4485/3658 3657/4486/3657 3668/4487/3668
f 3667/4488/3667 3668/4489/3668 3657/4482/3657 3659/4481/3659
f 3661/4490/3661 3663/4491/3663 3664/4492/3664 3662/4493/3662
f 3665/4494/3665 3666/4495/3666 3663/4491/3663 3661/4490/3661
f 3660/4496/3660 3658/4497/3658 3666/4498/3666 3665/4499/3665
f 3662/4500/3662 3664/4501/3664 3668/4502/3668 3667/4503/3667
f 3663/4504/3663 3666/4484/3666 3668/4487/3668 3664/4505/3664
f 3682/4506/3682 3681/4507/3681 3669/4508/3669 3670/4509/3670
f 3678/4510/3678 3670/4511/3670 3669/4512/3669 3680/4513/3680
f 3686/4514/3686 3680/4515/3680 3669/4516/3669 3681/4517/3681
f 3683/4518/3683 3675/4519/3675 3676/4520/3676 3684/4521/3684
f 3685/4522/3685 3678/4523/3678 3675/4524/3675 3683/4525/3683
f 3682/4526/3682 3670/4527/3670 3678/4523/3678 3685/4522/3685
f 3684/4528/3684 3676/4529/3676 3680/4515/3680 3686/4514/3686
f 3675/4530/3675 3678/4510/3678 3680/4513/3680 3676/4531/3676
f 3674/4532/3674 3684/4528/3684 3686/4514/3686 3679/4533/3679
f 3672/4534/3672 3682/4526/3682 3685/4522/3685 3677/4535/3677
f 3677/4535/3677 3685/4522/3685 3683/4525/3683 3673/4536/3673
f 3673/4537/3673 3683/4518/3683 3684/4521/3684 3674/4538/3674
f 3679/4533/3679 3686/4514/3686 3681/4517/3681 3671/4539/3671
f 3672/4540/3672 3671/4541/3671 3681/4507/3681 3682/4506/3682
f 3690/4542/3690 3689/4543/3689 3687/4544/3687 3688/4545/3688
f 3696/4546/3696 3688/4547/3688 3687/4548/3687 3698/4549/3698
f 3697/4550/3697 3698/4551/3698 3687/4552/3687 3689/4553/3689
f 3691/4554/3691 3693/4555/3693 3694/4556/3694 3692/4557/3692
f 3695/4558/3695 3696/4559/3696 3693/4560/3693 3691/4561/3691
f 3690/4562/3690 3688/4563/3688 3696/4559/3696 3695/4558/3695
f 3692/4557/3692 3694/4556/3694 3698/4564/3698 3697/4565/3697
f 3693/4566/3693 3696/4546/3696 3698/4549/3698 3694/4567/3694
f 3702/4568/3702 3701/4569/3701 3699/4570/3699 3700/4571/3700
f 3815/4572/3815 3816/4573/3816 3710/4574/3710 3709/4575/3709
f 3705/4576/3705 3700/4577/3700 3699/4578/3699 3706/4579/3706
f 3703/4580/3703 3705/4581/3705 3706/4582/3706 3704/4583/3704
f 3704/4584/3704 3706/4585/3706 3699/4586/3699 3701/4587/3701
f 3817/4588/3817 3714/4589/3714 3710/4590/3710 3816/4591/3816
f 3818/4592/3818 3713/4593/3713 3714/4594/3714 3817/4595/3817
f 3713/4596/3713 3709/4597/3709 3710/4598/3710 3714/4599/3714
f 3702/4600/3702 3700/4601/3700 3705/4602/3705 3703/4603/3703
f 3815/4604/3815 3709/4605/3709 3713/4606/3713 3818/4607/3818
f 3747/4608/3747 3748/4609/3748 3718/4610/3718 3717/4611/3717
f 3749/4612/3749 3722/4613/3722 3718/4614/3718 3748/4615/3748
f 3750/4616/3750 3721/4617/3721 3722/4618/3722 3749/4619/3749
f 3721/4620/3721 3717/4621/3717 3718/4622/3718 3722/4623/3722
f 3747/4624/3747 3717/4625/3717 3721/4626/3721 3750/4627/3750
f 3739/4628/3739 3740/4629/3740 3726/4630/3726 3725/4631/3725
f 3741/4632/3741 3730/4633/3730 3726/4634/3726 3740/4635/3740
f 3742/4636/3742 3729/4637/3729 3730/4638/3730 3741/4639/3741
f 3729/4640/3729 3725/4641/3725 3726/4642/3726 3730/4643/3730
f 3739/4644/3739 3725/4645/3725 3729/4646/3729 3742/4647/3742
f 3731/4648/3731 3732/4649/3732 3734/4650/3734 3733/4651/3733
f 3736/4652/3736 3738/4653/3738 3734/4654/3734 3732/4655/3732
f 3735/4656/3735 3737/4657/3737 3738/4658/3738 3736/4659/3736
f 3737/4660/3737 3733/4661/3733 3734/4662/3734 3738/4663/3738
f 3731/4664/3731 3733/4665/3733 3737/4666/3737 3735/4667/3735
f 3723/4668/3723 3739/4644/3739 3742/4647/3742 3727/4669/3727
f 3727/4670/3727 3742/4636/3742 3741/4639/3741 3728/4671/3728
f 3728/4672/3728 3741/4632/3741 3740/4635/3740 3724/4673/3724
f 3723/4674/3723 3724/4675/3724 3740/4629/3740 3739/4628/3739
f 3732/4649/3732 3731/4648/3731 3743/4676/3743 3744/4677/3744
f 3736/4652/3736 3732/4655/3732 3744/4678/3744 3746/4679/3746
f 3731/4664/3731 3735/4667/3735 3745/4680/3745 3743/4681/3743
f 3735/4656/3735 3736/4659/3736 3746/4682/3746 3745/4683/3745
f 3715/4684/3715 3747/4624/3747 3750/4627/3750 3719/4685/3719
f 3719/4686/3719 3750/4616/3750 3749/4619/3749 3720/4687/3720
f 3720/4688/3720 3749/4612/3749 3748/4615/3748 3716/4689/3716
f 3715/4690/3715 3716/4691/3716 3748/4609/3748 3747/4608/3747
f 3754/4692/3754 3753/4693/3753 3751/4694/3751 3752/4695/3752
f 3760/4696/3760 3752/4697/3752 3751/4698/3751 3762/4699/3762
f 3761/4700/3761 3762/4701/3762 3751/4702/3751 3753/4703/3753
f 3755/4704/3755 3757/4705/3757 3758/4706/3758 3756/4707/3756
f 3759/4708/3759 3760/4709/3760 3757/4710/3757 3755/4711/3755
f 3754/4712/3754 3752/4713/3752 3760/4709/3760 3759/4708/3759
f 3756/4714/3756 3758/4715/3758 3762/4701/3762 3761/4700/3761
f 3757/4716/3757 3760/4696/3760 3762/4699/3762 3758/4717/3758
f 3766/4718/3766 3765/4719/3765 3763/4720/3763 3764/4721/3764
f 3771/4722/3771 3772/4723/3772 3774/4724/3774 3773/4725/3773
f 3769/4726/3769 3764/4727/3764 3763/4728/3763 3770/4729/3770
f 3767/4730/3767 3769/4731/3769 3770/4732/3770 3768/4733/3768
f 3768/4734/3768 3770/4735/3770 3763/4736/3763 3765/4737/3765
f 3776/4738/3776 3778/4739/3778 3774/4740/3774 3772/4741/3772
f 3775/4742/3775 3777/4743/3777 3778/4744/3778 3776/4745/3776
f 3777/4746/3777 3773/4747/3773 3774/4748/3774 3778/4749/3778
f 3766/4750/3766 3764/4751/3764 3769/4752/3769 3767/4753/3767
f 3771/4754/3771 3773/4755/3773 3777/4756/3777 3775/4757/3775
f 3811/4758/3811 3812/4759/3812 3782/4760/3782 3781/4761/3781
f 3813/4762/3813 3786/4763/3786 3782/4764/3782 3812/4765/3812
f 3814/4766/3814 3785/4767/3785 3786/4768/3786 3813/4769/3813
f 3785/4770/3785 3781/4771/3781 3782/4772/3782 3786/4773/3786
f 3811/4774/3811 3781/4775/3781 3785/4776/3785 3814/4777/3814
f 3803/4778/3803 3804/4779/3804 3790/4780/3790 3789/4781/3789
f 3805/4782/3805 3794/4783/3794 3790/4784/3790 3804/4785/3804
f 3806/4786/3806 3793/4787/3793 3794/4788/3794 3805/4789/3805
f 3793/4790/3793 3789/4791/3789 3790/4792/3790 3794/4793/3794
f 3803/4794/3803 3789/4795/3789 3793/4796/3793 3806/4797/3806
f 3795/4798/3795 3796/4799/3796 3798/4800/3798 3797/4801/3797
f 3800/4802/3800 3802/4803/3802 3798/4804/3798 3796/4805/3796
f 3799/4806/3799 3801/4807/3801 3802/4808/3802 3800/4809/3800
f 3801/4810/3801 3797/4811/3797 3798/4812/3798 3802/4813/3802
f 3795/4814/3795 3797/4815/3797 3801/4816/3801 3799/4817/3799
f 3787/4818/3787 3803/4778/3803 3806/4786/3806 3791/4819/3791
f 3791/4819/3791 3806/4786/3806 3805/4789/3805 3792/4820/3792
f 3792/4821/3792 3805/4782/3805 3804/4785/3804 3788/4822/3788
f 3787/4818/3787 3788/4823/3788 3804/4779/3804 3803/4778/3803
f 3796/4799/3796 3795/4798/3795 3807/4824/3807 3808/4825/3808
f 3800/4802/3800 3796/4805/3796 3808/4826/3808 3810/4827/3810
f 3795/4814/3795 3799/4817/3799 3809/4828/3809 3807/4829/3807
f 3799/4806/3799 3800/4809/3800 3810/4830/3810 3809/4831/3809
f 3779/4832/3779 3811/4774/3811 3814/4777/3814 3783/4833/3783
f 3783/4834/3783 3814/4766/3814 3813/4769/3813 3784/4835/3784
f 3784/4836/3784 3813/4762/3813 3812/4765/3812 3780/4837/3780
f 3779/4838/3779 3780/4839/3780 3812/4759/3812 3811/4758/3811
f 3707/4840/3707 3815/4604/3815 3818/4607/3818 3711/4841/3711
f 3711/4842/3711 3818/4592/3818 3817/4595/3817 3712/4843/3712
f 3712/4844/3712 3817/4588/3817 3816/4591/3816 3708/4845/3708
f 3707/4846/3707 3708/4847/3708 3816/4573/3816 3815/4572/3815
f 3822/4848/3822 3821/4849/3821 3819/4850/3819 3820/4851/3820
f 3828/4852/3828 3820/4853/3820 3819/4854/3819 3830/4855/3830
f 3829/4856/3829 3830/4857/3830 3819/4850/3819 3821/4849/3821
f 3823/4858/3823 3825/4859/3825 3826/4860/3826 3824/4861/3824
f 3827/4862/3827 3828/4863/3828 3825/4859/3825 3823/4858/3823
f 3822/4864/3822 3820/4865/3820 3828/4866/3828 3827/4867/3827
f 3824/4868/3824 3826/4869/3826 3830/4870/3830 3829/4871/3829
f 3825/4872/3825 3828/4852/3828 3830/4855/3830 3826/4873/3826
f 3834/4480/3834 3832/4483/3832 3831/4482/3831 3833/4481/3833
f 3840/4484/3840 3842/4487/3842 3831/4486/3831 3832/4485/3832
f 3841/4488/3841 3833/4481/3833 3831/4482/3831 3842/4489/3842
f 3835/4490/3835 3836/4493/3836 3838/4492/3838 3837/4491/3837
f 3839/4494/3839 3835/4490/3835 3837/4491/3837 3840/4495/3840
f 3834/4496/3834 3839/4499/3839 3840/4498/3840 3832/4497/3832
f 3836/4500/3836 3841/4503/3841 3842/4502/3842 3838/4501/3838
f 3837/4504/3837 3838/4505/3838 3842/4487/3842 3840/4484/3840
f 3856/4506/3856 3844/4509/3844 3843/4508/3843 3855/4507/3855
f 3852/4510/3852 3854/4513/3854 3843/4512/3843 3844/4511/3844
f 3860/4514/3860 3855/4517/3855 3843/4516/3843 3854/4515/3854
f 3857/4518/3857 3858/4521/3858 3850/4520/3850 3849/4519/3849
f 3859/4522/3859 3857/4525/3857 3849/4524/3849 3852/4523/3852
f 3856/4526/3856 3859/4522/3859 3852/4523/3852 3844/4527/3844
f 3858/4528/3858 3860/4514/3860 3854/4515/3854 3850/4529/3850
f 3849/4530/3849 3850/4531/3850 3854/4513/3854 3852/4510/3852
f 3848/4532/3848 3853/4533/3853 3860/4514/3860 3858/4528/3858
f 3846/4534/3846 3851/4535/3851 3859/4522/3859 3856/4526/3856
f 3851/4535/3851 3847/4536/3847 3857/4525/3857 3859/4522/3859
f 3847/4537/3847 3848/4538/3848 3858/4521/3858 3857/4518/3857
f 3853/4533/3853 3845/4539/3845 3855/4517/3855 3860/4514/3860
f 3846/4540/3846 3856/4506/3856 3855/4507/3855 3845/4541/3845
f 3864/4542/3864 3862/4545/3862 3861/4544/3861 3863/4543/3863
f 3870/4546/3870 3872/4549/3872 3861/4548/3861 3862/4547/3862
f 3871/4550/3871 3863/4553/3863 3861/4552/3861 3872/4551/3872
f 3865/4554/3865 3866/4557/3866 3868/4556/3868 3867/4555/3867
f 3869/4558/3869 3865/4561/3865 3867/4560/3867 3870/4559/3870
f 3864/4562/3864 3869/4558/3869 3870/4559/3870 3862/4563/3862
f 3866/4557/3866 3871/4565/3871 3872/4564/3872 3868/4556/3868
f 3867/4566/3867 3868/4567/3868 3872/4549/3872 3870/4546/3870
f 3876/4568/3876 3874/4571/3874 3873/4570/3873 3875/4569/3875
f 3989/4572/3989 3883/4575/3883 3884/4574/3884 3990/4573/3990
f 3879/4576/3879 3880/4579/3880 3873/4578/3873 3874/4577/3874
f 3877/4580/3877 3878/4583/3878 3880/4582/3880 3879/4581/3879
f 3878/4584/3878 3875/4587/3875 3873/4586/3873 3880/4585/3880
f 3991/4588/3991 3990/4591/3990 3884/4590/3884 3888/4589/3888
f 3992/4592/3992 3991/4595/3991 3888/4594/3888 3887/4593/3887
f 3887/4596/3887 3888/4599/3888 3884/4598/3884 3883/4597/3883
f 3876/4600/3876 3877/4603/3877 3879/4602/3879 3874/4601/3874
f 3989/4604/3989 3992/4607/3992 3887/4606/3887 3883/4605/3883
f 3921/4608/3921 3891/4611/3891 3892/4610/3892 3922/4609/3922
f 3923/4612/3923 3922/4615/3922 3892/4614/3892 3896/4613/3896
f 3924/4616/3924 3923/4619/3923 3896/4618/3896 3895/4617/3895
f 3895/4620/3895 3896/4623/3896 3892/4622/3892 3891/4621/3891
f 3921/4624/3921 3924/4627/3924 3895/4626/3895 3891/4625/3891
f 3913/4628/3913 3899/4631/3899 3900/4630/3900 3914/4629/3914
f 3915/4632/3915 3914/4635/3914 3900/4634/3900 3904/4633/3904
f 3916/4636/3916 3915/4639/3915 3904/4638/3904 3903/4637/3903
f 3903/4640/3903 3904/4643/3904 3900/4642/3900 3899/4641/3899
f 3913/4644/3913 3916/4647/3916 3903/4646/3903 3899/4645/3899
f 3905/4648/3905 3907/4651/3907 3908/4650/3908 3906/4649/3906
f 3910/4652/3910 3906/4655/3906 3908/4654/3908 3912/4653/3912
f 3909/4656/3909 3910/4659/3910 3912/4658/3912 3911/4657/3911
f 3911/4660/3911 3912/4663/3912 3908/4662/3908 3907/4661/3907
f 3905/4664/3905 3909/4667/3909 3911/4666/3911 3907/4665/3907
f 3897/4668/3897 3901/4669/3901 3916/4647/3916 3913/4644/3913
f 3901/4670/3901 3902/4671/3902 3915/4639/3915 3916/4636/3916
f 3902/4672/3902 3898/4673/3898 3914/4635/3914 3915/4632/3915
f 3897/4674/3897 3913/4628/3913 3914/4629/3914 3898/4675/3898
f 3906/4649/3906 3918/4677/3918 3917/4676/3917 3905/4648/3905
f 3910/4652/3910 3920/4679/3920 3918/4678/3918 3906/4655/3906
f 3905/4664/3905 3917/4681/3917 3919/4680/3919 3909/4667/3909
f 3909/4656/3909 3919/4683/3919 3920/4682/3920 3910/4659/3910
f 3889/4684/3889 3893/4685/3893 3924/4627/3924 3921/4624/3921
f 3893/4686/3893 3894/4687/3894 3923/4619/3923 3924/4616/3924
f 3894/4688/3894 3890/4689/3890 3922/4615/3922 3923/4612/3923
f 3889/4690/3889 3921/4608/3921 3922/4609/3922 3890/4691/3890
f 3928/4692/3928 3926/4695/3926 3925/4694/3925 3927/4693/3927
f 3934/4696/3934 3936/4699/3936 3925/4698/3925 3926/4697/3926
f 3935/4700/3935 3927/4703/3927 3925/4702/3925 3936/4701/3936
f 3929/4704/3929 3930/4707/3930 3932/4706/3932 3931/4705/3931
f 3933/4708/3933 3929/4711/3929 3931/4710/3931 3934/4709/3934
f 3928/4712/3928 3933/4708/3933 3934/4709/3934 3926/4713/3926
f 3930/4714/3930 3935/4700/3935 3936/4701/3936 3932/4715/3932
f 3931/4716/3931 3932/4717/3932 3936/4699/3936 3934/4696/3934
f 3940/4718/3940 3938/4721/3938 3937/4720/3937 3939/4719/3939
f 3945/4722/3945 3947/4725/3947 3948/4724/3948 3946/4723/3946
f 3943/4726/3943 3944/4729/3944 3937/4728/3937 3938/4727/3938
f 3941/4730/3941 3942/4733/3942 3944/4732/3944 3943/4731/3943
f 3942/4734/3942 3939/4737/3939 3937/4736/3937 3944/4735/3944
f 3950/4738/3950 3946/4741/3946 3948/4740/3948 3952/4739/3952
f 3949/4742/3949 3950/4745/3950 3952/4744/3952 3951/4743/3951
f 3951/4746/3951 3952/4749/3952 3948/4748/3948 3947/4747/3947
f 3940/4750/3940 3941/4753/3941 3943/4752/3943 3938/4751/3938
f 3945/4754/3945 3949/4757/3949 3951/4756/3951 3947/4755/3947
f 3985/4758/3985 3955/4761/3955 3956/4760/3956 3986/4759/3986
f 3987/4762/3987 3986/4765/3986 3956/4764/3956 3960/4763/3960
f 3988/4766/3988 3987/4769/3987 3960/4768/3960 3959/4767/3959
f 3959/4770/3959 3960/4773/3960 3956/4772/3956 3955/4771/3955
f 3985/4774/3985 3988/4777/3988 3959/4776/3959 3955/4775/3955
f 3977/4778/3977 3963/4781/3963 3964/4780/3964 3978/4779/3978
f 3979/4782/3979 3978/4785/3978 3964/4784/3964 3968/4783/3968
f 3980/4786/3980 3979/4789/3979 3968/4788/3968 3967/4787/3967
f 3967/4790/3967 3968/4793/3968 3964/4792/3964 3963/4791/3963
f 3977/4794/3977 3980/4797/3980 3967/4796/3967 3963/4795/3963
f 3969/4798/3969 3971/4801/3971 3972/4800/3972 3970/4799/3970
f 3974/4802/3974 3970/4805/3970 3972/4804/3972 3976/4803/3976
f 3973/4806/3973 3974/4809/3974 3976/4808/3976 3975/4807/3975
f 3975/4810/3975 3976/4813/3976 3972/4812/3972 3971/4811/3971
f 3969/4814/3969 3973/4817/3973 3975/4816/3975 3971/4815/3971
f 3961/4818/3961 3965/4819/3965 3980/4786/3980 3977/4778/3977
f 3965/4819/3965 3966/4820/3966 3979/4789/3979 3980/4786/3980
f 3966/4821/3966 3962/4822/3962 3978/4785/3978 3979/4782/3979
f 3961/4818/3961 3977/4778/3977 3978/4779/3978 3962/4823/3962
f 3970/4799/3970 3982/4825/3982 3981/4824/3981 3969/4798/3969
f 3974/4802/3974 3984/4827/3984 3982/4826/3982 3970/4805/3970
f 3969/4814/3969 3981/4829/3981 3983/4828/3983 3973/4817/3973
f 3973/4806/3973 3983/4831/3983 3984/4830/3984 3974/4809/3974
f 3953/4832/3953 3957/4833/3957 3988/4777/3988 3985/4774/3985
f 3957/4834/3957 3958/4835/3958 3987/4769/3987 3988/4766/3988
f 3958/4836/3958 3954/4837/3954 3986/4765/3986 3987/4762/3987
f 3953/4838/3953 3985/4758/3985 3986/4759/3986 3954/4839/3954
f 3881/4840/3881 3885/4841/3885 3992/4607/3992 3989/4604/3989
f 3885/4842/3885 3886/4843/3886 3991/4595/3991 3992/4592/3992
f 3886/4844/3886 3882/4845/3882 3990/4591/3990 3991/4588/3991
f 3881/4846/3881 3989/4572/3989 3990/4573/3990 3882/4847/3882
f 3996/4848/3996 3994/4851/3994 3993/4850/3993 3995/4849/3995
f 4002/4852/4002 4004/4855/4004 3993/4854/3993 3994/4853/3994
f 4003/4856/4003 3995/4849/3995 3993/4850/3993 4004/4857/4004
f 3997/4858/3997 3998/4861/3998 4000/4860/4000 3999/4859/3999
f 4001/4862/4001 3997/4858/3997 3999/4859/3999 4002/4863/4002
f 3996/4864/3996 4001/4867/4001 4002/4866/4002 3994/4865/3994
f 3998/4868/3998 4003/4871/4003 4004/4870/4004 4000/4869/4000
f 3999/4872/3999 4000/4873/4000 4004/4855/4004 4002/4852/4002
